landmark_id,target_id,exact_distance_m,dist_level,azimuth_deg,direction_8,direction_16,topology_type,combo_class,is_ambiguous,road_name,landmark_name,landmark_address,target_name,target_address,poi_count,max_keep
252,249,0.882230281512268,VeryClose,231.544971296105,Southwest,Southwest,Coincident,Implicit,f,,,,,,30,3
693,688,0.278976227306293,VeryClose,247.498392871486,Southwest,Southwest,Coincident,Implicit,t,,,,,,3,3
2261,1987,0,VeryClose,,,,Coincident,Implicit,f,,,,,,32,3
8657,10820,0,VeryClose,,,,Coincident,Implicit,f,,,,,,84,4
32,17,10.7786050246239,VeryClose,183.29124473864,South,South,Abutting,Implicit,f,,,,,,12,3
194,168,22.2975242624732,VeryClose,22.694594947426,Northeast,NorthNortheast,Abutting,Implicit,f,,,,,,44,3
263,318,9.44125203342962,VeryClose,282.086005296193,West,WestNorthwest,Abutting,Implicit,f,,,,,,24,3
328,297,11.434844161134,VeryClose,48.4487579401333,Northeast,Northeast,Abutting,Implicit,f,,,,,,37,3
342,151,10.9632145797968,VeryClose,236.564977014538,Southwest,WestSouthwest,Abutting,Implicit,f,,,,,,87,4
342,187,29.4331295117359,VeryClose,199.229131354648,South,SouthSouthwest,Abutting,Implicit,f,,,,,,87,4
342,452,11.9091625730976,VeryClose,242.021234361574,Southwest,WestSouthwest,Abutting,Implicit,f,,,,,,87,4
342,97,10.8496856180707,VeryClose,164.466946766292,South,SouthSoutheast,Abutting,Implicit,f,,,,,,87,4
402,448,28.0588645363246,VeryClose,127.879493026018,Southeast,Southeast,Abutting,Implicit,f,,,,,,5,3
598,600,18.2208814725417,VeryClose,329.436449239833,Northwest,NorthNorthwest,Abutting,Implicit,f,,,,,,5,3
772,573,25.1816729322613,VeryClose,79.9179292516916,East,East,Abutting,Implicit,f,,,,,,7,3
811,809,6.49497355416904,VeryClose,236.525410512376,Southwest,WestSouthwest,Abutting,Implicit,f,,,,,,2,3
1147,1150,8.43644649868476,VeryClose,190.019688113898,South,South,Abutting,Implicit,f,,,,,,1,3
1172,1171,16.5795242850064,VeryClose,222.547274287776,Southwest,Southwest,Abutting,Implicit,t,,,,,,35,3
1555,1606,9.82164824952866,VeryClose,124.800210370756,Southeast,Southeast,Abutting,Implicit,f,,,,,,8,3
1990,1939,7.77958741325241,VeryClose,22.47586447874,North,NorthNortheast,Abutting,Implicit,t,,,,,,41,3
2210,1812,14.0599631960326,VeryClose,200.462926047185,South,SouthSouthwest,Abutting,Implicit,t,,,,,,16,3
2236,1993,11.427258429712,VeryClose,169.384116943477,South,South,Abutting,Implicit,f,,,,,,52,4
5491,6085,9.350273121204,VeryClose,220.287083443298,Southwest,Southwest,Abutting,Implicit,f,,,,,,18,3
5777,11084,18.6074580888807,VeryClose,205.677015570277,Southwest,SouthSouthwest,Abutting,Implicit,f,,,,,,7,3
5777,6515,26.8379566804429,VeryClose,56.2177507068304,Northeast,Northeast,Abutting,Implicit,f,,,,,,7,3
6196,9381,1.0541786611363,VeryClose,199.491331266478,South,SouthSouthwest,Abutting,Implicit,f,,,,,,43,3
6196,9218,5.30211214344383,VeryClose,114.296744649535,Southeast,EastSoutheast,Abutting,Implicit,f,,,,,,43,3
7695,12641,2.47891870882247,VeryClose,27.3887124519828,Northeast,NorthNortheast,Abutting,Implicit,f,,,,,,87,4
9160,10742,13.2095650169518,VeryClose,278.930684904666,West,West,Abutting,Implicit,f,,,,,,1,3
9287,9275,20.4943471421282,VeryClose,348.09632585215,North,NorthNorthwest,Abutting,Implicit,f,,,,,,7,3
9428,9857,16.5192818121633,VeryClose,149.376041100367,Southeast,SouthSoutheast,Abutting,Implicit,f,,,,,,1,3
9531,8394,20.9377236481062,VeryClose,233.975968852201,Southwest,Southwest,Abutting,Implicit,f,,,,,,12,3
9573,11915,24.3905754884219,VeryClose,224.777057119865,Southwest,Southwest,Abutting,Implicit,t,,,,,,2,3
9593,9229,25.2206942187682,VeryClose,122.063187255197,Southeast,EastSoutheast,Abutting,Implicit,f,,,,,,33,3
9593,9620,18.5365576438952,VeryClose,59.7743539347936,Northeast,EastNortheast,Abutting,Implicit,f,,,,,,33,3
9636,11948,24.4214030115524,VeryClose,1.49111976781173,North,North,Abutting,Implicit,f,,,,,,6,3
9767,8761,22.0380581421191,VeryClose,59.327188939152,Northeast,EastNortheast,Abutting,Implicit,f,,,,,,7,3
10356,10875,14.2864086746531,VeryClose,148.639988285667,Southeast,SouthSoutheast,Abutting,Implicit,f,,,,,,4,3
10356,13537,29.8754271530598,VeryClose,117.71698519088,Southeast,EastSoutheast,Abutting,Implicit,f,,,,,,4,3
10432,11343,26.8690383552094,VeryClose,199.719193502423,South,SouthSouthwest,Abutting,Implicit,f,,,,,,10,3
10705,10938,20.0433373788173,VeryClose,266.73910344081,West,West,Abutting,Implicit,f,,,,,,2,3
10712,13422,19.6701888636513,VeryClose,236.90454227525,Southwest,WestSouthwest,Abutting,Implicit,f,,,,,,39,3
10889,10324,3.40805683193956,VeryClose,209.039767466825,Southwest,SouthSouthwest,Abutting,Implicit,f,,,,,,136,6
10889,13536,28.662993700826,VeryClose,141.356456101988,Southeast,Southeast,Abutting,Implicit,f,,,,,,136,6
10920,10875,2.1911473399478,VeryClose,345.03162341059,North,NorthNorthwest,Abutting,Implicit,f,,,,,,4,3
10920,13537,18.4514111130791,VeryClose,88.692678821055,East,East,Abutting,Implicit,t,,,,,,4,3
10921,10447,15.01550313803,VeryClose,278.848311749381,West,West,Abutting,Implicit,f,,,,,,12,3
10962,9737,14.8278725401242,VeryClose,26.6934184071012,Northeast,NorthNortheast,Abutting,Implicit,f,,,,,,7,3
10989,10870,23.2238397129543,VeryClose,349.251554767296,North,North,Abutting,Implicit,f,,,,,,13,3
11190,11973,11.4331592048744,VeryClose,1.46322296232855,North,North,Abutting,Implicit,f,,,,,,37,3
11363,11424,6.01300869498436,VeryClose,203.286044939582,Southwest,SouthSouthwest,Abutting,Implicit,f,,,,,,11,3
11794,6535,28.8248039259611,VeryClose,5.02432933518546,North,North,Abutting,Implicit,f,,,,,,32,3
12039,12542,9.79750775680381,VeryClose,171.113955920656,South,South,Abutting,Implicit,f,,,,,,9,3
12486,11642,13.5792891305572,VeryClose,4.94170582381892,North,North,Abutting,Implicit,f,,,,,,21,3
13267,13259,14.0634129805711,VeryClose,263.403041084418,West,West,Abutting,Implicit,f,,,,,,4,3
14602,15129,10.9314248770981,VeryClose,332.477387453323,Northwest,NorthNorthwest,Abutting,Implicit,f,,,,,,71,4
14605,14600,25.1852007157173,VeryClose,229.730485674641,Southwest,Southwest,Abutting,Implicit,f,,,,,,35,3
14701,14691,1.00253283695935,VeryClose,355.590369487495,North,North,Abutting,Implicit,f,,,,,,41,3
24396,34890,9.28640855186773,VeryClose,191.634725557092,South,SouthSouthwest,Abutting,Implicit,f,,,,,,21,3
24607,35354,11.5388518790124,VeryClose,169.017411588303,South,South,Abutting,Implicit,f,,,,,,21,3
25518,27659,27.8732476039835,VeryClose,11.6820924555483,North,NorthNortheast,Abutting,Implicit,f,,,,,,39,3
25518,25107,27.3347197084973,VeryClose,90.4434310122178,East,East,Abutting,Implicit,f,,,,,,39,3
26273,35678,22.8177673042138,VeryClose,41.0727541790704,Northeast,Northeast,Abutting,Implicit,f,,,,,,2,3
26302,24393,8.87884729931165,VeryClose,358.155165013497,North,North,Abutting,Implicit,t,,,,,,25,3
26704,30062,14.9545280751387,VeryClose,334.84777816549,Northwest,NorthNorthwest,Abutting,Implicit,f,,,,,,80,4
27656,34349,27.8034041084314,VeryClose,18.9531521404087,North,NorthNortheast,Abutting,Implicit,f,,,,,,25,3
28581,28590,3.97313176650152,VeryClose,347.832238098273,North,NorthNorthwest,Abutting,Implicit,f,,,,,,16,3
28585,28614,7.02750932650281,VeryClose,265.753157712985,West,West,Abutting,Implicit,f,,,,,,2,3
28595,33798,19.6221656734959,VeryClose,282.427469196827,West,WestNorthwest,Abutting,Implicit,f,,,,,,2,3
18,350,97.6562408261608,Close,312.298880835128,Northwest,Northwest,Intersection,Implicit,f,大灰厂路,,,,,47,3
18,379,97.6562408261608,Close,312.298880835128,Northwest,Northwest,Intersection,Implicit,f,大灰厂路,,,,,47,3
18,371,97.7242070070071,Close,310.968479336264,Northwest,Northwest,Intersection,Implicit,f,大灰厂路,,,,,47,3
18,455,82.1569805867215,Close,285.492724101782,West,WestNorthwest,Intersection,Implicit,f,大灰厂路,,,,,47,3
18,454,78.6387725353731,Close,282.92743712109,West,WestNorthwest,Intersection,Implicit,f,大灰厂路,,,,,47,3
18,98,145.93741397329,Close,293.883662526892,Northwest,WestNorthwest,Intersection,Implicit,f,大灰厂路,,,,,47,3
18,428,127.577794024256,Close,292.07900656922,West,WestNorthwest,Intersection,Implicit,t,大灰厂路,,,,,47,3
18,20,489.822389062918,Medium,285.397233291421,West,WestNorthwest,Intersection,Implicit,f,大灰厂路,,,,,47,3
18,235,449.86666805878,Medium,288.941097084863,West,WestNorthwest,Intersection,Implicit,f,大灰厂路,,,,,47,3
18,392,380.782709814456,Medium,134.992400363523,Southeast,Southeast,Intersection,Implicit,t,大灰厂路,,,,,47,3
29,523,691.744223209639,Far,173.611597888677,South,South,Intersection,Implicit,f,园博园南路,,,,,45,3
31,258,422.061963087981,Medium,99.2620912339431,East,East,Intersection,Implicit,f,长兴路,,,,,30,3
31,525,880.636004331086,Far,269.351607150332,West,West,Intersection,Implicit,t,长兴路,,,,,30,3
136,258,855.066185222134,Far,9.84361266687197,North,North,Intersection,Implicit,f,长兴路,,,,,23,3
137,257,699.044102362609,Far,148.045893262386,Southeast,SouthSoutheast,Intersection,Implicit,f,芦井路,,,,,28,3
137,530,435.107317027255,Medium,54.0884178856693,Northeast,Northeast,Intersection,Implicit,f,"",,,,,28,3
137,13252,519.418635784126,Far,42.516086203981,Northeast,Northeast,Intersection,Implicit,t,"",,,,,28,3
137,13248,522.686665451855,Far,41.1338814210113,Northeast,Northeast,Intersection,Implicit,f,"",,,,,28,3
137,9555,511.36143400313,Far,25.6049222377731,Northeast,NorthNortheast,Intersection,Implicit,f,"",,,,,28,3
137,13148,676.899204884455,Far,32.0359591362385,Northeast,NorthNortheast,Intersection,Implicit,f,"",,,,,28,3
137,13124,872.077534027166,Far,313.045228777595,Northwest,Northwest,Intersection,Implicit,t,卧龙岗桥,,,,,28,3
137,13302,895.712711877367,Far,303.341581464408,Northwest,WestNorthwest,Intersection,Implicit,f,西六环,,,,,28,3
142,526,893.458681886555,Far,250.786557550121,West,WestSouthwest,Intersection,Implicit,f,"",,,,,16,3
194,193055,735.68686801295,Far,184.786686280648,South,South,Intersection,Implicit,f,大灰厂路,,,,,44,3
194,180203,976.031144408123,Far,146.097211460803,Southeast,Southeast,Intersection,Implicit,f,王佐路,,,,,44,3
195,193055,766.986904933777,Far,182.080428204442,South,South,Intersection,Implicit,f,大灰厂路,,,,,41,3
201,421,959.771341231206,Far,39.6569130573332,Northeast,Northeast,Intersection,Implicit,f,射击场路,,,,,48,3
201,68,364.827533130258,Medium,89.4203769918066,East,East,Intersection,Implicit,t,大灰厂东路,,,,,48,3
201,90,369.115315524563,Medium,89.4318776067096,East,East,Intersection,Implicit,t,大灰厂东路,,,,,48,3
201,50,357.122035715861,Medium,88.7756088790773,East,East,Intersection,Implicit,t,大灰厂东路,,,,,48,3
201,78,348.387464667154,Medium,90.0855759876759,East,East,Intersection,Implicit,f,大灰厂东路,,,,,48,3
201,254,345.632908426546,Medium,90.4141617398023,East,East,Intersection,Implicit,f,大灰厂东路,,,,,48,3
204,393,494.07352254732,Medium,188.832364018346,South,South,Intersection,Implicit,f,沙羊路,,,,,11,3
223,393,964.512452731266,Far,126.159336991164,Southeast,Southeast,Intersection,Implicit,f,沙羊路,,,,,4,3
252,508,443.072936207674,Medium,328.190969672658,Northwest,NorthNorthwest,Intersection,Implicit,f,"",,,,,30,3
252,519,605.713209336839,Far,337.726180171125,North,NorthNorthwest,Intersection,Implicit,f,"",,,,,30,3
252,510,756.464401065609,Far,344.905900102548,North,NorthNorthwest,Intersection,Implicit,f,"",,,,,30,3
252,522,698.137996703453,Far,331.538064062418,Northwest,NorthNorthwest,Intersection,Implicit,f,沙羊路,,,,,30,3
252,511,536.432536197105,Far,322.459082284042,Northwest,Northwest,Intersection,Implicit,f,"",,,,,30,3
252,531,567.361566797961,Far,341.928936207636,North,NorthNorthwest,Intersection,Implicit,f,千灵山桥,,,,,30,3
252,109,488.799823618745,Medium,350.814454394768,North,North,Intersection,Implicit,f,沙羊路,,,,,30,3
252,512,715.754575803008,Far,351.214885477797,North,North,Intersection,Implicit,f,"",,,,,30,3
252,36,505.096472895485,Far,356.204335206529,North,North,Intersection,Implicit,f,沙羊路,,,,,30,3
252,115,644.959202121962,Far,22.4899372606161,North,NorthNortheast,Intersection,Implicit,t,大灰厂路,,,,,30,3
252,518,669.737935477351,Far,26.0940144741528,Northeast,NorthNortheast,Intersection,Implicit,f,大灰厂路,,,,,30,3
263,521,735.838250957417,Far,55.5004701994291,Northeast,Northeast,Intersection,Implicit,f,大富庄路,,,,,24,3
263,12,725.398674550637,Far,54.3359241771499,Northeast,Northeast,Intersection,Implicit,f,大富庄路,,,,,24,3
267,441,916.091081960345,Far,215.11922470132,Southwest,Southwest,Intersection,Implicit,f,云岗北环路,,,,,19,3
267,517,962.223770837541,Far,215.174413026589,Southwest,Southwest,Intersection,Implicit,f,云岗北环路,,,,,19,3
267,536,786.841615270707,Far,137.788490085138,Southeast,Southeast,Intersection,Implicit,f,云岗北环路,,,,,19,3
291,421,879.021683508138,Far,100.904942318917,East,East,Intersection,Implicit,f,射击场路,,,,,5,3
311,350,740.4925613271,Far,213.554699874602,Southwest,SouthSouthwest,Intersection,Implicit,f,大灰厂路,,,,,59,4
311,379,740.4925613271,Far,213.554699874602,Southwest,SouthSouthwest,Intersection,Implicit,f,大灰厂路,,,,,59,4
311,371,742.728903148492,Far,213.584482198933,Southwest,SouthSouthwest,Intersection,Implicit,f,大灰厂路,,,,,59,4
311,455,781.028033835201,Far,212.203825426267,Southwest,SouthSouthwest,Intersection,Implicit,f,大灰厂路,,,,,59,4
311,454,783.377452814041,Far,211.877828414353,Southwest,SouthSouthwest,Intersection,Implicit,f,大灰厂路,,,,,59,4
311,98,781.290411540195,Far,217.028662536523,Southwest,Southwest,Intersection,Implicit,f,大灰厂路,,,,,59,4
311,428,781.240686397405,Far,215.645796160459,Southwest,Southwest,Intersection,Implicit,f,大灰厂路,,,,,59,4
311,20,980.063917459047,Far,235.666437640146,Southwest,Southwest,Intersection,Implicit,f,大灰厂路,,,,,59,4
311,235,932.556758308094,Far,234.857311140738,Southwest,Southwest,Intersection,Implicit,f,大灰厂路,,,,,59,4
311,392,954.445869818122,Far,184.071923933434,South,South,Intersection,Implicit,f,大灰厂路,,,,,59,4
328,513,884.007964751149,Far,48.1773367494383,Northeast,Northeast,Intersection,Implicit,f,"",,,,,37,3
328,524,815.965988188429,Far,60.3818674284483,Northeast,EastNortheast,Intersection,Implicit,f,北宫桥,,,,,37,3
328,392,853.649067764498,Far,247.253064082999,Southwest,WestSouthwest,Intersection,Implicit,t,大灰厂路,,,,,37,3
342,68,685.555971987314,Far,291.767158024494,West,WestNorthwest,Intersection,Implicit,t,大灰厂东路,,,,,87,4
342,90,681.563830041609,Far,291.898445673953,West,WestNorthwest,Intersection,Implicit,t,大灰厂东路,,,,,87,4
342,50,694.232099729282,Far,291.831416985917,West,WestNorthwest,Intersection,Implicit,t,大灰厂东路,,,,,87,4
342,78,699.316785226978,Far,290.947775776735,West,WestNorthwest,Intersection,Implicit,t,大灰厂东路,,,,,87,4
342,254,701.195904613426,Far,290.716107450898,West,WestNorthwest,Intersection,Implicit,t,大灰厂东路,,,,,87,4
347,513,627.60671352539,Far,138.187987122192,Southeast,Southeast,Intersection,Implicit,f,"",,,,,28,3
347,524,804.776600810643,Far,144.354763519555,Southeast,Southeast,Intersection,Implicit,f,北宫桥,,,,,28,3
347,526,755.175711869967,Far,127.890054827115,Southeast,Southeast,Intersection,Implicit,f,"",,,,,28,3
387,536,683.880728063122,Far,242.911905343087,Southwest,WestSouthwest,Intersection,Implicit,f,云岗北环路,,,,,74,4
387,4,373.998116224394,Medium,226.274866113962,Southwest,Southwest,Intersection,Implicit,f,云岗北环路,,,,,74,4
396,350,925.153604557876,Far,92.4451471767426,East,East,Intersection,Implicit,f,大灰厂路,,,,,15,3
396,379,925.153604557876,Far,92.4451471767426,East,East,Intersection,Implicit,f,大灰厂路,,,,,15,3
396,371,923.669238558961,Far,92.5515393195301,East,East,Intersection,Implicit,f,大灰厂路,,,,,15,3
396,455,921.13976359633,Far,95.1851035774591,East,East,Intersection,Implicit,f,大灰厂路,,,,,15,3
396,454,924.058061615392,Far,95.4397269601422,East,East,Intersection,Implicit,f,大灰厂路,,,,,15,3
396,98,864.331972374196,Far,93.0577059552643,East,East,Intersection,Implicit,f,大灰厂路,,,,,15,3
396,428,880.183125742107,Far,93.7285336312753,East,East,Intersection,Implicit,f,大灰厂路,,,,,15,3
396,20,524.889414752112,Far,87.2852866838455,East,East,Intersection,Implicit,f,大灰厂路,,,,,15,3
396,235,572.4925528052,Far,85.909940570939,East,East,Intersection,Implicit,f,大灰厂路,,,,,15,3
414,521,545.276811012552,Far,22.2936984973156,North,NorthNortheast,Intersection,Implicit,t,大富庄路,,,,,28,3
414,12,544.792661434973,Far,20.3861179274865,North,NorthNortheast,Intersection,Implicit,t,大富庄路,,,,,28,3
414,193010,994.696674566422,Far,153.721355692126,Southeast,SouthSoutheast,Intersection,Implicit,f,魏各庄路,,,,,28,3
415,350,225.073398570682,Medium,272.881923702066,West,West,Intersection,Implicit,f,大灰厂路,,,,,51,4
415,379,225.073398570682,Medium,272.881923702066,West,West,Intersection,Implicit,f,大灰厂路,,,,,51,4
415,371,226.552817186083,Medium,272.445300482184,West,West,Intersection,Implicit,f,大灰厂路,,,,,51,4
415,455,233.992139770689,Medium,262.025863838979,West,West,Intersection,Implicit,f,大灰厂路,,,,,51,4
415,454,232.141036968963,Medium,260.875388906549,West,West,Intersection,Implicit,f,大灰厂路,,,,,51,4
415,98,286.036881969561,Medium,270.937691327985,West,West,Intersection,Implicit,f,大灰厂路,,,,,51,4
415,428,270.856772220862,Medium,268.635106914423,West,West,Intersection,Implicit,t,大灰厂路,,,,,51,4
415,20,629.362354907968,Far,276.903362729743,West,West,Intersection,Implicit,f,大灰厂路,,,,,51,4
415,235,585.280872724773,Far,279.006000493127,West,West,Intersection,Implicit,f,大灰厂路,,,,,51,4
415,392,344.033716082717,Medium,160.16554801315,South,SouthSoutheast,Intersection,Implicit,f,大灰厂路,,,,,51,4
457,525,301.612537789594,Medium,194.24547193044,South,SouthSouthwest,Intersection,Implicit,f,长兴路,,,,,17,3
473,525,762.953124894301,Far,12.6006175408721,North,NorthNortheast,Intersection,Implicit,f,长兴路,,,,,10,3
502,68,743.821369368496,Far,95.322817967944,East,East,Intersection,Implicit,f,大灰厂东路,,,,,43,3
502,90,748.09412160921,Far,95.2946917592446,East,East,Intersection,Implicit,f,大灰厂东路,,,,,43,3
502,50,735.727936291225,Far,95.0734026314577,East,East,Intersection,Implicit,f,大灰厂东路,,,,,43,3
502,78,727.88348194021,Far,95.7727799442157,East,East,Intersection,Implicit,f,大灰厂东路,,,,,43,3
502,254,725.336732943791,Far,95.9501911924978,East,East,Intersection,Implicit,f,大灰厂东路,,,,,43,3
542,825,928.945420270207,Far,100.211520732472,East,East,Intersection,Implicit,f,辛北路,,,,,7,3
542,653,369.987433110476,Medium,318.173299034164,Northwest,Northwest,Intersection,Implicit,f,辛北路,,,,,7,3
542,827,314.724591277299,Medium,318.295021559301,Northwest,Northwest,Intersection,Implicit,f,辛北路,,,,,7,3
542,573,90.8995498450967,Close,162.63492081821,South,SouthSoutheast,Intersection,Implicit,f,良三路,,,,,7,3
542,804,267.571642377364,Medium,72.8900107851592,East,EastNortheast,Intersection,Implicit,f,辛北路,,,,,7,3
542,605,408.317487306799,Medium,117.748045026972,Southeast,EastSoutheast,Intersection,Implicit,f,辛北路,,,,,7,3
542,717,639.235215425474,Far,310.418785032628,Northwest,Northwest,Intersection,Implicit,f,辛北路,,,,,7,3
574,586,898.042788982295,Far,299.656532450426,Northwest,WestNorthwest,Intersection,Implicit,f,"",,,,,12,3
574,625,874.89650300432,Far,296.238882399621,Northwest,WestNorthwest,Intersection,Implicit,f,"",,,,,12,3
574,612,884.294405454731,Far,302.958899665441,Northwest,WestNorthwest,Intersection,Implicit,f,京昆路,,,,,12,3
574,805,756.976996213391,Far,254.700354165303,West,WestSouthwest,Intersection,Implicit,f,房东路,,,,,12,3
603,777,100.036118779238,Close,316.082200478256,Northwest,Northwest,Intersection,Implicit,f,"",,,,,2,3
614,620,432.59651342446,Medium,22.9420777968634,Northeast,NorthNortheast,Intersection,Implicit,f,"",,,,,10,3
705,724,896.037808532023,Far,247.476716737003,Southwest,WestSouthwest,Intersection,Implicit,t,"",,,,,34,3
705,570,945.550682868826,Far,231.645868135637,Southwest,Southwest,Intersection,Implicit,f,河北村路,,,,,34,3
705,546,941.214438669774,Far,229.714119011168,Southwest,Southwest,Intersection,Implicit,f,河北村路,,,,,34,3
705,553,933.862239015081,Far,230.042790435631,Southwest,Southwest,Intersection,Implicit,f,河北村路,,,,,34,3
705,796,865.048544354141,Far,230.268626948709,Southwest,Southwest,Intersection,Implicit,f,河北村路,,,,,34,3
2016,2185,888.947584225164,Far,8.38907170924528,North,North,Intersection,Implicit,f,"",,,,,32,3
705,795,894.494692365964,Far,227.794102482497,Southwest,Southwest,Intersection,Implicit,f,河北村路,,,,,34,3
705,602,869.727183865071,Far,230.646436935058,Southwest,Southwest,Intersection,Implicit,f,河北村路,,,,,34,3
705,730,216.057210528953,Medium,151.775990341767,Southeast,SouthSoutheast,Intersection,Implicit,f,京昆路,,,,,34,3
705,762,960.653784412839,Far,248.484608437099,West,WestSouthwest,Intersection,Implicit,f,"",,,,,34,3
705,755,232.150467672425,Medium,143.202822594546,Southeast,Southeast,Intersection,Implicit,f,京昆路,,,,,34,3
705,586,933.204239015237,Far,95.1590901359823,East,East,Intersection,Implicit,f,"",,,,,34,3
705,625,935.836904308479,Far,98.6941930917002,East,East,Intersection,Implicit,f,"",,,,,34,3
705,612,969.001433649907,Far,92.7906252651411,East,East,Intersection,Implicit,f,京昆路,,,,,34,3
763,573,651.368817518578,Far,136.598874431345,Southeast,Southeast,Intersection,Implicit,f,良三路,,,,,6,3
764,769,153.964321937911,Close,186.514105194595,South,South,Intersection,Implicit,f,"",,,,,10,3
772,825,914.852923727274,Far,94.6094770265882,East,East,Intersection,Implicit,f,良三路,,,,,7,3
772,653,443.428742899712,Medium,325.826522017061,Northwest,Northwest,Intersection,Implicit,f,良三路,,,,,7,3
772,827,388.829279815086,Medium,327.008758416716,Northwest,NorthNorthwest,Intersection,Implicit,f,良三路,,,,,7,3
772,804,305.072214657628,Medium,56.1602264660658,Northeast,Northeast,Intersection,Implicit,f,良三路,,,,,7,3
772,605,372.409261055978,Medium,105.407313202983,East,EastSoutheast,Intersection,Implicit,f,良三路,,,,,7,3
772,717,703.406913928895,Far,315.957439015713,Northwest,Northwest,Intersection,Implicit,f,良三路,,,,,7,3
800,586,632.176898385939,Far,342.670173273488,North,NorthNorthwest,Intersection,Implicit,f,"",,,,,21,3
800,625,578.926845889631,Far,340.563166066065,North,NorthNorthwest,Intersection,Implicit,f,"",,,,,21,3
800,612,657.527570192199,Far,346.823976757392,North,NorthNorthwest,Intersection,Implicit,f,京昆路,,,,,21,3
800,805,143.901016828372,Close,253.606858788787,West,WestSouthwest,Intersection,Implicit,f,房东路,,,,,21,3
819,199739,783.475360166007,Far,173.799515427516,South,South,Intersection,Implicit,f,良三路,,,,,4,3
841,1300,510.550712223991,Far,49.5910817067852,Northeast,Northeast,Intersection,Implicit,f,南雁路,,,,,15,3
841,1406,922.914434760964,Far,48.655108184146,Northeast,Northeast,Intersection,Implicit,f,"",,,,,15,3
841,1412,947.63379213937,Far,48.6136539192085,Northeast,Northeast,Intersection,Implicit,f,"",,,,,15,3
841,957,172.550530512819,Close,238.722705311642,Southwest,WestSouthwest,Intersection,Implicit,f,南雁路,,,,,15,3
841,961,161.030930174636,Close,251.914998776429,West,WestSouthwest,Intersection,Implicit,f,南雁路,,,,,15,3
841,1260,92.6993952690779,Close,263.455235919688,West,West,Intersection,Implicit,f,南雁路,,,,,15,3
841,1428,98.866418819943,Close,256.915023621848,West,WestSouthwest,Intersection,Implicit,f,南雁路,,,,,15,3
841,1025,908.262750770595,Far,224.333271006816,Southwest,Southwest,Intersection,Implicit,t,南雁路,,,,,15,3
841,1318,919.093649124612,Far,223.265152084417,Southwest,Southwest,Intersection,Implicit,t,南雁路,,,,,15,3
1057,1424,154.868905440732,Close,153.8945173801,Southeast,SouthSoutheast,Intersection,Implicit,f,阳八路,,,,,129,6
1057,1054,638.163481961334,Far,169.196894936798,South,South,Intersection,Implicit,f,温南路,,,,,129,6
1057,1121,635.768515560561,Far,168.752970963287,South,South,Intersection,Implicit,f,温南路,,,,,129,6
1057,1126,656.587289706599,Far,167.98214674271,South,SouthSoutheast,Intersection,Implicit,f,温南路,,,,,129,6
1057,943,644.731915409216,Far,167.155079904566,South,SouthSoutheast,Intersection,Implicit,f,温南路,,,,,129,6
1057,944,630.204431442016,Far,166.32036540819,South,SouthSoutheast,Intersection,Implicit,f,温南路,,,,,129,6
1057,846,622.908961359126,Far,165.736220207534,South,SouthSoutheast,Intersection,Implicit,f,温南路,,,,,129,6
1057,890,685.3645624202,Far,166.944237532086,South,SouthSoutheast,Intersection,Implicit,f,温南路,,,,,129,6
1057,1056,669.412687415187,Far,168.301599284253,South,SouthSoutheast,Intersection,Implicit,f,温南路,,,,,129,6
1057,1125,667.734549843392,Far,168.989107486269,South,South,Intersection,Implicit,f,温南路,,,,,129,6
1057,1050,705.157863481855,Far,162.920824366174,South,SouthSoutheast,Intersection,Implicit,f,温南路,,,,,129,6
1057,953,676.600350576573,Far,162.652731114248,South,SouthSoutheast,Intersection,Implicit,f,温南路,,,,,129,6
1057,958,661.325352587718,Far,162.403906913438,South,SouthSoutheast,Intersection,Implicit,f,温南路,,,,,129,6
1057,1352,649.075911211595,Far,161.810529019278,South,SouthSoutheast,Intersection,Implicit,f,温南路,,,,,129,6
1057,1239,652.769661129895,Far,161.135739524006,South,SouthSoutheast,Intersection,Implicit,f,温南路,,,,,129,6
1057,1319,974.133051712463,Far,173.657633622389,South,South,Intersection,Implicit,f,温南路,,,,,129,6
1057,865,957.634734072379,Far,170.573259292173,South,South,Intersection,Implicit,f,温南路,,,,,129,6
1057,1045,928.403300618469,Far,169.859135930722,South,South,Intersection,Implicit,f,温南路,,,,,129,6
1057,990,935.602590413816,Far,169.979610686267,South,South,Intersection,Implicit,f,温南路,,,,,129,6
1057,879,951.812522288653,Far,170.292293752953,South,South,Intersection,Implicit,f,温南路,,,,,129,6
1074,1423,505.444175064709,Far,326.954877952973,Northwest,NorthNorthwest,Intersection,Implicit,f,沙阳路,,,,,21,3
1074,1422,688.476435432526,Far,316.368264595616,Northwest,Northwest,Intersection,Implicit,f,沙阳路,,,,,21,3
1074,1311,497.950499559654,Medium,283.472479986754,West,WestNorthwest,Intersection,Implicit,f,温阳路,,,,,21,3
1074,1405,160.866629555871,Close,339.076900193613,North,NorthNorthwest,Intersection,Implicit,f,"",,,,,21,3
1074,1411,165.962402959349,Close,333.901801598765,Northwest,NorthNorthwest,Intersection,Implicit,f,"",,,,,21,3
1074,1186,263.291635346471,Medium,9.10596600802209,North,North,Intersection,Implicit,f,沙阳路辅路,,,,,21,3
1074,854,281.932307180095,Medium,7.27529986963232,North,North,Intersection,Implicit,f,沙阳路辅路,,,,,21,3
1078,1429,830.866863667033,Far,46.3005101197326,Northeast,Northeast,Intersection,Implicit,f,温北路,,,,,24,3
1078,1285,612.218441473978,Far,249.920883738847,West,WestSouthwest,Intersection,Implicit,f,"",,,,,24,3
1078,1199,567.363151274028,Far,267.125680677349,West,West,Intersection,Implicit,f,"",,,,,24,3
1080,220210,869.991725058437,Far,135.221197611514,Southeast,Southeast,Intersection,Implicit,f,京礼高速,,,,,3,3
1086,1300,325.294783103388,Medium,203.185500391913,Southwest,SouthSouthwest,Intersection,Implicit,f,南雁路,,,,,9,3
1086,1406,177.219024407302,Close,96.5816980423132,East,East,Intersection,Implicit,f,"",,,,,9,3
1086,1412,194.186910143601,Close,91.0235655805055,East,East,Intersection,Implicit,f,"",,,,,9,3
1086,957,979.318759013249,Far,222.712925495292,Southwest,Southwest,Intersection,Implicit,t,南雁路,,,,,9,3
1086,961,954.528015405432,Far,224.572587922301,Southwest,Southwest,Intersection,Implicit,t,南雁路,,,,,9,3
1086,1260,883.788916594369,Far,223.549992790042,Southwest,Southwest,Intersection,Implicit,t,南雁路,,,,,9,3
1086,1428,895.264729303117,Far,223.223928743633,Southwest,Southwest,Intersection,Implicit,t,南雁路,,,,,9,3
1140,1135,958.635491508388,Far,185.989863039322,South,South,Intersection,Implicit,f,后二路,,,,,11,3
1140,1097,963.472109407081,Far,186.08486379923,South,South,Intersection,Implicit,f,后二路,,,,,11,3
1140,915,965.444152073578,Far,186.70964353885,South,South,Intersection,Implicit,f,后二路,,,,,11,3
1140,1398,965.377098178565,Far,185.362277921321,South,South,Intersection,Implicit,f,后二路,,,,,11,3
1151,1246,984.472054760578,Far,275.434610693807,West,West,Intersection,Implicit,f,韩北路,,,,,1,3
1172,1135,549.457144118329,Far,12.9393216936419,North,NorthNortheast,Intersection,Implicit,f,后二路,,,,,35,3
1172,1097,544.46500524659,Far,12.8340113798044,North,NorthNortheast,Intersection,Implicit,f,后二路,,,,,35,3
1172,915,541.423061548525,Far,11.7514187488656,North,NorthNortheast,Intersection,Implicit,f,后二路,,,,,35,3
1172,1398,544.219367911269,Far,14.12960286234,North,NorthNortheast,Intersection,Implicit,f,后二路,,,,,35,3
1172,1253,349.701268737485,Medium,97.5164198276491,East,East,Intersection,Implicit,f,"",,,,,35,3
1172,1208,329.773570143412,Medium,97.0279897935971,East,East,Intersection,Implicit,f,"",,,,,35,3
1172,880,391.335529734208,Medium,104.349830438748,East,EastSoutheast,Intersection,Implicit,f,"",,,,,35,3
1172,1285,786.903753243165,Far,61.9164800029533,Northeast,EastNortheast,Intersection,Implicit,f,"",,,,,35,3
1172,1199,893.624200387281,Far,51.836601261204,Northeast,Northeast,Intersection,Implicit,f,"",,,,,35,3
1176,1243,385.421350541003,Medium,8.71252690224747,North,North,Intersection,Implicit,f,瓦窑路,,,,,14,3
1176,1197,412.507792202362,Medium,14.2887388528048,North,NorthNortheast,Intersection,Implicit,f,瓦窑路,,,,,14,3
1184,1414,471.164271944711,Medium,259.613197588163,West,West,Intersection,Implicit,f,温南路,,,,,11,3
1190,1243,661.186028641663,Far,74.2245175997963,East,EastNortheast,Intersection,Implicit,f,瓦窑路,,,,,14,3
1190,1197,708.109650412549,Far,73.7180821813071,East,EastNortheast,Intersection,Implicit,f,瓦窑路,,,,,14,3
1191,1414,629.371366569419,Far,283.303776628273,West,WestNorthwest,Intersection,Implicit,f,温南路,,,,,9,3
1209,834,789.057213307555,Far,16.624939975766,North,NorthNortheast,Intersection,Implicit,f,"",,,,,8,3
1209,855,677.581693007775,Far,29.9036312150873,Northeast,NorthNortheast,Intersection,Implicit,f,"",,,,,8,3
1209,852,852.42785367913,Far,24.4822054925744,Northeast,NorthNortheast,Intersection,Implicit,f,"",,,,,8,3
1209,851,887.375488399079,Far,22.7004226771752,Northeast,NorthNortheast,Intersection,Implicit,f,"",,,,,8,3
1209,850,714.542256597615,Far,36.5524602136206,Northeast,Northeast,Intersection,Implicit,f,"",,,,,8,3
1209,1407,757.119914692053,Far,33.0167755251109,Northeast,NorthNortheast,Intersection,Implicit,f,"",,,,,8,3
1209,853,704.971614847235,Far,34.0017836856822,Northeast,Northeast,Intersection,Implicit,f,"",,,,,8,3
1209,1391,629.595573456495,Far,52.7787025065399,Northeast,Northeast,Intersection,Implicit,f,"",,,,,8,3
1225,72123,886.433752788221,Far,114.543454846653,Southeast,EastSoutheast,Intersection,Implicit,f,前章村路,,,,,27,3
1225,55033,906.429771643637,Far,113.077738536293,Southeast,EastSoutheast,Intersection,Implicit,f,前章村路,,,,,27,3
1225,1405,912.696432817545,Far,271.002563483115,West,West,Intersection,Implicit,f,"",,,,,27,3
1225,1411,928.234785600946,Far,270.910583152195,West,West,Intersection,Implicit,f,"",,,,,27,3
1225,1186,823.092499519335,Far,278.783261539989,West,West,Intersection,Implicit,f,沙阳路辅路,,,,,27,3
1225,854,832.201413711325,Far,280.060313880488,West,West,Intersection,Implicit,f,沙阳路辅路,,,,,27,3
1237,1415,656.384874138161,Far,244.943773848879,Southwest,WestSouthwest,Intersection,Implicit,f,南雁路旧线,,,,,11,3
1237,1257,666.777884825278,Far,242.151696622346,Southwest,WestSouthwest,Intersection,Implicit,f,南雁路旧线,,,,,11,3
1237,1228,707.833879456491,Far,240.455145595512,Southwest,WestSouthwest,Intersection,Implicit,f,南雁路,,,,,11,3
1268,957,509.001410845705,Far,111.298170089487,East,EastSoutheast,Intersection,Implicit,t,南雁路,,,,,12,3
1268,961,490.638866078505,Medium,107.224201204977,East,EastSoutheast,Intersection,Implicit,f,南雁路,,,,,12,3
1268,1260,540.091923955173,Far,101.303491401354,East,EastSoutheast,Intersection,Implicit,f,南雁路,,,,,12,3
1268,1428,538.428674031249,Far,102.62439917446,East,EastSoutheast,Intersection,Implicit,f,南雁路,,,,,12,3
1268,1025,745.077575672579,Far,181.000589337335,South,South,Intersection,Implicit,f,南雁路,,,,,12,3
1268,1318,764.61406397389,Far,180.615481125518,South,South,Intersection,Implicit,f,南雁路,,,,,12,3
1295,1212,77.8414230561698,Close,144.356751583032,Southeast,Southeast,Intersection,Implicit,f,漆园路,,,,,1,3
1331,1414,749.52129324391,Far,354.321339604873,North,North,Intersection,Implicit,f,温南路,,,,,4,3
1377,1135,573.426548511487,Far,69.8390269560161,East,EastNortheast,Intersection,Implicit,f,后二路,,,,,16,3
1377,1097,569.873079675052,Far,70.2046235672344,East,EastNortheast,Intersection,Implicit,f,后二路,,,,,16,3
1377,915,559.573099132784,Far,69.9104995662346,East,EastNortheast,Intersection,Implicit,f,后二路,,,,,16,3
263,515,932.681583043314,Far,97.2554035823901,East,East,Isolated,Explicit,f,,,,,,24,3
1377,1398,580.07035102388,Far,70.8920016969442,East,EastNortheast,Intersection,Implicit,f,后二路,,,,,16,3
1377,1253,853.072732595978,Far,116.72341315243,Southeast,EastSoutheast,Intersection,Implicit,f,"",,,,,16,3
1377,1208,833.327288614654,Far,116.991909957071,Southeast,EastSoutheast,Intersection,Implicit,f,"",,,,,16,3
1377,880,905.619617655375,Far,118.696976505442,Southeast,EastSoutheast,Intersection,Implicit,f,"",,,,,16,3
1383,1429,705.697944454948,Far,184.564160643946,South,South,Intersection,Implicit,f,温北路,,,,,205,10
1383,1424,746.454873568003,Far,12.8086682239706,North,NorthNortheast,Intersection,Implicit,f,阳八路,,,,,205,10
1383,1054,323.59746236638,Medium,42.1012894648755,Northeast,Northeast,Intersection,Implicit,f,温南路,,,,,205,10
1383,1121,328.984151365307,Medium,42.2833717456333,Northeast,Northeast,Intersection,Implicit,f,温南路,,,,,205,10
1383,1126,324.491059200037,Medium,46.1610891380153,Northeast,Northeast,Intersection,Implicit,f,温南路,,,,,205,10
1383,943,338.725361523192,Medium,45.277475912751,Northeast,Northeast,Intersection,Implicit,f,温南路,,,,,205,10
1383,944,354.309227671704,Medium,44.0573108084429,Northeast,Northeast,Intersection,Implicit,t,温南路,,,,,205,10
1383,846,363.601827028919,Medium,43.6150674410661,Northeast,Northeast,Intersection,Implicit,t,温南路,,,,,205,10
1383,890,321.414726379162,Medium,51.678297121419,Northeast,Northeast,Intersection,Implicit,f,温南路,,,,,205,10
1383,1056,314.689272311704,Medium,47.7855561444501,Northeast,Northeast,Intersection,Implicit,f,温南路,,,,,205,10
1383,1125,308.71344030738,Medium,46.7544239223072,Northeast,Northeast,Intersection,Implicit,f,温南路,,,,,205,10
1383,1050,360.402550537699,Medium,57.6420975092424,Northeast,EastNortheast,Intersection,Implicit,f,温南路,,,,,205,10
1383,953,371.944892182534,Medium,53.5223387842123,Northeast,Northeast,Intersection,Implicit,f,温南路,,,,,205,10
1383,958,379.906034749629,Medium,51.4864836517657,Northeast,Northeast,Intersection,Implicit,f,温南路,,,,,205,10
1383,1352,390.676156639047,Medium,50.15547545808,Northeast,Northeast,Intersection,Implicit,f,温南路,,,,,205,10
1383,1239,396.523820481468,Medium,51.0554097407114,Northeast,Northeast,Intersection,Implicit,f,温南路,,,,,205,10
1383,1130,245.095200984291,Medium,140.197704254151,Southeast,Southeast,Intersection,Implicit,f,"",,,,,205,10
1383,1188,243.156169982377,Medium,139.328634731601,Southeast,Southeast,Intersection,Implicit,f,"",,,,,205,10
1383,1122,239.857500357889,Medium,139.505675281011,Southeast,Southeast,Intersection,Implicit,f,"",,,,,205,10
1383,1320,275.123558073577,Medium,138.081460196056,Southeast,Southeast,Intersection,Implicit,f,"",,,,,205,10
1383,1319,228.584429452049,Medium,116.283714336726,Southeast,EastSoutheast,Intersection,Implicit,f,温南路,,,,,205,10
1383,1250,331.275403895945,Medium,133.658222202996,Southeast,Southeast,Intersection,Implicit,t,温南路,,,,,205,10
1383,921,340.336059578545,Medium,134.565138180342,Southeast,Southeast,Intersection,Implicit,t,温南路,,,,,205,10
1383,1109,346.913600278888,Medium,135.459150285731,Southeast,Southeast,Intersection,Implicit,f,温南路,,,,,205,10
1383,874,277.157967342744,Medium,117.884343670779,Southeast,EastSoutheast,Intersection,Implicit,f,温南路,,,,,205,10
1383,887,282.402374967342,Medium,119.449165252007,Southeast,EastSoutheast,Intersection,Implicit,f,温南路,,,,,205,10
1383,1061,289.622145635077,Medium,121.515414025877,Southeast,EastSoutheast,Intersection,Implicit,f,温南路,,,,,205,10
1383,865,265.813315297945,Medium,107.008202404659,East,EastSoutheast,Intersection,Implicit,f,温南路,,,,,205,10
1383,906,324.57249273144,Medium,128.204806404556,Southeast,Southeast,Intersection,Implicit,f,温南路,,,,,205,10
1383,888,327.505516272122,Medium,126.717331337235,Southeast,Southeast,Intersection,Implicit,f,温南路,,,,,205,10
1383,1048,338.854677194171,Medium,127.548544155969,Southeast,Southeast,Intersection,Implicit,f,温南路,,,,,205,10
1383,1045,264.995006642729,Medium,100.20507281157,East,East,Intersection,Implicit,f,温南路,,,,,205,10
1383,990,265.756800286691,Medium,101.807622348254,East,EastSoutheast,Intersection,Implicit,f,温南路,,,,,205,10
1383,879,267.495378089526,Medium,105.444062267777,East,EastSoutheast,Intersection,Implicit,f,温南路,,,,,205,10
1385,1155,609.400657713204,Far,199.602817139739,South,SouthSouthwest,Intersection,Implicit,f,"",,,,,17,3
1409,1300,689.613100953512,Far,237.041301971244,Southwest,WestSouthwest,Intersection,Implicit,f,南雁路,,,,,5,3
1409,1406,290.961991571929,Medium,250.63811665241,West,WestSouthwest,Intersection,Implicit,f,"",,,,,5,3
1409,1412,268.478920570655,Medium,252.74897751779,West,WestSouthwest,Intersection,Implicit,f,"",,,,,5,3
1418,220234,467.048272595486,Medium,355.099595124433,North,North,Intersection,Implicit,f,亭阳路,,,,,64,4
1418,218592,427.11857301965,Medium,350.959401125062,North,North,Intersection,Implicit,f,亭阳路,,,,,64,4
1483,2188,519.569583005758,Far,259.996646151113,West,West,Intersection,Implicit,f,南安河路,,,,,10,3
1496,1718,569.063749648075,Far,152.931947819594,Southeast,SouthSoutheast,Intersection,Implicit,f,柳林路,,,,,25,3
1496,1548,532.201642628645,Far,152.255476960213,Southeast,SouthSoutheast,Intersection,Implicit,f,柳林路,,,,,25,3
1496,2253,539.426136296378,Far,153.598333252883,Southeast,SouthSoutheast,Intersection,Implicit,f,柳林路,,,,,25,3
1496,1581,544.551812214329,Far,157.089036308524,Southeast,SouthSoutheast,Intersection,Implicit,t,柳林路,,,,,25,3
1496,1968,345.753981751075,Medium,157.195350600972,Southeast,SouthSoutheast,Intersection,Implicit,t,苏家坨西路,,,,,25,3
1496,1619,579.237242300467,Far,165.413428492414,South,SouthSoutheast,Intersection,Implicit,f,苏家坨西路,,,,,25,3
1555,75000,144.22932630668,Close,144.372537933046,Southeast,Southeast,Intersection,Implicit,f,辛力屯路,,,,,8,3
1698,1969,531.074828896565,Far,93.2714818512454,East,East,Intersection,Implicit,f,车耳营北路,,,,,19,3
1698,1833,528.969640797607,Far,90.9847978444239,East,East,Intersection,Implicit,f,车耳营北路,,,,,19,3
1701,1840,752.246264565818,Far,295.14198094813,Northwest,WestNorthwest,Intersection,Implicit,f,苏三路,,,,,28,3
1701,1688,747.472504168669,Far,294.394784253275,Northwest,WestNorthwest,Intersection,Implicit,f,苏三路,,,,,28,3
1701,2125,913.291624462014,Far,310.295925753588,Northwest,Northwest,Intersection,Implicit,f,苏三路,,,,,28,3
1701,1867,907.080262731046,Far,310.322064772577,Northwest,Northwest,Intersection,Implicit,f,苏三路,,,,,28,3
1701,1541,897.287547818381,Far,309.382484511363,Northwest,Northwest,Intersection,Implicit,f,苏三路,,,,,28,3
1701,1506,806.181716023221,Far,301.112522152479,Northwest,WestNorthwest,Intersection,Implicit,f,苏三路,,,,,28,3
1701,1469,814.980390420436,Far,302.304423629779,Northwest,WestNorthwest,Intersection,Implicit,f,苏三路,,,,,28,3
1701,1857,807.146864154812,Far,301.512401553123,Northwest,WestNorthwest,Intersection,Implicit,f,苏三路,,,,,28,3
1701,2117,798.432178452381,Far,300.601004478751,Northwest,WestNorthwest,Intersection,Implicit,f,苏三路,,,,,28,3
342,51,762.920227132194,Far,280.095883976834,West,West,Isolated,Explicit,f,,,,,,87,4
1701,2104,737.371655489062,Far,322.316161605573,Northwest,Northwest,Intersection,Implicit,f,后沙涧路,,,,,28,3
1701,2166,664.475549363087,Far,172.186060782616,South,South,Intersection,Implicit,f,"",,,,,28,3
1701,2163,991.668286043884,Far,192.192549166624,South,SouthSouthwest,Intersection,Implicit,f,"",,,,,28,3
1701,2177,293.969085179953,Medium,242.316534196326,Southwest,WestSouthwest,Intersection,Implicit,f,"",,,,,28,3
1701,2178,435.450479889431,Medium,308.811516365234,Northwest,Northwest,Intersection,Implicit,f,前沙涧路,,,,,28,3
1707,1828,759.267691142692,Far,354.559190333187,North,North,Intersection,Implicit,f,大西山旅游路,,,,,19,3
1707,2280,797.670456356045,Far,1.40171281862568,North,North,Intersection,Implicit,f,龙泉寺南路,,,,,19,3
1707,1790,955.274108776889,Far,164.32658720028,South,SouthSoutheast,Intersection,Implicit,f,七王坟路,,,,,19,3
1707,1776,999.71691864302,Far,155.823470639987,Southeast,SouthSoutheast,Intersection,Implicit,t,七王坟路,,,,,19,3
1773,1718,660.000301713464,Far,257.127759755898,West,WestSouthwest,Intersection,Implicit,f,柳林路,,,,,25,3
1773,1548,664.007062493478,Far,260.349145928765,West,West,Intersection,Implicit,f,柳林路,,,,,25,3
1773,2253,673.90994244032,Far,259.443432180688,West,West,Intersection,Implicit,f,柳林路,,,,,25,3
1773,1581,704.802498084019,Far,258.385598922256,West,WestSouthwest,Intersection,Implicit,f,柳林路,,,,,25,3
1773,1968,769.446277459701,Far,273.052360594905,West,West,Intersection,Implicit,f,苏家坨西路,,,,,25,3
1773,1619,782.702855738341,Far,255.129544297167,West,WestSouthwest,Intersection,Implicit,f,苏家坨西路,,,,,25,3
1835,1558,900.589743306963,Far,359.161358503246,North,North,Intersection,Implicit,t,瑞凤路,,,,,53,4
1835,1440,906.438544070803,Far,358.965109940059,North,North,Intersection,Implicit,t,瑞凤路,,,,,53,4
1835,1598,908.646409575266,Far,358.32770065783,North,North,Intersection,Implicit,t,瑞凤路,,,,,53,4
1835,2202,908.71281624752,Far,357.454480625935,North,North,Intersection,Implicit,f,瑞凤路,,,,,53,4
1835,1665,903.291299062278,Far,357.425013471963,North,North,Intersection,Implicit,f,瑞凤路,,,,,53,4
1835,1677,884.80105292715,Far,357.210000167517,North,North,Intersection,Implicit,f,瑞凤路,,,,,53,4
1835,1657,909.016695825974,Far,355.555688952505,North,North,Intersection,Implicit,f,瑞凤路,,,,,53,4
1835,1646,906.546798829298,Far,355.737089312396,North,North,Intersection,Implicit,f,瑞凤路,,,,,53,4
1872,1969,441.785253769901,Medium,275.64112635817,West,West,Intersection,Implicit,f,车耳营北路,,,,,23,3
1872,1833,445.676378112756,Medium,278.339700805333,West,West,Intersection,Implicit,f,车耳营北路,,,,,23,3
1872,1828,879.531377104477,Far,53.1533954705177,Northeast,Northeast,Intersection,Implicit,f,大西山旅游路,,,,,23,3
1872,2280,977.933069925872,Far,54.4187151617723,Northeast,Northeast,Intersection,Implicit,f,龙泉寺南路,,,,,23,3
1874,1840,897.320778461029,Far,226.109264537017,Southwest,Southwest,Intersection,Implicit,f,苏三路,,,,,26,3
1874,1688,904.727341603246,Far,225.602304871265,Southwest,Southwest,Intersection,Implicit,f,苏三路,,,,,26,3
1874,2125,749.554792306202,Far,242.07373800635,Southwest,WestSouthwest,Intersection,Implicit,f,苏三路,,,,,26,3
1874,1867,746.887108352175,Far,241.643021592298,Southwest,WestSouthwest,Intersection,Implicit,f,苏三路,,,,,26,3
1874,1541,757.129893436859,Far,240.539258429205,Southwest,WestSouthwest,Intersection,Implicit,f,苏三路,,,,,26,3
1874,1506,840.222185407131,Far,231.318569438322,Southwest,Southwest,Intersection,Implicit,f,苏三路,,,,,26,3
1874,1469,827.408695880333,Far,232.284409112557,Southwest,Southwest,Intersection,Implicit,f,苏三路,,,,,26,3
1874,1857,835.267042744659,Far,231.512901239288,Southwest,Southwest,Intersection,Implicit,f,苏三路,,,,,26,3
1874,2117,844.280351690064,Far,230.655903944774,Southwest,Southwest,Intersection,Implicit,f,苏三路,,,,,26,3
1874,2104,549.270725714419,Far,229.304231427364,Southwest,Southwest,Intersection,Implicit,f,后沙涧路,,,,,26,3
1874,2178,735.042217229979,Far,204.515465394951,Southwest,SouthSouthwest,Intersection,Implicit,f,前沙涧路,,,,,26,3
1907,2188,688.780985527022,Far,105.687503626607,East,EastSoutheast,Intersection,Implicit,f,南安河路,,,,,20,3
1910,1557,602.852808373926,Far,151.329731065749,Southeast,SouthSoutheast,Intersection,Implicit,f,"",,,,,57,4
1910,1855,598.459494196437,Far,152.046794078062,Southeast,SouthSoutheast,Intersection,Implicit,f,"",,,,,57,4
1910,1464,645.343857692582,Far,157.108345467924,Southeast,SouthSoutheast,Intersection,Implicit,t,凤凰岭路,,,,,57,4
1910,1627,524.956182216116,Far,151.320621500488,Southeast,SouthSoutheast,Intersection,Implicit,f,"",,,,,57,4
1910,2118,621.963692422749,Far,156.480696125456,Southeast,SouthSoutheast,Intersection,Implicit,t,凤凰岭路,,,,,57,4
1910,1690,672.794552999128,Far,157.638505247639,South,SouthSoutheast,Intersection,Implicit,f,凤凰岭路,,,,,57,4
1910,1860,717.584098259054,Far,158.739932553898,South,SouthSoutheast,Intersection,Implicit,f,凤凰岭路,,,,,57,4
1910,1562,557.465251033914,Far,159.891236129091,South,SouthSoutheast,Intersection,Implicit,f,"",,,,,57,4
1927,1558,804.935363841674,Far,167.03604817625,South,SouthSoutheast,Intersection,Implicit,f,瑞凤路,,,,,22,3
1927,1440,798.572145572554,Far,167.165769808718,South,SouthSoutheast,Intersection,Implicit,f,瑞凤路,,,,,22,3
1927,1598,794.455224956274,Far,167.847663117955,South,SouthSoutheast,Intersection,Implicit,f,瑞凤路,,,,,22,3
1927,2202,792.091897367794,Far,168.83326251585,South,South,Intersection,Implicit,f,瑞凤路,,,,,22,3
1927,1665,797.383650706765,Far,168.924663483248,South,South,Intersection,Implicit,f,瑞凤路,,,,,22,3
1927,1677,815.208352546938,Far,169.347631716766,South,South,Intersection,Implicit,f,瑞凤路,,,,,22,3
1927,1657,788.33374610771,Far,171.000241403665,South,South,Intersection,Implicit,f,瑞凤路,,,,,22,3
1927,1646,791.032815918815,Far,170.807242940481,South,South,Intersection,Implicit,f,瑞凤路,,,,,22,3
1927,2171,504.902152454122,Far,122.377360161977,Southeast,EastSoutheast,Intersection,Implicit,f,苏家坨北路,,,,,22,3
1927,2125,950.960272403162,Far,125.632272952235,Southeast,Southeast,Intersection,Implicit,f,苏三路,,,,,22,3
1927,1867,957.184814127087,Far,125.63781463158,Southeast,Southeast,Intersection,Implicit,f,苏三路,,,,,22,3
1927,1541,965.987420302155,Far,126.555676387426,Southeast,Southeast,Intersection,Implicit,f,苏三路,,,,,22,3
1931,2019,447.50697170069,Medium,124.893669438273,Southeast,Southeast,Intersection,Implicit,f,北安河路,,,,,52,4
1931,1462,468.973893105668,Medium,131.597554258748,Southeast,Southeast,Intersection,Implicit,f,北安河路,,,,,52,4
1931,1790,754.771435467028,Far,262.885285143188,West,West,Intersection,Implicit,f,七王坟路,,,,,52,4
1931,1776,603.719285574195,Far,261.833487857505,West,West,Intersection,Implicit,f,七王坟路,,,,,52,4
1938,2015,574.178870952465,Far,34.980167480861,Northeast,Northeast,Intersection,Implicit,f,双坡路,,,,,13,3
1938,2169,334.008616075626,Medium,350.033798779425,North,North,Intersection,Implicit,f,山口路,,,,,13,3
414,182648,835.665345958202,Far,252.587704934772,West,West,Isolated,Explicit,f,,,,,,28,3
1942,2162,730.069196746897,Far,238.553460246478,Southwest,WestSouthwest,Intersection,Implicit,f,"",,,,,26,3
1942,2254,975.83655727767,Far,138.557974427182,Southeast,Southeast,Intersection,Implicit,f,北清路,,,,,26,3
1942,2174,918.503051317914,Far,136.460268888631,Southeast,Southeast,Intersection,Implicit,f,北清路,,,,,26,3
1942,2086,893.987009251855,Far,135.394512067017,Southeast,Southeast,Intersection,Implicit,f,北清路,,,,,26,3
1942,2000,948.819167604008,Far,139.637251295056,Southeast,Southeast,Intersection,Implicit,f,温阳路,,,,,26,3
1942,2090,881.636363243963,Far,142.626737590845,Southeast,Southeast,Intersection,Implicit,f,北清路,,,,,26,3
1942,2017,692.032895191853,Far,180.38020551221,South,South,Intersection,Implicit,f,辛庄中路,,,,,26,3
1942,2103,536.064401015895,Far,87.3341238935391,East,East,Intersection,Implicit,f,温阳路,,,,,26,3
1990,1752,965.332024568753,Far,123.37053489628,Southeast,EastSoutheast,Intersection,Implicit,f,温北路,,,,,41,3
1990,2019,390.161380744833,Medium,280.255574966699,West,West,Intersection,Implicit,f,北安河路,,,,,41,3
1990,1462,400.5175678109,Medium,272.019441318502,West,West,Intersection,Implicit,f,北安河路,,,,,41,3
2004,2174,990.29235547287,Far,161.002846203451,South,SouthSoutheast,Intersection,Implicit,f,北清路,,,,,17,3
2004,2086,960.956182050293,Far,160.711981721536,South,SouthSoutheast,Intersection,Implicit,f,北清路,,,,,17,3
2004,2090,996.848882031533,Far,166.967021575646,South,SouthSoutheast,Intersection,Implicit,f,北清路,,,,,17,3
2004,2103,333.171395286854,Medium,137.490571225032,Southeast,Southeast,Intersection,Implicit,f,温阳路,,,,,17,3
2009,2254,559.054410203691,Far,58.900440572705,Northeast,EastNortheast,Intersection,Implicit,f,北清路,,,,,57,4
2009,2174,585.131220866578,Far,52.7152493800358,Northeast,Northeast,Intersection,Implicit,f,北清路,,,,,57,4
2009,2086,599.551019211968,Far,50.1977001494097,Northeast,Northeast,Intersection,Implicit,f,北清路,,,,,57,4
2009,2000,537.108204865486,Far,56.3890010894526,Northeast,EastNortheast,Intersection,Implicit,f,温阳路,,,,,57,4
2009,2090,487.43168767451,Medium,49.021765468617,Northeast,Northeast,Intersection,Implicit,f,北清路,,,,,57,4
2009,1906,245.733718498952,Medium,243.340874571806,Southwest,WestSouthwest,Intersection,Implicit,f,辛庄中路,,,,,57,4
2009,2017,370.481547150916,Medium,332.379674084012,Northwest,NorthNorthwest,Intersection,Implicit,f,辛庄中路,,,,,57,4
2009,1844,995.263127835741,Far,72.5262327341385,East,EastNortheast,Intersection,Implicit,f,凝翠路,,,,,57,4
2009,1567,785.033756055591,Far,65.5229494724711,Northeast,EastNortheast,Intersection,Implicit,t,北清路,,,,,57,4
2009,1503,774.677281493833,Far,65.10358145412,Northeast,EastNortheast,Intersection,Implicit,t,北清路,,,,,57,4
2009,2134,746.609058052327,Far,63.957199092651,Northeast,EastNortheast,Intersection,Implicit,f,北清路,,,,,57,4
2009,1505,738.706003996256,Far,62.0299710035646,Northeast,EastNortheast,Intersection,Implicit,f,北清路,,,,,57,4
2009,1511,730.918088994014,Far,63.6753063287486,Northeast,EastNortheast,Intersection,Implicit,f,北清路,,,,,57,4
2009,1522,736.700095635804,Far,63.6118264826629,Northeast,EastNortheast,Intersection,Implicit,f,北清路,,,,,57,4
2009,1675,732.412091385281,Far,63.8895230697485,Northeast,EastNortheast,Intersection,Implicit,f,北清路,,,,,57,4
2009,1502,689.253666920407,Far,61.559400939859,Northeast,EastNortheast,Intersection,Implicit,f,北清路,,,,,57,4
2009,2089,632.076790583041,Far,59.768129231817,Northeast,EastNortheast,Intersection,Implicit,f,北清路,,,,,57,4
2009,1524,642.81782267307,Far,60.2192438620937,Northeast,EastNortheast,Intersection,Implicit,f,北清路,,,,,57,4
2016,1794,748.24026457947,Far,269.737839698037,West,West,Intersection,Implicit,t,"",,,,,32,3
2016,2211,749.742418252734,Far,267.260869945438,West,West,Intersection,Implicit,f,"",,,,,32,3
2016,2046,996.339861100835,Far,122.747594607379,Southeast,EastSoutheast,Intersection,Implicit,f,"",,,,,32,3
2016,2123,967.720731228775,Far,40.9036359961882,Northeast,Northeast,Intersection,Implicit,f,"",,,,,32,3
2016,1448,920.565329225443,Far,46.8028634553878,Northeast,Northeast,Intersection,Implicit,f,"",,,,,32,3
2016,2060,910.133187450484,Far,144.965554661553,Southeast,Southeast,Intersection,Implicit,f,"",,,,,32,3
2016,1519,828.057706085455,Far,44.5104088678736,Northeast,Northeast,Intersection,Implicit,t,"",,,,,32,3
2016,1533,945.295159825455,Far,39.0370576774059,Northeast,Northeast,Intersection,Implicit,f,"",,,,,32,3
2016,1920,873.144258818855,Far,38.5099474038646,Northeast,Northeast,Intersection,Implicit,f,"",,,,,32,3
2016,1438,803.691560101703,Far,40.2529889153455,Northeast,Northeast,Intersection,Implicit,f,"",,,,,32,3
2016,2120,823.513791372922,Far,38.9344089134225,Northeast,Northeast,Intersection,Implicit,f,"",,,,,32,3
2016,2139,779.281573324144,Far,42.2637010149507,Northeast,Northeast,Intersection,Implicit,f,"",,,,,32,3
2016,2143,909.062427877107,Far,33.670129918202,Northeast,NorthNortheast,Intersection,Implicit,f,"",,,,,32,3
2016,2181,886.736707687018,Far,8.40317793909811,North,North,Intersection,Implicit,f,"",,,,,32,3
2016,2184,890.257717739856,Far,8.62747957711694,North,North,Intersection,Implicit,f,"",,,,,32,3
2016,2180,887.205386096804,Far,8.6164369211307,North,North,Intersection,Implicit,f,"",,,,,32,3
2016,2025,730.621663603753,Far,179.149955491031,South,South,Intersection,Implicit,t,"",,,,,32,3
2016,1906,617.444017373277,Far,23.2642180049203,Northeast,NorthNortheast,Intersection,Implicit,f,辛庄中路,,,,,32,3
2016,2131,637.47126246409,Far,27.504112489209,Northeast,NorthNortheast,Intersection,Implicit,f,"",,,,,32,3
2016,2136,632.294641459915,Far,27.6907190833139,Northeast,NorthNortheast,Intersection,Implicit,f,"",,,,,32,3
2016,2074,710.806334028311,Far,26.9344604383409,Northeast,NorthNortheast,Intersection,Implicit,f,"",,,,,32,3
2016,1925,582.333364025149,Far,35.8602182063101,Northeast,Northeast,Intersection,Implicit,f,"",,,,,32,3
2016,2024,654.105439658124,Far,145.116035013226,Southeast,Southeast,Intersection,Implicit,f,温泉路,,,,,32,3
2016,2249,654.743274749104,Far,144.953524180222,Southeast,Southeast,Intersection,Implicit,f,温泉路,,,,,32,3
2016,2036,596.158645105953,Far,136.67843635162,Southeast,Southeast,Intersection,Implicit,f,"",,,,,32,3
2016,1954,682.764117233549,Far,35.3954779018475,Northeast,Northeast,Intersection,Implicit,f,"",,,,,32,3
2016,2263,742.862417938986,Far,37.7140514575448,Northeast,Northeast,Intersection,Implicit,f,"",,,,,32,3
2016,2142,849.431133104559,Far,31.6012040242934,Northeast,NorthNortheast,Intersection,Implicit,f,"",,,,,32,3
2016,1980,569.211147437333,Far,128.379670196931,Southeast,Southeast,Intersection,Implicit,f,"",,,,,32,3
2016,1983,565.638116920122,Far,126.76873683341,Southeast,Southeast,Intersection,Implicit,f,"",,,,,32,3
2016,1900,828.51036430673,Far,152.056620849905,Southeast,SouthSoutheast,Intersection,Implicit,f,"",,,,,32,3
2023,2019,899.203617219288,Far,179.867834495149,South,South,Intersection,Implicit,t,北安河路,,,,,49,3
2023,1462,954.658210494549,Far,180.856276382509,South,South,Intersection,Implicit,f,北安河路,,,,,49,3
2032,1790,841.67375420065,Far,80.6531549631431,East,East,Intersection,Implicit,f,七王坟路,,,,,11,3
2032,1776,992.426251908003,Far,81.6324014790552,East,East,Intersection,Implicit,f,七王坟路,,,,,11,3
2034,2095,285.345999095161,Medium,282.221524422681,West,WestNorthwest,Intersection,Implicit,f,凤凰岭东二路,,,,,31,3
2034,1754,305.774032022022,Medium,2.73409003658119,North,North,Intersection,Implicit,f,凤凰岭路,,,,,31,3
2034,1828,476.3657752836,Medium,158.184769360727,South,SouthSoutheast,Intersection,Implicit,f,大西山旅游路,,,,,31,3
2034,2280,482.329608547645,Medium,146.169818471774,Southeast,Southeast,Intersection,Implicit,f,龙泉寺南路,,,,,31,3
2052,1977,79.6770851781056,Close,108.158910234509,East,EastSoutheast,Intersection,Implicit,f,翠湖北环路,,,,,17,3
2236,1557,937.521360909795,Far,82.0811638146436,East,East,Intersection,Implicit,f,"",,,,,52,4
2236,1855,928.945635127701,Far,81.9887412988576,East,East,Intersection,Implicit,f,"",,,,,52,4
2236,1464,892.65136602912,Far,85.9152859916061,East,East,Intersection,Implicit,f,凤凰岭路,,,,,52,4
2236,1627,912.912672528482,Far,77.5026877209272,East,EastNortheast,Intersection,Implicit,f,"",,,,,52,4
2236,2118,891.884302960476,Far,84.3499382416659,East,East,Intersection,Implicit,f,凤凰岭路,,,,,52,4
2236,1690,896.035200394194,Far,87.7037457858785,East,East,Intersection,Implicit,t,凤凰岭路,,,,,52,4
2236,1860,899.61198739006,Far,90.6780316622102,East,East,Intersection,Implicit,f,凤凰岭路,,,,,52,4
2236,1562,841.843366690758,Far,80.7983011084035,East,East,Intersection,Implicit,f,"",,,,,52,4
2236,2095,763.557510287745,Far,251.875284100462,West,WestSouthwest,Intersection,Implicit,f,凤凰岭东二路,,,,,52,4
2236,1754,432.271192889901,Medium,270.992570038039,West,West,Intersection,Implicit,f,凤凰岭路,,,,,52,4
2236,1828,787.816754153367,Far,200.024636068026,South,SouthSouthwest,Intersection,Implicit,t,大西山旅游路,,,,,52,4
2236,2280,720.989911578787,Far,194.3147004384,South,SouthSouthwest,Intersection,Implicit,f,龙泉寺南路,,,,,52,4
2261,72123,862.943532080969,Far,54.5340485122714,Northeast,Northeast,Intersection,Implicit,f,前章村路,,,,,32,3
2261,55033,892.888247783516,Far,54.8852122768124,Northeast,Northeast,Intersection,Implicit,f,前章村路,,,,,32,3
3570,4573,992.731969367615,Far,154.82222532077,Southeast,SouthSoutheast,Intersection,Implicit,f,石门路,,,,,132,6
3570,4578,946.367846010001,Far,150.814467286485,Southeast,SouthSoutheast,Intersection,Implicit,f,石门路,,,,,132,6
3570,4982,754.297139994538,Far,273.705018585304,West,West,Intersection,Implicit,f,高井路,,,,,132,6
3570,3556,909.853081323189,Far,260.197482126709,West,West,Intersection,Implicit,f,高井路,,,,,132,6
3698,2388,910.984186168812,Far,202.654385530285,Southwest,SouthSouthwest,Intersection,Implicit,f,潭峪路,,,,,12,3
3698,2390,921.430210604035,Far,202.620367198819,Southwest,SouthSouthwest,Intersection,Implicit,f,潭峪路,,,,,12,3
3698,4991,876.36807946021,Far,204.021221481107,Southwest,SouthSouthwest,Intersection,Implicit,f,潭峪路,,,,,12,3
3713,13075,519.270891501743,Far,228.496983714374,Southwest,Southwest,Intersection,Implicit,f,六环,,,,,73,4
3713,12156,767.717034216856,Far,283.307733895169,West,WestNorthwest,Intersection,Implicit,f,玉带东二街,,,,,73,4
3713,11626,770.915287785243,Far,243.345388909948,Southwest,WestSouthwest,Intersection,Implicit,f,莲石湖西路,,,,,73,4
3713,5344,673.737500284339,Far,261.316477192185,West,West,Intersection,Implicit,f,玉带东二街,,,,,73,4
3713,13215,616.801221822458,Far,234.544091013698,Southwest,Southwest,Intersection,Implicit,f,莲石湖西路,,,,,73,4
3713,4788,962.058672124704,Far,35.3588761877763,Northeast,Northeast,Intersection,Implicit,f,"",,,,,73,4
3713,3578,798.858755115403,Far,5.43193366037862,North,North,Intersection,Implicit,f,群明湖大街,,,,,73,4
3713,4703,849.613536235407,Far,345.97962918677,North,NorthNorthwest,Intersection,Implicit,f,石景山路,,,,,73,4
3988,4997,869.953986827831,Far,301.13575805827,Northwest,WestNorthwest,Intersection,Implicit,f,黑石头路,,,,,51,4
3988,5083,980.641077104682,Far,348.593386115489,North,NorthNorthwest,Intersection,Implicit,f,黑陈路,,,,,51,4
3988,2404,879.135241321268,Far,326.867593866079,Northwest,NorthNorthwest,Intersection,Implicit,f,黑石头路,,,,,51,4
3988,4462,755.252604023779,Far,311.221954775073,Northwest,Northwest,Intersection,Implicit,f,"",,,,,51,4
4403,24216,688.960840946275,Far,97.2225595458618,East,East,Intersection,Implicit,f,"",,,,,164,8
4403,19084,812.794452465583,Far,113.229817232182,Southeast,EastSoutheast,Intersection,Implicit,f,永引渠南路,,,,,164,8
4403,24145,777.671963622025,Far,105.932894635269,East,EastSoutheast,Intersection,Implicit,f,永引渠南路,,,,,164,8
4403,21515,937.098736911638,Far,124.637757354162,Southeast,Southeast,Intersection,Implicit,f,双园路,,,,,164,8
4403,16948,937.815057651125,Far,125.349283717846,Southeast,Southeast,Intersection,Implicit,f,双园路,,,,,164,8
4403,23656,940.85157320824,Far,125.203638359519,Southeast,Southeast,Intersection,Implicit,f,双园路,,,,,164,8
4403,18243,854.792066051745,Far,57.8235184198736,Northeast,EastNortheast,Intersection,Implicit,f,金府北路,,,,,164,8
4403,20274,613.267177602081,Far,94.4110726310582,East,East,Intersection,Implicit,f,"",,,,,164,8
4403,18953,523.751457873848,Far,104.838717697074,East,EastSoutheast,Intersection,Implicit,f,"",,,,,164,8
4403,23966,526.516481981099,Far,104.811096335585,East,EastSoutheast,Intersection,Implicit,f,"",,,,,164,8
4403,20860,511.221834111641,Far,104.417286323512,East,EastSoutheast,Intersection,Implicit,f,"",,,,,164,8
4403,23138,510.744598526467,Far,106.973976166003,East,EastSoutheast,Intersection,Implicit,f,"",,,,,164,8
4403,15531,722.423681806854,Far,138.276925906574,Southeast,Southeast,Intersection,Implicit,f,双园路,,,,,164,8
4403,17305,766.814828666809,Far,137.373613965839,Southeast,Southeast,Intersection,Implicit,f,双园路,,,,,164,8
4403,23291,594.385969666622,Far,48.5732842469339,Northeast,Northeast,Intersection,Implicit,f,刘娘府北街,,,,,164,8
4403,22590,621.356096552496,Far,49.2022952950091,Northeast,Northeast,Intersection,Implicit,f,刘娘府北街,,,,,164,8
4403,19342,646.459242231537,Far,37.9413345624886,Northeast,Northeast,Intersection,Implicit,f,刘娘府北街,,,,,164,8
4403,4647,366.730520816172,Medium,61.0760512577046,Northeast,EastNortheast,Intersection,Implicit,f,金府北路,,,,,164,8
4403,4719,367.239760178943,Medium,61.1801985623764,Northeast,EastNortheast,Intersection,Implicit,f,金府北路,,,,,164,8
4403,3631,389.804251701342,Medium,62.9084350607714,Northeast,EastNortheast,Intersection,Implicit,f,金府北路,,,,,164,8
4403,2669,662.051699248412,Far,187.511072631194,South,South,Intersection,Implicit,f,金顶北街,,,,,164,8
4403,2606,644.5733886541,Far,187.409698947361,South,South,Intersection,Implicit,f,金顶北街,,,,,164,8
4403,5017,680.860008372395,Far,186.809273907746,South,South,Intersection,Implicit,f,金顶北街,,,,,164,8
4403,4530,650.582374846231,Far,185.199331372103,South,South,Intersection,Implicit,f,金顶北街,,,,,164,8
414,186523,840.339708610809,Far,251.902180232071,West,West,Isolated,Explicit,f,,,,,,28,3
4403,2307,670.691415694967,Far,182.668460153066,South,South,Intersection,Implicit,f,金顶北街,,,,,164,8
4403,5003,500.158947635052,Far,179.74517610199,South,South,Intersection,Implicit,t,金顶北街,,,,,164,8
4403,4540,625.338873771474,Far,179.250633486712,South,South,Intersection,Implicit,t,永引渠南路,,,,,164,8
4403,4716,606.233768807334,Far,178.20556498392,South,South,Intersection,Implicit,t,金顶北街,,,,,164,8
4403,5000,436.558590176858,Medium,176.681507856064,South,South,Intersection,Implicit,f,金顶北街,,,,,164,8
4403,5025,436.558590176858,Medium,176.681507856064,South,South,Intersection,Implicit,f,金顶北街,,,,,164,8
4403,3900,668.112150285373,Far,190.456332710934,South,South,Intersection,Implicit,f,金顶北街,,,,,164,8
5395,11182,362.842307251698,Medium,74.0503131482232,East,EastNortheast,Intersection,Implicit,f,京昆路,,,,,11,3
5395,10500,390.576253901278,Medium,74.6822551770614,East,EastNortheast,Intersection,Implicit,f,京昆路,,,,,11,3
5395,13194,402.003722227879,Medium,76.4642913806075,East,EastNortheast,Intersection,Implicit,f,京昆路,,,,,11,3
5491,6535,861.32868013544,Far,281.836893773023,West,WestNorthwest,Intersection,Implicit,f,南桑路,,,,,18,3
5491,13529,838.253428517272,Far,281.518335921758,West,WestNorthwest,Intersection,Implicit,f,南桑路,,,,,18,3
5491,11945,832.080227636845,Far,283.026049966248,West,WestNorthwest,Intersection,Implicit,f,南桑路,,,,,18,3
5491,10275,829.774642114571,Far,283.178183902324,West,WestNorthwest,Intersection,Implicit,f,南桑路,,,,,18,3
5777,8985,73.5940280118048,Close,19.1677236830409,North,NorthNortheast,Intersection,Implicit,f,清千路,,,,,7,3
5777,11639,99.9623868862715,Close,107.71244721854,East,EastSoutheast,Intersection,Implicit,f,清千路,,,,,7,3
5777,11637,766.50460423766,Far,167.932382055654,South,SouthSoutheast,Intersection,Implicit,f,"",,,,,7,3
6084,9509,114.462579939302,Close,31.2041747191521,Northeast,NorthNortheast,Intersection,Implicit,f,高台环路,,,,,8,3
6084,10869,121.201919746947,Close,28.6576516831167,Northeast,NorthNortheast,Intersection,Implicit,f,高台环路,,,,,8,3
6084,10715,110.720252710585,Close,33.499311159219,Northeast,NorthNortheast,Intersection,Implicit,f,高台环路,,,,,8,3
6084,9255,226.151532130504,Medium,41.6573983796201,Northeast,Northeast,Intersection,Implicit,f,高台环路,,,,,8,3
6084,9654,607.67965324648,Far,43.9748167091124,Northeast,Northeast,Intersection,Implicit,t,南雁路,,,,,8,3
6084,10412,718.479201260643,Far,37.2662424495172,Northeast,Northeast,Intersection,Implicit,f,高台环路,,,,,8,3
6084,10965,752.141689336747,Far,36.5464505002579,Northeast,Northeast,Intersection,Implicit,f,高台环路,,,,,8,3
6084,9688,953.746410601226,Far,82.6663858193715,East,East,Intersection,Implicit,f,高台环路,,,,,8,3
6196,13431,942.119329759771,Far,75.5300168919111,East,EastNortheast,Intersection,Implicit,f,王坡路,,,,,43,3
6196,9073,493.127991013501,Medium,141.698394169501,Southeast,Southeast,Intersection,Implicit,f,潭王路旧线,,,,,43,3
6196,6094,214.498662613853,Medium,233.452961992751,Southwest,Southwest,Intersection,Implicit,f,潭王路,,,,,43,3
6196,6072,225.154188501665,Medium,233.143733433575,Southwest,Southwest,Intersection,Implicit,f,潭王路,,,,,43,3
6468,11793,580.311350259828,Far,239.020484563755,Southwest,WestSouthwest,Intersection,Implicit,f,京拉路,,,,,23,3
6468,11789,557.314666787583,Far,59.2813460565732,Northeast,EastNortheast,Intersection,Implicit,f,京拉路,,,,,23,3
6704,12102,880.674191184387,Far,58.4068752742438,Northeast,EastNortheast,Intersection,Implicit,f,石龙南路,,,,,305,10
6704,13178,972.636083200996,Far,156.123607622304,Southeast,SouthSoutheast,Intersection,Implicit,t,紫金路,,,,,305,10
6704,8995,930.300929105811,Far,156.644720305758,Southeast,SouthSoutheast,Intersection,Implicit,t,紫金路,,,,,305,10
6704,13324,940.250872772851,Far,156.645668048262,Southeast,SouthSoutheast,Intersection,Implicit,t,紫金路,,,,,305,10
6704,12212,673.796240695245,Far,145.812953240888,Southeast,Southeast,Intersection,Implicit,f,石园北路,,,,,305,10
6704,13279,700.100176196146,Far,144.040462376168,Southeast,Southeast,Intersection,Implicit,f,石园北路,,,,,305,10
6704,13174,724.627414631753,Far,145.670618308037,Southeast,Southeast,Intersection,Implicit,f,石园北路,,,,,305,10
6704,12146,724.277781819564,Far,137.557765295607,Southeast,Southeast,Intersection,Implicit,f,紫金北路,,,,,305,10
6704,11556,949.271820182508,Far,148.854784547822,Southeast,SouthSoutheast,Intersection,Implicit,f,石园北路,,,,,305,10
6704,7159,513.332925585078,Far,90.9233388634757,East,East,Intersection,Implicit,f,石龙南路,,,,,305,10
6704,5738,518.54697310755,Far,90.3188069105779,East,East,Intersection,Implicit,f,石龙南路,,,,,305,10
6704,8803,504.889607283159,Far,91.2568273886643,East,East,Intersection,Implicit,f,石龙南路,,,,,305,10
6704,13069,493.68826023374,Medium,101.279139540902,East,EastSoutheast,Intersection,Implicit,f,石龙南路,,,,,305,10
6704,13225,493.68826023374,Medium,101.279139540902,East,EastSoutheast,Intersection,Implicit,f,石龙南路,,,,,305,10
6704,5288,564.47794984083,Far,89.1894776510082,East,East,Intersection,Implicit,t,石龙南路,,,,,305,10
6704,13206,719.378213917972,Far,129.781859631568,Southeast,Southeast,Intersection,Implicit,f,紫金北路,,,,,305,10
6704,11074,733.929146453367,Far,127.49340511432,Southeast,Southeast,Intersection,Implicit,f,紫金北路,,,,,305,10
6704,12253,721.21440853992,Far,126.092351798686,Southeast,Southeast,Intersection,Implicit,f,紫金北路,,,,,305,10
6704,8874,758.242026632401,Far,126.548381291505,Southeast,Southeast,Intersection,Implicit,f,紫金北路,,,,,305,10
6704,8519,754.27137442469,Far,127.102811424251,Southeast,Southeast,Intersection,Implicit,f,紫金北路,,,,,305,10
6704,12138,877.296775338414,Far,133.696005950205,Southeast,Southeast,Intersection,Implicit,t,小园路,,,,,305,10
6704,13110,918.669426126971,Far,134.807802115299,Southeast,Southeast,Intersection,Implicit,t,小园路,,,,,305,10
6704,7604,900.070048311889,Far,133.153359992527,Southeast,Southeast,Intersection,Implicit,t,小园路,,,,,305,10
6704,8103,893.752249285726,Far,132.456733772519,Southeast,Southeast,Intersection,Implicit,f,小园路,,,,,305,10
6704,7236,907.921789010324,Far,132.97398500532,Southeast,Southeast,Intersection,Implicit,t,小园路,,,,,305,10
6704,9220,894.413904525178,Far,131.943147495298,Southeast,Southeast,Intersection,Implicit,f,小园路,,,,,305,10
6704,5945,903.908514678276,Far,132.540827130729,Southeast,Southeast,Intersection,Implicit,t,小园路,,,,,305,10
6704,5806,952.402385147243,Far,133.708011182503,Southeast,Southeast,Intersection,Implicit,t,小园路,,,,,305,10
6704,5219,954.09836028324,Far,132.779025371283,Southeast,Southeast,Intersection,Implicit,t,小园路,,,,,305,10
6704,13068,704.862348060337,Far,75.8681875453455,East,EastNortheast,Intersection,Implicit,f,石龙南路,,,,,305,10
6704,13078,610.677080694102,Far,13.5390415964715,North,NorthNortheast,Intersection,Implicit,f,泰安路,,,,,305,10
6704,6298,577.7482357058,Far,177.340684602042,South,South,Intersection,Implicit,f,石龙南路,,,,,305,10
6704,8555,635.95825359746,Far,181.552865307943,South,South,Intersection,Implicit,f,石龙南路,,,,,305,10
6704,8272,627.211223799706,Far,181.668104772484,South,South,Intersection,Implicit,f,石龙南路,,,,,305,10
6704,7392,622.991118096758,Far,181.659780212958,South,South,Intersection,Implicit,f,石龙南路,,,,,305,10
6704,8913,622.248628948359,Far,181.172731893766,South,South,Intersection,Implicit,f,石龙南路,,,,,305,10
6704,9032,615.113232786951,Far,180.653841000308,South,South,Intersection,Implicit,f,石龙南路,,,,,305,10
6704,11757,851.006557617597,Far,354.639321586684,North,North,Intersection,Implicit,f,冯石环线,,,,,305,10
6704,7354,754.228223948696,Far,190.598689757125,South,South,Intersection,Implicit,f,石龙南路,,,,,305,10
6704,7234,749.961568297172,Far,190.556777336328,South,South,Intersection,Implicit,f,石龙南路,,,,,305,10
6704,7960,753.030694008605,Far,190.271326897952,South,South,Intersection,Implicit,f,石龙南路,,,,,305,10
6704,12607,764.271987383167,Far,190.980205932877,South,South,Intersection,Implicit,f,石龙南路,,,,,305,10
6704,7541,760.552105573796,Far,190.841722573991,South,South,Intersection,Implicit,f,石龙南路,,,,,305,10
6704,5963,754.926949957028,Far,190.800313460778,South,South,Intersection,Implicit,f,石龙南路,,,,,305,10
6704,11549,823.033205022012,Far,195.18863399025,South,SouthSouthwest,Intersection,Implicit,f,石龙南路,,,,,305,10
6704,7872,944.803298412978,Far,181.637574415771,South,South,Intersection,Implicit,f,石园南路,,,,,305,10
6704,8193,962.025972423794,Far,181.261896685794,South,South,Intersection,Implicit,f,石园南路,,,,,305,10
6704,12176,932.551017805167,Far,180.758088995553,South,South,Intersection,Implicit,f,石园南路,,,,,305,10
6704,13187,967.092474048671,Far,179.023257731637,South,South,Intersection,Implicit,t,石园南路,,,,,305,10
6704,7936,589.747701761209,Far,46.743728969118,Northeast,Northeast,Intersection,Implicit,f,何各庄中街,,,,,305,10
6704,9038,585.303984171161,Far,45.422948355278,Northeast,Northeast,Intersection,Implicit,f,何各庄中街,,,,,305,10
6704,8195,559.731893700646,Far,46.4553735546353,Northeast,Northeast,Intersection,Implicit,f,何各庄中街,,,,,305,10
6704,13105,773.229932061135,Far,29.6322942134589,Northeast,NorthNortheast,Intersection,Implicit,f,泰安路,,,,,305,10
6704,8304,662.221877849957,Far,51.9313520946356,Northeast,Northeast,Intersection,Implicit,f,美安路,,,,,305,10
6704,7631,657.145525882691,Far,51.8996937585739,Northeast,Northeast,Intersection,Implicit,f,美安路,,,,,305,10
6704,7237,642.716875256541,Far,51.145263364878,Northeast,Northeast,Intersection,Implicit,f,美安路,,,,,305,10
6704,12613,668.801984524266,Far,53.5922873211048,Northeast,Northeast,Intersection,Implicit,f,美安路,,,,,305,10
6704,7597,672.625403021242,Far,53.1378968937826,Northeast,Northeast,Intersection,Implicit,f,美安路,,,,,305,10
6946,13038,971.390334855101,Far,45.811624066708,Northeast,Northeast,Intersection,Implicit,f,香杏路,,,,,50,4
6946,6439,946.333600738548,Far,47.2793287376845,Northeast,Northeast,Intersection,Implicit,f,香杏路,,,,,50,4
6946,8966,934.274257369543,Far,48.5523761492619,Northeast,Northeast,Intersection,Implicit,f,香杏路,,,,,50,4
6946,12814,995.939607722342,Far,51.547641153072,Northeast,Northeast,Intersection,Implicit,f,香杏路,,,,,50,4
6946,10448,824.558969131588,Far,57.134575561409,Northeast,EastNortheast,Intersection,Implicit,f,香杏路,,,,,50,4
6946,13315,861.072758802425,Far,52.3147812649242,Northeast,Northeast,Intersection,Implicit,f,香杏路,,,,,50,4
6946,13017,662.677975214993,Far,73.9391321784478,East,EastNortheast,Intersection,Implicit,f,"",,,,,50,4
6946,13020,645.391213992664,Far,72.8379976932535,East,EastNortheast,Intersection,Implicit,f,"",,,,,50,4
6946,10726,773.801234975575,Far,44.1449380239502,Northeast,Northeast,Intersection,Implicit,t,香杏路,,,,,50,4
6946,9545,645.128533084247,Far,121.019027899875,Southeast,EastSoutheast,Intersection,Implicit,f,香杏路,,,,,50,4
6946,12987,741.186018204642,Far,128.055605688115,Southeast,Southeast,Intersection,Implicit,f,香杏路,,,,,50,4
6946,5256,807.932479230973,Far,81.0062112894996,East,East,Intersection,Implicit,f,香杏路,,,,,50,4
6946,12629,931.758728466034,Far,58.6912842798794,Northeast,EastNortheast,Intersection,Implicit,f,香杏路,,,,,50,4
6946,11547,831.458947045464,Far,74.8359989757289,East,EastNortheast,Intersection,Implicit,f,三温路,,,,,50,4
6946,5434,976.337731233072,Far,60.3376146298808,Northeast,EastNortheast,Intersection,Implicit,f,三温路,,,,,50,4
6946,13451,949.425416912141,Far,195.517172297554,South,SouthSouthwest,Intersection,Implicit,f,香杏路,,,,,50,4
6946,9488,722.43865671658,Far,343.381271709489,North,NorthNorthwest,Intersection,Implicit,f,香杏路,,,,,50,4
6946,10842,731.921475358694,Far,344.140881318408,North,NorthNorthwest,Intersection,Implicit,f,香杏路,,,,,50,4
6946,12752,756.142774838065,Far,357.190649587111,North,North,Intersection,Implicit,f,香杏路,,,,,50,4
6946,12684,214.505818357938,Medium,356.298069247129,North,North,Intersection,Implicit,f,香杏路,,,,,50,4
6946,6409,742.906068615198,Far,182.692645783235,South,South,Intersection,Implicit,f,香杏路,,,,,50,4
6946,13434,676.797647464697,Far,182.631016411573,South,South,Intersection,Implicit,f,香杏路,,,,,50,4
6946,6713,990.429647000785,Far,183.272626254444,South,South,Intersection,Implicit,f,香杏路,,,,,50,4
6946,8953,986.825133743564,Far,186.218422405281,South,South,Intersection,Implicit,f,香杏路,,,,,50,4
6946,5400,455.839542391051,Medium,191.014383337554,South,South,Intersection,Implicit,f,香杏路,,,,,50,4
6946,5326,394.294347448911,Medium,195.111018781769,South,SouthSouthwest,Intersection,Implicit,f,香杏路,,,,,50,4
6946,13464,275.797563201222,Medium,192.603317158388,South,SouthSouthwest,Intersection,Implicit,f,香杏路,,,,,50,4
6946,12135,195.778866898513,Close,198.71560907722,South,SouthSouthwest,Intersection,Implicit,f,香杏路,,,,,50,4
6946,13077,54.2294305560734,Close,255.956314079322,West,WestSouthwest,Intersection,Implicit,f,香杏路,,,,,50,4
6946,11410,153.568160308511,Close,329.104569801202,Northwest,NorthNorthwest,Intersection,Implicit,f,香杏路,,,,,50,4
6946,12886,303.968537103621,Medium,322.659979797192,Northwest,Northwest,Intersection,Implicit,f,香杏路,,,,,50,4
6946,8547,816.806055253162,Far,192.327446843527,South,SouthSouthwest,Intersection,Implicit,f,香杏路,,,,,50,4
6946,10321,457.729564200698,Medium,194.51100700853,South,SouthSouthwest,Intersection,Implicit,f,香杏路,,,,,50,4
6946,5492,686.851058220465,Far,168.655562448438,South,SouthSoutheast,Intersection,Implicit,f,香杏路,,,,,50,4
6946,7202,699.2871321689,Far,168.499183799998,South,SouthSoutheast,Intersection,Implicit,f,香杏路,,,,,50,4
6946,6751,836.435710324516,Far,167.729818517159,South,SouthSoutheast,Intersection,Implicit,f,香杏路,,,,,50,4
6946,11624,316.010392372166,Medium,151.524166753228,Southeast,SouthSoutheast,Intersection,Implicit,f,香杏路,,,,,50,4
6946,11559,973.454246509614,Far,166.335727077157,South,SouthSoutheast,Intersection,Implicit,f,香杏路,,,,,50,4
6946,8755,951.866276134532,Far,149.336631709024,Southeast,SouthSoutheast,Intersection,Implicit,f,香杏路,,,,,50,4
6946,13339,715.065533840237,Far,39.2449822317793,Northeast,Northeast,Intersection,Implicit,f,香杏路,,,,,50,4
6946,6383,877.354448062486,Far,24.4191206887111,Northeast,NorthNortheast,Intersection,Implicit,f,香杏路,,,,,50,4
6946,11645,823.888275031652,Far,27.4746010677909,Northeast,NorthNortheast,Intersection,Implicit,f,香杏路,,,,,50,4
6946,5836,864.8497088882,Far,30.9394584323892,Northeast,NorthNortheast,Intersection,Implicit,f,香杏路,,,,,50,4
6946,7453,854.692890050087,Far,30.8211904190665,Northeast,NorthNortheast,Intersection,Implicit,f,香杏路,,,,,50,4
6946,13064,835.572760586333,Far,33.2901765463099,Northeast,NorthNortheast,Intersection,Implicit,f,香杏路,,,,,50,4
6946,6562,825.896217314024,Far,35.4073383223526,Northeast,Northeast,Intersection,Implicit,f,香杏路,,,,,50,4
6946,5831,855.157944380166,Far,33.2289785819969,Northeast,NorthNortheast,Intersection,Implicit,f,香杏路,,,,,50,4
6946,13448,851.851412891386,Far,34.761790118079,Northeast,Northeast,Intersection,Implicit,f,香杏路,,,,,50,4
6946,6418,821.631201811701,Far,38.2827086761129,Northeast,Northeast,Intersection,Implicit,f,香杏路,,,,,50,4
6946,7277,822.197761278491,Far,38.5231754721754,Northeast,Northeast,Intersection,Implicit,f,香杏路,,,,,50,4
7479,6298,992.454942551751,Far,77.1841140856143,East,EastNortheast,Intersection,Implicit,f,石龙南路,,,,,93,4
7479,8555,937.711141321382,Far,80.0797333081507,East,East,Intersection,Implicit,f,石龙南路,,,,,93,4
7479,8272,938.256442879091,Far,79.5408515578291,East,East,Intersection,Implicit,f,石龙南路,,,,,93,4
7479,7392,939.240493372542,Far,79.2903195326221,East,East,Intersection,Implicit,f,石龙南路,,,,,93,4
7479,8913,944.571075737294,Far,79.3137249334592,East,East,Intersection,Implicit,f,石龙南路,,,,,93,4
7479,9032,951.512385565331,Far,78.9606790540028,East,East,Intersection,Implicit,f,石龙南路,,,,,93,4
7479,7354,804.146600015667,Far,86.0131362143002,East,East,Intersection,Implicit,f,石龙南路,,,,,93,4
7479,7234,805.761911612778,Far,85.7293308649157,East,East,Intersection,Implicit,f,石龙南路,,,,,93,4
7479,7960,808.615074060283,Far,86.0069459792112,East,East,Intersection,Implicit,f,石龙南路,,,,,93,4
7479,12607,796.741082993862,Far,86.6188057823549,East,East,Intersection,Implicit,f,石龙南路,,,,,93,4
7479,7541,799.451309848862,Far,86.393059986203,East,East,Intersection,Implicit,f,石龙南路,,,,,93,4
7479,5963,801.400854070072,Far,86.0133285345673,East,East,Intersection,Implicit,f,石龙南路,,,,,93,4
7479,11549,725.298241430866,Far,89.7639700728664,East,East,Intersection,Implicit,t,石龙南路,,,,,93,4
7479,13168,730.641016206003,Far,126.969971380069,Southeast,Southeast,Intersection,Implicit,f,"",,,,,93,4
7479,13234,834.747247630744,Far,117.09020439454,Southeast,EastSoutheast,Intersection,Implicit,f,紫金北路,,,,,93,4
7479,13504,823.402317386092,Far,117.727083796019,Southeast,EastSoutheast,Intersection,Implicit,f,紫金北路,,,,,93,4
7479,7872,925.694935630338,Far,99.146391647673,East,East,Intersection,Implicit,f,石园南路,,,,,93,4
7479,8193,934.337536138496,Far,100.141715233669,East,East,Intersection,Implicit,f,石园南路,,,,,93,4
7479,12176,938.377078086097,Far,98.2838074198325,East,East,Intersection,Implicit,f,石园南路,,,,,93,4
7479,13187,972.330405995467,Far,100.050102897738,East,East,Intersection,Implicit,f,石园南路,,,,,93,4
7479,13047,880.03969553916,Far,190.487125156495,South,South,Intersection,Implicit,f,京昆路,,,,,93,4
7490,11762,800.266463259976,Far,0.725341930761166,North,North,Intersection,Implicit,f,杨东路,,,,,21,3
7490,10348,835.845198451251,Far,2.03672237035986,North,North,Intersection,Implicit,f,杨东路,,,,,21,3
7490,12531,952.803592502928,Far,311.906752612245,Northwest,Northwest,Intersection,Implicit,f,杨东路,,,,,21,3
7603,11055,779.195738616669,Far,90.7043899523513,East,East,Intersection,Implicit,f,京拉路,,,,,61,4
7603,10319,778.260962306004,Far,91.1290262447424,East,East,Intersection,Implicit,f,京拉路,,,,,61,4
7603,11352,147.872591166062,Close,251.431621964704,West,WestSouthwest,Intersection,Implicit,f,京拉路,,,,,61,4
7603,6632,146.300947202494,Close,230.38723407757,Southwest,Southwest,Intersection,Implicit,f,京拉路,,,,,61,4
7603,9194,268.300935613488,Medium,262.427024131578,West,West,Intersection,Implicit,f,上清水北大街,,,,,61,4
7603,9196,268.300935613488,Medium,262.427024131578,West,West,Intersection,Implicit,f,上清水北大街,,,,,61,4
7603,6942,271.897585636806,Medium,263.107545752034,West,West,Intersection,Implicit,f,上清水北大街,,,,,61,4
7603,9341,271.032673301246,Medium,264.265213043098,West,West,Intersection,Implicit,f,上清水北大街,,,,,61,4
7603,10966,375.25386527739,Medium,288.220636317234,West,WestNorthwest,Intersection,Implicit,f,上清水北大街,,,,,61,4
7603,10476,372.575611219335,Medium,289.785828248474,West,WestNorthwest,Intersection,Implicit,f,上清水北大街,,,,,61,4
7603,5880,307.906573269193,Medium,266.415855572003,West,West,Intersection,Implicit,f,京拉路,,,,,61,4
7603,6735,309.575113429525,Medium,266.522718294529,West,West,Intersection,Implicit,f,京拉路,,,,,61,4
7603,6920,302.701229445529,Medium,265.78961345379,West,West,Intersection,Implicit,f,京拉路,,,,,61,4
7695,5865,454.082622216703,Medium,239.316585900269,Southwest,WestSouthwest,Intersection,Implicit,f,斋堂西环路,,,,,87,4
7695,7841,173.766327750227,Close,245.671902664021,Southwest,WestSouthwest,Intersection,Implicit,t,斋堂大街,,,,,87,4
7695,5323,205.367216806952,Medium,228.468611873298,Southwest,Southwest,Intersection,Implicit,f,斋堂大街,,,,,87,4
7695,11093,352.929120438431,Medium,231.342122352063,Southwest,Southwest,Intersection,Implicit,f,斋堂西环路,,,,,87,4
7695,10679,173.857961275002,Close,232.238466491028,Southwest,Southwest,Intersection,Implicit,f,斋堂大街,,,,,87,4
7695,11108,171.295489190935,Close,232.169677203321,Southwest,Southwest,Intersection,Implicit,f,斋堂大街,,,,,87,4
7695,11052,187.992331403657,Close,229.073375884694,Southwest,Southwest,Intersection,Implicit,f,斋堂大街,,,,,87,4
7695,9017,133.508196650462,Close,249.717668572263,West,WestSouthwest,Intersection,Implicit,f,斋堂大街,,,,,87,4
7695,7862,116.264479108604,Close,242.457635266658,Southwest,WestSouthwest,Intersection,Implicit,f,斋堂大街,,,,,87,4
7695,10338,139.576859894368,Close,214.598774095317,Southwest,Southwest,Intersection,Implicit,f,斋堂大街,,,,,87,4
7695,11048,131.342245261306,Close,218.290039358012,Southwest,Southwest,Intersection,Implicit,f,斋堂大街,,,,,87,4
7695,6609,64.7971776775625,Close,51.5090331652639,Northeast,Northeast,Intersection,Implicit,f,斋堂大街,,,,,87,4
7695,6549,72.2031845330462,Close,52.3485952878476,Northeast,Northeast,Intersection,Implicit,f,斋堂大街,,,,,87,4
7695,10630,49.9375474601424,VeryClose,51.3308259956769,Northeast,Northeast,Intersection,Implicit,f,斋堂大街,,,,,87,4
7695,6781,687.317195574165,Far,45.1922965459704,Northeast,Northeast,Intersection,Implicit,f,斋北路,,,,,87,4
7695,13229,842.562945910951,Far,62.4350073156239,Northeast,EastNortheast,Intersection,Implicit,f,京拉路,,,,,87,4
7695,10993,855.485492676878,Far,49.9058463381366,Northeast,Northeast,Intersection,Implicit,f,斋堂大街,,,,,87,4
7695,11018,850.911501438307,Far,49.5873226314956,Northeast,Northeast,Intersection,Implicit,f,斋堂大街,,,,,87,4
7695,5232,790.139413898101,Far,48.5293362554031,Northeast,Northeast,Intersection,Implicit,f,斋堂大街,,,,,87,4
8301,12223,898.59339373571,Far,62.6798715158942,Northeast,EastNortheast,Intersection,Implicit,f,"",,,,,469,10
8301,11666,808.440844483434,Far,71.6397723841232,East,EastNortheast,Intersection,Implicit,f,峪中路,,,,,469,10
8301,13312,812.78311624567,Far,61.7353402517881,Northeast,EastNortheast,Intersection,Implicit,f,石担路,,,,,469,10
8301,12166,758.725221177117,Far,66.9342890904255,Northeast,EastNortheast,Intersection,Implicit,t,峪中路,,,,,469,10
8301,12133,718.393990066225,Far,75.3002284911449,East,EastNortheast,Intersection,Implicit,f,石担路,,,,,469,10
8301,11724,780.68295010351,Far,57.0379610539439,Northeast,EastNortheast,Intersection,Implicit,f,石担路,,,,,469,10
8301,6093,714.235791542703,Far,58.0521654627009,Northeast,EastNortheast,Intersection,Implicit,f,石担路,,,,,469,10
8301,12154,916.073740408421,Far,144.414340491267,Southeast,Southeast,Intersection,Implicit,f,石担路,,,,,469,10
8301,10534,911.191341992583,Far,44.8312589681283,Northeast,Northeast,Intersection,Implicit,t,"",,,,,469,10
8301,10262,896.983008775609,Far,45.7613681063963,Northeast,Northeast,Intersection,Implicit,f,"",,,,,469,10
8301,10430,902.354437018166,Far,45.6031742131886,Northeast,Northeast,Intersection,Implicit,f,"",,,,,469,10
8301,12235,872.839535179984,Far,45.2952584940586,Northeast,Northeast,Intersection,Implicit,f,"",,,,,469,10
8301,11993,873.918427013462,Far,45.6446049555095,Northeast,Northeast,Intersection,Implicit,f,"",,,,,469,10
8301,11982,963.169329981928,Far,40.3363839463381,Northeast,Northeast,Intersection,Implicit,f,承泽苑路,,,,,469,10
8301,12240,965.47671717417,Far,37.1067345074986,Northeast,Northeast,Intersection,Implicit,f,承泽苑路,,,,,469,10
8301,12094,862.52121971683,Far,42.025988836776,Northeast,Northeast,Intersection,Implicit,f,"",,,,,469,10
8301,13282,861.611271886484,Far,39.9418730305877,Northeast,Northeast,Intersection,Implicit,f,"",,,,,469,10
8301,5613,516.848220290527,Far,324.09313704273,Northwest,Northwest,Intersection,Implicit,f,高家园路,,,,,469,10
8301,6854,882.87603503838,Far,317.537213094883,Northwest,Northwest,Intersection,Implicit,f,高家园路,,,,,469,10
8301,8294,884.854033167448,Far,317.368845180846,Northwest,Northwest,Intersection,Implicit,f,高家园路,,,,,469,10
8301,5852,866.980281898224,Far,318.084015149585,Northwest,Northwest,Intersection,Implicit,f,高家园路,,,,,469,10
8301,5801,862.980042010445,Far,318.079285222445,Northwest,Northwest,Intersection,Implicit,f,高家园路,,,,,469,10
8301,5791,858.83471530657,Far,317.47496494532,Northwest,Northwest,Intersection,Implicit,f,高家园路,,,,,469,10
8301,5746,866.094868093461,Far,317.606786868284,Northwest,Northwest,Intersection,Implicit,f,高家园路,,,,,469,10
8301,7626,859.142518013861,Far,318.646239246705,Northwest,Northwest,Intersection,Implicit,f,高家园路,,,,,469,10
8301,7396,846.243337505692,Far,317.231475594726,Northwest,Northwest,Intersection,Implicit,f,高家园路,,,,,469,10
8301,10681,868.205116187048,Far,318.561664829674,Northwest,Northwest,Intersection,Implicit,f,高家园路,,,,,469,10
8301,10689,868.205116187048,Far,318.561664829674,Northwest,Northwest,Intersection,Implicit,f,高家园路,,,,,469,10
8301,10696,868.205116187048,Far,318.561664829674,Northwest,Northwest,Intersection,Implicit,f,高家园路,,,,,469,10
8301,12831,991.062264681466,Far,110.181989471903,East,EastSoutheast,Intersection,Implicit,t,葡山路,,,,,469,10
8301,12167,926.14026180836,Far,141.572148795304,Southeast,Southeast,Intersection,Implicit,f,石担路,,,,,469,10
8301,11616,781.754905179098,Far,133.031108132932,Southeast,Southeast,Intersection,Implicit,t,石担路,,,,,469,10
8301,11572,656.37053127273,Far,114.437344626232,Southeast,EastSoutheast,Intersection,Implicit,f,新桥南大街,,,,,469,10
8301,13483,706.913530917475,Far,116.516332377578,Southeast,EastSoutheast,Intersection,Implicit,f,新桥南大街,,,,,469,10
8301,13116,755.789512865978,Far,122.919891218875,Southeast,EastSoutheast,Intersection,Implicit,f,葡山路,,,,,469,10
8301,12080,806.939332168804,Far,120.90037332811,Southeast,EastSoutheast,Intersection,Implicit,f,"",,,,,469,10
8301,9184,816.751777044288,Far,120.094379088229,Southeast,EastSoutheast,Intersection,Implicit,f,葡山路,,,,,469,10
8301,10580,667.420709126613,Far,6.86022373203002,North,North,Intersection,Implicit,f,新桥南大街,,,,,469,10
8301,10298,670.684325147194,Far,7.05000179185695,North,North,Intersection,Implicit,f,新桥南大街,,,,,469,10
8301,13207,646.794494523985,Far,5.5922945417813,North,North,Intersection,Implicit,f,新桥南大街,,,,,469,10
8301,9156,692.248269522082,Far,4.53081447906042,North,North,Intersection,Implicit,f,新桥南大街,,,,,469,10
8301,11852,691.417303448809,Far,4.03854432373782,North,North,Intersection,Implicit,f,新桥南大街,,,,,469,10
8301,5526,606.911810538924,Far,3.86686769385746,North,North,Intersection,Implicit,f,新桥南大街,,,,,469,10
8301,6194,606.896643231251,Far,4.0205918362995,North,North,Intersection,Implicit,f,新桥南大街,,,,,469,10
8301,5525,622.703102361725,Far,3.06637687148199,North,North,Intersection,Implicit,f,新桥南大街,,,,,469,10
8301,5772,594.066439549687,Far,3.76474016512589,North,North,Intersection,Implicit,f,新桥南大街,,,,,469,10
8301,7420,616.99451340086,Far,3.42333224547377,North,North,Intersection,Implicit,f,新桥南大街,,,,,469,10
8301,12299,643.245881616174,Far,3.46698692103533,North,North,Intersection,Implicit,f,新桥南大街,,,,,469,10
8301,5153,633.944875741698,Far,9.71400084506325,North,North,Intersection,Implicit,f,新桥南大街,,,,,469,10
8301,6424,637.840355771366,Far,8.90392643398899,North,North,Intersection,Implicit,f,新桥南大街,,,,,469,10
8301,12153,461.167487990683,Medium,23.2344145717547,Northeast,NorthNortheast,Intersection,Implicit,f,新桥南大街,,,,,469,10
8301,11542,477.590247778124,Medium,20.1110107475316,North,NorthNortheast,Intersection,Implicit,t,高家园路,,,,,469,10
8301,6039,492.115771001398,Medium,23.143259584195,Northeast,NorthNortheast,Intersection,Implicit,f,高家园路,,,,,469,10
8301,8212,473.174603263998,Medium,24.8476233837035,Northeast,NorthNortheast,Intersection,Implicit,f,新桥南大街,,,,,469,10
8301,13145,438.107063086067,Medium,26.3237369724672,Northeast,NorthNortheast,Intersection,Implicit,f,新桥南大街,,,,,469,10
8301,6628,807.190603412849,Far,1.23318623151889,North,North,Intersection,Implicit,f,新桥南大街,,,,,469,10
8301,7621,810.357411866181,Far,0.698596513916624,North,North,Intersection,Implicit,f,新桥南大街,,,,,469,10
8301,6229,824.241526860503,Far,0.880708051536687,North,North,Intersection,Implicit,f,新桥南大街,,,,,469,10
8301,10728,672.683322463199,Far,1.39461410871089,North,North,Intersection,Implicit,f,新桥南大街,,,,,469,10
8301,10138,654.004838132986,Far,1.79272179600962,North,North,Intersection,Implicit,f,新桥南大街,,,,,469,10
8301,11049,354.048300604607,Medium,4.32430678559824,North,North,Intersection,Implicit,f,高家园路,,,,,469,10
8301,9088,324.507838746713,Medium,358.110018698039,North,North,Intersection,Implicit,t,高家园路,,,,,469,10
8301,12569,847.069383691425,Far,359.333934603056,North,North,Intersection,Implicit,t,新桥南大街,,,,,469,10
8301,11536,810.026640688497,Far,358.054985195625,North,North,Intersection,Implicit,t,新桥南大街,,,,,469,10
8301,12125,840.520749478985,Far,358.333014355465,North,North,Intersection,Implicit,t,新桥南大街,,,,,469,10
8301,8790,842.815522651674,Far,355.788341921262,North,North,Intersection,Implicit,f,新桥南大街,,,,,469,10
8301,13127,367.41210728473,Medium,347.237726594372,North,NorthNorthwest,Intersection,Implicit,f,高家园路,,,,,469,10
8301,8871,827.938035777683,Far,354.459871071609,North,North,Intersection,Implicit,f,新桥南大街,,,,,469,10
8301,8084,831.608907330287,Far,355.073109291028,North,North,Intersection,Implicit,f,新桥南大街,,,,,469,10
8301,7264,835.84308639343,Far,355.318850306091,North,North,Intersection,Implicit,f,新桥南大街,,,,,469,10
8301,8218,861.995775185175,Far,355.51289662291,North,North,Intersection,Implicit,f,新桥南大街,,,,,469,10
8301,8880,860.402760224477,Far,355.537798296449,North,North,Intersection,Implicit,f,新桥南大街,,,,,469,10
8301,6788,834.566223305559,Far,354.154323742443,North,North,Intersection,Implicit,f,新桥南大街,,,,,469,10
8301,5829,805.363142153523,Far,332.905743785644,Northwest,NorthNorthwest,Intersection,Implicit,f,高家园东街,,,,,469,10
8301,7442,802.546153527267,Far,333.378103378885,Northwest,NorthNorthwest,Intersection,Implicit,f,高家园东街,,,,,469,10
8301,5528,798.532289090786,Far,335.215096896743,Northwest,NorthNorthwest,Intersection,Implicit,t,高家园东街,,,,,469,10
8301,5863,801.862993590742,Far,335.212985385197,Northwest,NorthNorthwest,Intersection,Implicit,t,高家园东街,,,,,469,10
8301,7968,802.859178636058,Far,334.141444505526,Northwest,NorthNorthwest,Intersection,Implicit,f,高家园东街,,,,,469,10
8345,8725,59.5172811782006,Close,83.9469425504829,East,East,Intersection,Implicit,f,琉璃渠大街,,,,,8,3
8345,11676,121.761898362653,Close,96.3950621369375,East,East,Intersection,Implicit,f,琉璃渠大街,,,,,8,3
8345,9544,265.335978019308,Medium,46.3441637480811,Northeast,Northeast,Intersection,Implicit,f,琉璃渠大街,,,,,8,3
8345,8401,370.739054579169,Medium,84.499821089978,East,East,Intersection,Implicit,f,琉璃渠大街,,,,,8,3
8345,12990,963.284716414965,Far,61.7783156445079,Northeast,EastNortheast,Intersection,Implicit,f,琉璃渠大街,,,,,8,3
8345,6465,923.118197887631,Far,71.425471108607,East,EastNortheast,Intersection,Implicit,f,琉璃渠大街,,,,,8,3
8345,7762,961.336228793398,Far,73.4341707528061,East,EastNortheast,Intersection,Implicit,f,琉璃渠大街,,,,,8,3
8345,9722,994.15811650768,Far,78.35418708446,East,EastNortheast,Intersection,Implicit,f,琉璃渠大街,,,,,8,3
8377,11834,540.672503187168,Far,141.969512851213,Southeast,Southeast,Intersection,Implicit,f,丁家滩村南街,,,,,28,3
8377,13169,737.438459445329,Far,349.513316923098,North,North,Intersection,Implicit,f,铁路东街,,,,,28,3
8377,11369,756.816002425902,Far,352.513103868363,North,North,Intersection,Implicit,f,铁路东街,,,,,28,3
8377,11000,934.901804699179,Far,7.71532904035529,North,North,Intersection,Implicit,f,"",,,,,28,3
8377,8480,736.269073970101,Far,8.80728890340692,North,North,Intersection,Implicit,f,野丁路,,,,,28,3
8377,6449,984.256092319071,Far,15.3705848687966,North,NorthNortheast,Intersection,Implicit,f,石担路,,,,,28,3
8377,11553,998.140879286318,Far,13.6508961820428,North,NorthNortheast,Intersection,Implicit,f,石担路,,,,,28,3
8408,8751,914.715909169187,Far,303.283579333824,Northwest,WestNorthwest,Intersection,Implicit,f,南樱路,,,,,13,3
8408,6466,954.121226094786,Far,303.119985500672,Northwest,WestNorthwest,Intersection,Implicit,f,南樱路,,,,,13,3
8432,11736,269.010644959315,Medium,60.9364382357949,Northeast,EastNortheast,Intersection,Implicit,f,付珠路,,,,,1,3
8481,11736,729.810561995012,Far,191.483866523249,South,SouthSouthwest,Intersection,Implicit,f,付珠路,,,,,1,3
8581,11637,353.448238377802,Medium,337.868974424053,North,NorthNorthwest,Intersection,Implicit,f,"",,,,,2,3
8657,5865,525.018254170071,Far,198.023365335194,South,SouthSouthwest,Intersection,Implicit,f,斋堂西环路,,,,,84,4
8657,7841,346.220184164278,Medium,168.380648340694,South,SouthSoutheast,Intersection,Implicit,f,斋堂大街,,,,,84,4
8657,5323,410.490923489564,Medium,169.567352976277,South,South,Intersection,Implicit,f,斋堂大街,,,,,84,4
8657,11093,490.313239385749,Medium,185.562978763665,South,South,Intersection,Implicit,f,斋堂西环路,,,,,84,4
8657,10679,384.828929556368,Medium,166.379755130499,South,SouthSoutheast,Intersection,Implicit,f,斋堂大街,,,,,84,4
8657,11108,383.976171055078,Medium,166.018262341412,South,SouthSoutheast,Intersection,Implicit,f,斋堂大街,,,,,84,4
8657,11052,400.052295613298,Medium,167.581656292905,South,SouthSoutheast,Intersection,Implicit,f,斋堂大街,,,,,84,4
8657,9017,330.24052764789,Medium,161.856222617416,South,SouthSoutheast,Intersection,Implicit,f,斋堂大街,,,,,84,4
8657,7862,344.752852287434,Medium,158.744968413647,South,SouthSoutheast,Intersection,Implicit,f,斋堂大街,,,,,84,4
8657,10338,410.36559043161,Medium,158.737954253233,South,SouthSoutheast,Intersection,Implicit,f,斋堂大街,,,,,84,4
8657,11048,398.599278443554,Medium,158.407967374528,South,SouthSoutheast,Intersection,Implicit,f,斋堂大街,,,,,84,4
8657,6609,359.646971358234,Medium,129.180180203824,Southeast,Southeast,Intersection,Implicit,f,斋堂大街,,,,,84,4
8657,6549,362.327888415882,Medium,128.072909450902,Southeast,Southeast,Intersection,Implicit,f,斋堂大街,,,,,84,4
8657,10630,356.616573629056,Medium,131.507893273305,Southeast,Southeast,Intersection,Implicit,f,斋堂大街,,,,,84,4
8657,6781,747.828235035595,Far,73.1450547561482,East,EastNortheast,Intersection,Implicit,f,斋北路,,,,,84,4
8657,13229,982.636532309646,Far,82.8468637906211,East,East,Intersection,Implicit,f,京拉路,,,,,84,4
8657,10993,926.900977903095,Far,72.1946650858553,East,EastNortheast,Intersection,Implicit,f,斋堂大街,,,,,84,4
8657,11018,920.86620845937,Far,72.0305793584616,East,EastNortheast,Intersection,Implicit,f,斋堂大街,,,,,84,4
8657,5232,859.058393004582,Far,72.6820760794802,East,EastNortheast,Intersection,Implicit,f,斋堂大街,,,,,84,4
8679,13084,591.451680680859,Far,172.603787048071,South,South,Intersection,Implicit,f,斋堂大街,,,,,13,3
8707,10775,897.173781466566,Far,327.566108101934,Northwest,NorthNorthwest,Intersection,Implicit,f,下安路,,,,,5,3
8707,11770,957.254725839587,Far,313.097578908075,Northwest,Northwest,Intersection,Implicit,t,下安路,,,,,5,3
8712,11697,142.262846372895,Close,48.4847761608726,Northeast,Northeast,Intersection,Implicit,f,上苇甸路,,,,,3,3
8712,10392,167.847953424814,Close,45.9921642348061,Northeast,Northeast,Intersection,Implicit,f,大琅路,,,,,3,3
8715,11697,180.04010037202,Close,280.523630276863,West,West,Intersection,Implicit,f,上苇甸路,,,,,3,3
8715,10392,171.915145943589,Close,288.729366840152,West,WestNorthwest,Intersection,Implicit,f,大琅路,,,,,3,3
8747,10802,971.740840685802,Far,41.7818934211578,Northeast,Northeast,Intersection,Implicit,f,妙峰山路,,,,,25,3
8747,9432,947.892085693051,Far,310.805945369,Northwest,Northwest,Intersection,Implicit,f,禅涧路,,,,,25,3
8747,9762,832.397175490034,Far,350.042308705999,North,North,Intersection,Implicit,f,禅涧路,,,,,25,3
8747,8448,147.568513656232,Close,151.137503137135,Southeast,SouthSoutheast,Intersection,Implicit,f,禅涧路,,,,,25,3
8747,13070,28.9904538815109,VeryClose,160.54723446551,South,SouthSoutheast,Intersection,Implicit,f,禅涧路,,,,,25,3
8747,13117,28.9904538815109,VeryClose,160.54723446551,South,SouthSoutheast,Intersection,Implicit,f,禅涧路,,,,,25,3
8747,13180,28.9904538815109,VeryClose,160.54723446551,South,SouthSoutheast,Intersection,Implicit,f,禅涧路,,,,,25,3
8747,11646,162.6474319638,Close,195.743153115975,South,SouthSouthwest,Intersection,Implicit,f,妙峰山路,,,,,25,3
8747,8338,706.935805616176,Far,27.3017397947415,Northeast,NorthNortheast,Intersection,Implicit,f,禅涧路,,,,,25,3
8747,8412,754.589608728505,Far,28.4009564812475,Northeast,NorthNortheast,Intersection,Implicit,f,禅涧路,,,,,25,3
8747,10987,700.5985404345,Far,31.812742625949,Northeast,NorthNortheast,Intersection,Implicit,f,禅涧路,,,,,25,3
8747,10302,704.345406654882,Far,31.7414337947105,Northeast,NorthNortheast,Intersection,Implicit,f,禅涧路,,,,,25,3
8747,6098,731.644406813955,Far,30.4130701867146,Northeast,NorthNortheast,Intersection,Implicit,f,禅涧路,,,,,25,3
8747,6416,762.412324231994,Far,28.4813283490583,Northeast,NorthNortheast,Intersection,Implicit,f,禅涧路,,,,,25,3
8747,9657,780.838942092006,Far,27.4466925652155,Northeast,NorthNortheast,Intersection,Implicit,f,禅涧路,,,,,25,3
8747,9144,662.774396074077,Far,27.2129207116154,Northeast,NorthNortheast,Intersection,Implicit,f,禅涧路,,,,,25,3
8747,13325,813.609482976492,Far,38.3898301117405,Northeast,Northeast,Intersection,Implicit,f,禅涧路,,,,,25,3
8747,9151,895.830956470155,Far,33.2541235160443,Northeast,NorthNortheast,Intersection,Implicit,f,妙峰山路,,,,,25,3
8747,11618,868.104865283173,Far,32.7478192083949,Northeast,NorthNortheast,Intersection,Implicit,f,妙峰山路,,,,,25,3
8747,11577,807.460769556261,Far,33.063788219654,Northeast,NorthNortheast,Intersection,Implicit,f,妙峰山路,,,,,25,3
8747,10801,733.623098407417,Far,30.9613504328216,Northeast,NorthNortheast,Intersection,Implicit,f,禅涧路,,,,,25,3
8747,10165,719.617060214748,Far,31.6558725847312,Northeast,NorthNortheast,Intersection,Implicit,f,禅涧路,,,,,25,3
8747,13410,757.108448618824,Far,32.0147646250517,Northeast,NorthNortheast,Intersection,Implicit,f,禅涧路,,,,,25,3
8747,11841,789.484921327336,Far,32.1932583932847,Northeast,NorthNortheast,Intersection,Implicit,f,禅涧路,,,,,25,3
8747,5223,800.599030371601,Far,32.3832550020946,Northeast,NorthNortheast,Intersection,Implicit,f,禅涧路,,,,,25,3
9214,11352,459.279559821753,Medium,152.78872885329,Southeast,SouthSoutheast,Intersection,Implicit,f,京拉路,,,,,50,4
9214,6632,512.931553363014,Far,152.419424866532,Southeast,SouthSoutheast,Intersection,Implicit,f,京拉路,,,,,50,4
9214,9194,405.563725269267,Medium,168.013162383138,South,SouthSoutheast,Intersection,Implicit,f,上清水北大街,,,,,50,4
9214,9196,405.563725269267,Medium,168.013162383138,South,SouthSoutheast,Intersection,Implicit,f,上清水北大街,,,,,50,4
9214,6942,402.082328039586,Medium,168.486021974016,South,SouthSoutheast,Intersection,Implicit,f,上清水北大街,,,,,50,4
9214,9341,396.70073291445,Medium,168.289819377845,South,SouthSoutheast,Intersection,Implicit,f,上清水北大街,,,,,50,4
9214,10966,244.108155701872,Medium,181.46651190675,South,South,Intersection,Implicit,f,上清水北大街,,,,,50,4
9214,10476,235.243015705521,Medium,180.094833623728,South,South,Intersection,Implicit,f,上清水北大街,,,,,50,4
9214,5880,383.018639985407,Medium,173.571088543522,South,South,Intersection,Implicit,f,京拉路,,,,,50,4
9214,6735,382.362683647598,Medium,173.816431799249,South,South,Intersection,Implicit,f,京拉路,,,,,50,4
9214,6920,386.615276421007,Medium,172.822251859378,South,South,Intersection,Implicit,f,京拉路,,,,,50,4
9303,10366,117.82289721294,Close,255.061269294321,West,WestSouthwest,Intersection,Implicit,f,达西路,,,,,4,3
9330,13146,643.149047324097,Far,303.91555122159,Northwest,Northwest,Intersection,Implicit,f,上燕路,,,,,6,3
9403,5865,576.593956182086,Far,49.2594281134693,Northeast,Northeast,Intersection,Implicit,f,斋堂西环路,,,,,43,3
9403,7841,857.545280924358,Far,51.277549674421,Northeast,Northeast,Intersection,Implicit,f,斋堂大街,,,,,43,3
9403,5323,822.462588910462,Far,54.9905391471718,Northeast,Northeast,Intersection,Implicit,f,斋堂大街,,,,,43,3
9403,11093,674.287479023062,Far,54.9167768762899,Northeast,Northeast,Intersection,Implicit,f,斋堂西环路,,,,,43,3
9403,10679,852.974847650843,Far,53.9843455467158,Northeast,Northeast,Intersection,Implicit,f,斋堂大街,,,,,43,3
9403,11108,855.542528775171,Far,53.9928834417846,Northeast,Northeast,Intersection,Implicit,f,斋堂大街,,,,,43,3
9403,11052,839.519333112177,Far,54.7212239519813,Northeast,Northeast,Intersection,Implicit,f,斋堂大街,,,,,43,3
9403,9017,899.204011939806,Far,51.3391597433464,Northeast,Northeast,Intersection,Implicit,f,斋堂大街,,,,,43,3
9403,7862,912.032502076352,Far,52.5752146574123,Northeast,Northeast,Intersection,Implicit,f,斋堂大街,,,,,43,3
9403,10338,896.028359312516,Far,56.6090193726889,Northeast,EastNortheast,Intersection,Implicit,f,斋堂大街,,,,,43,3
9403,11048,900.813916616689,Far,55.9075864273309,Northeast,Northeast,Intersection,Implicit,f,斋堂大街,,,,,43,3
9408,10993,913.408930165086,Far,214.307578838782,Southwest,Southwest,Intersection,Implicit,f,斋堂大街,,,,,16,3
9408,11018,916.573444383514,Far,214.669497644747,Southwest,Southwest,Intersection,Implicit,f,斋堂大街,,,,,16,3
9408,5232,972.127799099385,Far,216.424790133883,Southwest,Southwest,Intersection,Implicit,f,斋堂大街,,,,,16,3
9408,13084,209.755417675349,Medium,156.993540886429,Southeast,SouthSoutheast,Intersection,Implicit,t,斋堂大街,,,,,16,3
9408,13031,701.056615885964,Far,192.886871065788,South,SouthSouthwest,Intersection,Implicit,f,"",,,,,16,3
9408,5164,779.382755676251,Far,152.240246155708,Southeast,SouthSoutheast,Intersection,Implicit,f,京拉路,,,,,16,3
9437,13146,51.1746288896105,Close,133.411326155219,Southeast,Southeast,Intersection,Implicit,t,上燕路,,,,,6,3
9437,10415,788.788340773291,Far,132.043006346754,Southeast,Southeast,Intersection,Implicit,f,上燕路,,,,,6,3
9437,9376,824.617306455816,Far,121.74802290752,Southeast,EastSoutheast,Intersection,Implicit,f,上燕路,,,,,6,3
9437,9146,902.56897316439,Far,127.924113872785,Southeast,Southeast,Intersection,Implicit,f,上燕路,,,,,6,3
9437,9363,871.383256576802,Far,120.762855005466,Southeast,EastSoutheast,Intersection,Implicit,f,上燕路,,,,,6,3
9437,9274,990.823644050894,Far,128.308185163532,Southeast,Southeast,Intersection,Implicit,f,上燕路,,,,,6,3
9451,12104,946.343979306333,Far,34.0807976324695,Northeast,Northeast,Intersection,Implicit,f,石门营路,,,,,95,4
9451,13178,956.965487796991,Far,14.9526211490571,North,NorthNortheast,Intersection,Implicit,f,紫金路,,,,,95,4
9451,13122,619.616118469656,Far,17.4942974935499,North,NorthNortheast,Intersection,Implicit,f,石门营路,,,,,95,4
9451,11095,869.020284264128,Far,13.4452499040951,North,NorthNortheast,Intersection,Implicit,f,紫金路,,,,,95,4
9451,10716,847.015731498071,Far,13.1978395365299,North,NorthNortheast,Intersection,Implicit,f,紫金路,,,,,95,4
9451,13285,821.130126503998,Far,13.0702350274066,North,NorthNortheast,Intersection,Implicit,f,石园南路,,,,,95,4
9451,10765,840.140172112006,Far,12.723318078069,North,NorthNortheast,Intersection,Implicit,f,紫金路,,,,,95,4
9451,12159,857.105317473434,Far,12.5610720468681,North,NorthNortheast,Intersection,Implicit,f,紫金路,,,,,95,4
9451,11659,832.628653148407,Far,11.7343353974487,North,NorthNortheast,Intersection,Implicit,f,石园南路,,,,,95,4
9451,12136,731.046460899917,Far,13.6056257433752,North,NorthNortheast,Intersection,Implicit,f,石园南路,,,,,95,4
9451,12182,834.040467545267,Far,10.2809326605265,North,North,Intersection,Implicit,f,石园南路,,,,,95,4
9451,13175,779.283768349933,Far,10.4592713870222,North,North,Intersection,Implicit,f,石园南路,,,,,95,4
9451,11040,852.229215396386,Far,9.02942220333811,North,North,Intersection,Implicit,f,紫金路,,,,,95,4
9451,8995,985.228505902607,Far,13.0238686619,North,NorthNortheast,Intersection,Implicit,f,紫金路,,,,,95,4
9451,13324,977.226229659271,Far,13.3691516757498,North,NorthNortheast,Intersection,Implicit,f,紫金路,,,,,95,4
9451,13168,766.305691439157,Far,318.880077552825,Northwest,Northwest,Intersection,Implicit,f,"",,,,,95,4
9451,13073,574.804547928479,Far,231.507520676036,Southwest,Southwest,Intersection,Implicit,f,大灰厂路,,,,,95,4
9451,13234,723.808587632773,Far,331.575807544559,Northwest,NorthNorthwest,Intersection,Implicit,f,紫金北路,,,,,95,4
9451,13504,728.154201327024,Far,330.474416501265,Northwest,NorthNorthwest,Intersection,Implicit,f,紫金北路,,,,,95,4
9451,13140,494.958024525927,Medium,327.25743200387,Northwest,NorthNorthwest,Intersection,Implicit,f,京昆路,,,,,95,4
9451,7872,886.737027709247,Far,348.698710844418,North,NorthNorthwest,Intersection,Implicit,f,石园南路,,,,,95,4
9451,8193,868.562451469612,Far,348.850162999836,North,North,Intersection,Implicit,f,石园南路,,,,,95,4
9451,12176,895.736256926288,Far,349.768178447134,North,North,Intersection,Implicit,f,石园南路,,,,,95,4
9451,13187,856.970675786213,Far,351.255303835293,North,North,Intersection,Implicit,f,石园南路,,,,,95,4
9451,6256,810.985227719086,Far,352.215203514734,North,North,Intersection,Implicit,f,石园南路,,,,,95,4
9451,12177,819.882190423395,Far,353.217648894567,North,North,Intersection,Implicit,f,石园南路,,,,,95,4
9456,10366,130.208320917033,Close,170.639730985005,South,South,Intersection,Implicit,f,达西路,,,,,4,3
9461,13041,996.006912688363,Far,138.704510647706,Southeast,Southeast,Intersection,Implicit,f,石担路,,,,,31,3
9461,13138,341.15884629656,Medium,88.191294888791,East,East,Intersection,Implicit,t,担陇路,,,,,31,3
9461,8316,416.761809925473,Medium,258.115432459064,West,WestSouthwest,Intersection,Implicit,f,京拉路,,,,,31,3
9461,11747,503.539784280024,Far,250.891548334073,West,WestSouthwest,Intersection,Implicit,f,京拉路,,,,,31,3
9461,13066,492.530757896401,Medium,250.881555276677,West,WestSouthwest,Intersection,Implicit,f,妙峰山路,,,,,31,3
9483,11838,786.737311688303,Far,79.3559700082209,East,East,Intersection,Implicit,f,柏峪隧道,,,,,5,3
9483,13090,511.093152323672,Far,93.5074526764914,East,East,Intersection,Implicit,f,柏峪隧道,,,,,5,3
9514,13418,565.611133350977,Far,207.870843999351,Southwest,SouthSouthwest,Intersection,Implicit,f,斜河涧路,,,,,17,3
9515,8751,543.77516329162,Far,140.289260842396,Southeast,Southeast,Intersection,Implicit,f,南樱路,,,,,16,3
9515,6466,507.090153848267,Far,141.885863838908,Southeast,Southeast,Intersection,Implicit,f,南樱路,,,,,16,3
9537,11691,941.287446518252,Far,146.686798392542,Southeast,SouthSoutheast,Intersection,Implicit,f,珠黄路,,,,,6,3
9537,10401,954.359551438271,Far,146.69110208029,Southeast,SouthSoutheast,Intersection,Implicit,f,珠黄路,,,,,6,3
9537,13209,972.917449509027,Far,147.43943409443,Southeast,SouthSoutheast,Intersection,Implicit,f,珠黄路,,,,,6,3
9537,10963,947.248325820548,Far,145.637977162644,Southeast,Southeast,Intersection,Implicit,f,珠黄路,,,,,6,3
9537,10858,958.956525078088,Far,146.11017340744,Southeast,Southeast,Intersection,Implicit,f,珠黄路,,,,,6,3
9549,11182,810.540805892831,Far,72.3740507122537,East,EastNortheast,Intersection,Implicit,f,京昆路,,,,,5,3
9549,10500,838.128744224741,Far,72.72382474462,East,EastNortheast,Intersection,Implicit,f,京昆路,,,,,5,3
9549,13194,849.025672419467,Far,73.5929085383787,East,EastNortheast,Intersection,Implicit,f,京昆路,,,,,5,3
9587,13104,278.120683002555,Medium,161.305175487343,South,SouthSoutheast,Intersection,Implicit,f,斋幽路,,,,,7,3
9587,13137,470.116433603721,Medium,70.6023091805185,East,EastNortheast,Intersection,Implicit,f,斋幽路,,,,,7,3
9593,12509,87.5304035410239,Close,92.2983493495156,East,East,Intersection,Implicit,f,灵山路,,,,,33,3
9593,11597,140.95548512035,Close,106.959585591353,East,EastSoutheast,Intersection,Implicit,f,灵山路,,,,,33,3
9593,5226,126.629519863354,Close,107.692232868524,East,EastSoutheast,Intersection,Implicit,f,灵山路,,,,,33,3
9593,10710,161.582667516198,Close,102.383921697788,East,EastSoutheast,Intersection,Implicit,f,灵山路,,,,,33,3
9593,11693,167.976785268421,Close,104.183782954623,East,EastSoutheast,Intersection,Implicit,f,灵山路,,,,,33,3
9593,11798,171.534212799292,Close,105.198620845302,East,EastSoutheast,Intersection,Implicit,f,灵山路,,,,,33,3
9593,11698,173.302667784903,Close,105.313484776799,East,EastSoutheast,Intersection,Implicit,f,灵山路,,,,,33,3
9612,13041,410.184964876995,Medium,23.1575179366343,Northeast,NorthNortheast,Intersection,Implicit,f,石担路,,,,,24,3
9612,13164,215.139930264086,Medium,25.7087415239113,Northeast,NorthNortheast,Intersection,Implicit,f,石担路,,,,,24,3
9649,11736,50.1491697964378,Close,289.200156682865,West,WestNorthwest,Intersection,Implicit,f,付珠路,,,,,1,3
9659,11529,857.934461816857,Far,341.957986178375,North,NorthNorthwest,Intersection,Implicit,f,门头沟路,,,,,27,3
9659,12152,840.241363432253,Far,343.702810657857,North,NorthNorthwest,Intersection,Implicit,f,门头沟路,,,,,27,3
9659,10789,828.043707670344,Far,345.125047505915,North,NorthNorthwest,Intersection,Implicit,f,门头沟路,,,,,27,3
9659,12560,835.469642570224,Far,345.369078133991,North,NorthNorthwest,Intersection,Implicit,f,门头沟路,,,,,27,3
9659,11878,859.039313855325,Far,346.061307138994,North,NorthNorthwest,Intersection,Implicit,f,门头沟路,,,,,27,3
9659,10797,832.192513699071,Far,346.000519234157,North,NorthNorthwest,Intersection,Implicit,f,门头沟路,,,,,27,3
9659,13447,488.837698056285,Medium,185.344003918551,South,South,Intersection,Implicit,f,中赵路,,,,,27,3
9659,11730,480.785970820249,Medium,187.334690941366,South,South,Intersection,Implicit,f,中赵路,,,,,27,3
9659,5809,495.276620395071,Medium,193.265540450183,South,SouthSouthwest,Intersection,Implicit,f,中赵路,,,,,27,3
9659,11076,875.270544670652,Far,351.164468653088,North,North,Intersection,Implicit,f,门头沟路,,,,,27,3
9659,11667,881.012299050501,Far,355.466144669054,North,North,Intersection,Implicit,f,门头沟路,,,,,27,3
9659,8361,824.503760273586,Far,351.305204045237,North,North,Intersection,Implicit,f,门头沟路,,,,,27,3
9660,13418,455.609550761031,Medium,7.04647362334754,North,North,Intersection,Implicit,f,斜河涧路,,,,,4,3
9663,12509,674.743639418228,Far,216.404168388484,Southwest,Southwest,Intersection,Implicit,f,灵山路,,,,,34,3
9663,11597,679.593594116979,Far,211.301758564873,Southwest,SouthSouthwest,Intersection,Implicit,f,灵山路,,,,,34,3
9663,5226,684.846435719398,Far,212.430302513092,Southwest,SouthSouthwest,Intersection,Implicit,f,灵山路,,,,,34,3
9663,10710,662.323372948686,Far,209.892216283126,Southwest,SouthSouthwest,Intersection,Implicit,f,灵山路,,,,,34,3
9663,11693,665.499599338237,Far,209.237361293414,Southwest,SouthSouthwest,Intersection,Implicit,f,灵山路,,,,,34,3
9663,11798,667.529690653716,Far,208.876997156567,Southwest,SouthSouthwest,Intersection,Implicit,f,灵山路,,,,,34,3
9663,11698,667.45158665309,Far,208.722470203962,Southwest,SouthSouthwest,Intersection,Implicit,f,灵山路,,,,,34,3
9669,10775,523.978485393429,Far,94.5988775786131,East,East,Intersection,Implicit,f,下安路,,,,,6,3
9669,11770,337.338342045506,Medium,115.49458956352,Southeast,EastSoutheast,Intersection,Implicit,f,下安路,,,,,6,3
9682,13172,836.998918418135,Far,29.4289042788788,Northeast,NorthNortheast,Intersection,Implicit,f,南雁路,,,,,11,3
9682,10699,726.622951343204,Far,29.2650556598908,Northeast,NorthNortheast,Intersection,Implicit,f,704村道,,,,,11,3
9682,6551,814.156920099406,Far,26.4876587591432,Northeast,NorthNortheast,Intersection,Implicit,f,南雁路,,,,,11,3
9682,9673,828.076209454569,Far,26.9413146059727,Northeast,NorthNortheast,Intersection,Implicit,f,南雁路,,,,,11,3
9682,11188,833.290342291866,Far,27.6762099942668,Northeast,NorthNortheast,Intersection,Implicit,f,南雁路,,,,,11,3
9682,9725,855.68212543644,Far,27.0431807983589,Northeast,NorthNortheast,Intersection,Implicit,f,南雁路,,,,,11,3
9701,5227,878.071214536316,Far,153.00645970696,Southeast,SouthSoutheast,Intersection,Implicit,f,斋柏路,,,,,5,3
9717,11584,972.300392518909,Far,52.4872576910482,Northeast,Northeast,Intersection,Implicit,f,下安路,,,,,3,3
9721,5227,824.045638059393,Far,306.433621138392,Northwest,Northwest,Intersection,Implicit,f,斋柏路,,,,,5,3
9726,9323,145.340816486855,Close,307.476093348044,Northwest,Northwest,Intersection,Implicit,f,双黄路,,,,,4,3
9726,9266,568.803557536538,Far,101.643773664999,East,EastSoutheast,Intersection,Implicit,f,双黄路,,,,,4,3
9726,10735,250.685028533083,Medium,107.405609708302,East,EastSoutheast,Intersection,Implicit,f,双黄路,,,,,4,3
9726,8326,865.995251542003,Far,112.95540419464,Southeast,EastSoutheast,Intersection,Implicit,f,双黄路,,,,,4,3
9752,13024,280.06067612252,Medium,136.351375524715,Southeast,Southeast,Intersection,Implicit,f,"",,,,,5,3
9752,13025,269.160336059657,Medium,132.247413346143,Southeast,Southeast,Intersection,Implicit,f,"",,,,,5,3
9756,8725,862.660098363942,Far,181.050843461594,South,South,Intersection,Implicit,f,琉璃渠大街,,,,,10,3
9761,6546,367.670904441786,Medium,304.922085848174,Northwest,Northwest,Intersection,Implicit,f,军温路,,,,,11,3
9761,6697,370.824428448662,Medium,305.421481452512,Northwest,Northwest,Intersection,Implicit,f,军温路,,,,,11,3
9761,6830,365.591425490202,Medium,304.68160836208,Northwest,Northwest,Intersection,Implicit,f,军温路,,,,,11,3
9955,11555,656.893690133095,Far,153.523569459992,Southeast,SouthSoutheast,Intersection,Implicit,f,京昆路,,,,,42,3
9955,6152,668.121262856419,Far,151.309746105814,Southeast,SouthSoutheast,Intersection,Implicit,f,京昆路,,,,,42,3
9955,13047,625.27684234861,Far,75.8637477815708,East,EastNortheast,Intersection,Implicit,f,京昆路,,,,,42,3
10063,13191,182.069454833785,Close,355.208362281025,North,North,Intersection,Implicit,f,"",,,,,9,3
10063,8694,840.011730532923,Far,358.548254631445,North,North,Intersection,Implicit,t,高芹路,,,,,9,3
10211,11562,956.252389741704,Far,276.241083872874,West,West,Intersection,Implicit,f,石担路,,,,,206,10
10211,11660,752.640733077488,Far,166.914153283946,South,SouthSoutheast,Intersection,Implicit,f,三温路,,,,,206,10
10211,10975,826.149876826476,Far,167.35969451866,South,SouthSoutheast,Intersection,Implicit,f,三温路,,,,,206,10
10211,13400,833.951685702828,Far,150.97462459977,Southeast,SouthSoutheast,Intersection,Implicit,f,石门路,,,,,206,10
10211,5279,859.962666359788,Far,150.062087741521,Southeast,SouthSoutheast,Intersection,Implicit,f,石门路,,,,,206,10
10211,13156,888.639262842301,Far,150.479050506034,Southeast,SouthSoutheast,Intersection,Implicit,f,石门路,,,,,206,10
10211,5740,878.598828088811,Far,148.999651248742,Southeast,SouthSoutheast,Intersection,Implicit,f,石门路,,,,,206,10
10211,8859,866.546775792924,Far,146.553464716705,Southeast,SouthSoutheast,Intersection,Implicit,f,石门路,,,,,206,10
10211,7149,923.886926756159,Far,147.020880241801,Southeast,SouthSoutheast,Intersection,Implicit,f,石门路,,,,,206,10
10211,7157,908.257671927237,Far,146.136058989209,Southeast,Southeast,Intersection,Implicit,f,石门路,,,,,206,10
10211,10747,923.825932949896,Far,146.64223977999,Southeast,SouthSoutheast,Intersection,Implicit,f,石门路,,,,,206,10
10211,13189,899.256577690192,Far,160.904018301297,South,SouthSoutheast,Intersection,Implicit,f,"",,,,,206,10
10211,13151,905.222495592846,Far,161.743418681329,South,SouthSoutheast,Intersection,Implicit,f,"",,,,,206,10
10211,5532,936.880588010853,Far,165.208413902114,South,SouthSoutheast,Intersection,Implicit,f,石门路,,,,,206,10
10211,11525,942.076000179811,Far,171.150652273443,South,South,Intersection,Implicit,f,石担路联络线,,,,,206,10
10211,5739,976.418999867297,Far,171.799646930125,South,South,Intersection,Implicit,f,石担路联络线,,,,,206,10
10211,5847,988.325948385516,Far,171.926208856022,South,South,Intersection,Implicit,f,石担路联络线,,,,,206,10
10211,6996,986.643886170355,Far,171.755701133746,South,South,Intersection,Implicit,f,石担路联络线,,,,,206,10
10211,8867,972.075828472277,Far,171.326605922848,South,South,Intersection,Implicit,f,石担路联络线,,,,,206,10
10211,6810,977.861081698577,Far,172.657849154005,South,South,Intersection,Implicit,f,石担路联络线,,,,,206,10
10211,13316,981.795481719677,Far,172.699839905776,South,South,Intersection,Implicit,f,石担路联络线,,,,,206,10
10211,5426,934.399488021808,Far,172.170642011327,South,South,Intersection,Implicit,f,石担路联络线,,,,,206,10
10211,8283,940.552329330555,Far,173.266470975485,South,South,Intersection,Implicit,f,石担路联络线,,,,,206,10
10211,10614,945.064266141132,Far,173.797459608739,South,South,Intersection,Implicit,f,石担路联络线,,,,,206,10
10211,7275,939.365412390618,Far,174.149711733466,South,South,Intersection,Implicit,f,石担路联络线,,,,,206,10
10211,10536,935.299140146087,Far,174.17434749643,South,South,Intersection,Implicit,f,石担路联络线,,,,,206,10
10211,6806,943.816728914757,Far,174.660176285395,South,South,Intersection,Implicit,f,石担路联络线,,,,,206,10
10211,5957,939.573291389166,Far,174.596697896281,South,South,Intersection,Implicit,f,石担路联络线,,,,,206,10
10211,12912,937.691903758486,Far,174.395618466469,South,South,Intersection,Implicit,f,石担路联络线,,,,,206,10
10211,5993,939.798357424952,Far,174.467158469565,South,South,Intersection,Implicit,f,石担路联络线,,,,,206,10
10211,13239,970.749893843523,Far,174.637199824396,South,South,Intersection,Implicit,f,石担路联络线,,,,,206,10
10211,10496,921.575463022863,Far,175.098996216779,South,South,Intersection,Implicit,f,石担路联络线,,,,,206,10
10364,11113,607.543345525012,Far,97.3778180128897,East,East,Intersection,Implicit,f,"",,,,,5,3
10364,11117,645.064373756603,Far,100.279893005921,East,East,Intersection,Implicit,f,高芹路,,,,,5,3
10364,13060,635.501381155152,Far,98.2395475532182,East,East,Intersection,Implicit,f,高芹路,,,,,5,3
10364,13052,706.607437107657,Far,96.9362152524971,East,East,Intersection,Implicit,f,高芹路,,,,,5,3
10364,11729,708.658433325534,Far,96.9901482102153,East,East,Intersection,Implicit,f,高芹路,,,,,5,3
10383,9637,853.724802370927,Far,141.975933454074,Southeast,Southeast,Intersection,Implicit,f,下苇甸桥,,,,,29,3
10383,11768,851.936987569221,Far,143.346962848228,Southeast,Southeast,Intersection,Implicit,f,下苇甸桥,,,,,29,3
10383,13224,720.408629220904,Far,135.571825646902,Southeast,Southeast,Intersection,Implicit,f,京拉路,,,,,29,3
10383,9497,818.416725309834,Far,143.559277283508,Southeast,Southeast,Intersection,Implicit,f,下苇甸桥,,,,,29,3
10383,11584,692.752504620668,Far,284.871623488971,West,WestNorthwest,Intersection,Implicit,f,下安路,,,,,29,3
10444,11720,435.496386343365,Medium,238.34667673223,Southwest,WestSouthwest,Intersection,Implicit,f,沿向路,,,,,9,3
10712,9073,918.36454260962,Far,57.1593391904698,Northeast,EastNortheast,Intersection,Implicit,f,潭王路旧线,,,,,39,3
10712,6094,812.223313898422,Far,21.1932482600746,North,NorthNortheast,Intersection,Implicit,t,潭王路,,,,,39,3
10712,6072,802.580290816179,Far,20.860704780435,North,NorthNortheast,Intersection,Implicit,t,潭王路,,,,,39,3
10712,13424,407.883112366014,Medium,284.080316263945,West,WestNorthwest,Intersection,Implicit,f,南赵路,,,,,39,3
10721,13104,962.775276430002,Far,229.632103362927,Southwest,Southwest,Intersection,Implicit,f,斋幽路,,,,,5,3
10721,13137,430.638651182918,Medium,241.724349930079,Southwest,WestSouthwest,Intersection,Implicit,f,斋幽路,,,,,5,3
10771,8091,984.957280244411,Far,62.764480500494,Northeast,EastNortheast,Intersection,Implicit,f,京拉路,,,,,8,3
10771,10340,996.910077532487,Far,61.2326925073579,Northeast,EastNortheast,Intersection,Implicit,f,京拉路,,,,,8,3
10771,11077,996.109727114383,Far,62.2372365385226,Northeast,EastNortheast,Intersection,Implicit,f,京拉路,,,,,8,3
10778,11529,624.811186343995,Far,91.9805740657987,East,East,Intersection,Implicit,f,门头沟路,,,,,19,3
10778,12152,655.091736993488,Far,92.7004114444657,East,East,Intersection,Implicit,f,门头沟路,,,,,19,3
10778,10789,678.597259267283,Far,93.1296840878323,East,East,Intersection,Implicit,f,门头沟路,,,,,19,3
10778,12560,679.737331828427,Far,92.4422772236816,East,East,Intersection,Implicit,f,门头沟路,,,,,19,3
10778,11878,683.233556862066,Far,90.3018421111293,East,East,Intersection,Implicit,f,门头沟路,,,,,19,3
10778,10797,689.481495376867,Far,92.4828649154872,East,East,Intersection,Implicit,f,门头沟路,,,,,19,3
10778,11076,756.213794386309,Far,87.9128821196753,East,East,Intersection,Implicit,t,门头沟路,,,,,19,3
10778,11667,821.529445649412,Far,87.14550008934,East,East,Intersection,Implicit,f,门头沟路,,,,,19,3
10778,8361,765.836591605676,Far,91.6697374361421,East,East,Intersection,Implicit,f,门头沟路,,,,,19,3
10819,11055,513.977799308307,Far,82.1651906217969,East,East,Intersection,Implicit,f,京拉路,,,,,59,4
10819,10319,512.205999036087,Far,82.7873681195242,East,East,Intersection,Implicit,f,京拉路,,,,,59,4
10819,11352,411.421965785361,Medium,274.538487085173,West,West,Intersection,Implicit,f,京拉路,,,,,59,4
10819,6632,382.905904291919,Medium,267.958923552704,West,West,Intersection,Implicit,t,京拉路,,,,,59,4
10819,9194,537.7442414676,Far,274.723760356091,West,West,Intersection,Implicit,f,上清水北大街,,,,,59,4
10819,9196,537.7442414676,Far,274.723760356091,West,West,Intersection,Implicit,f,上清水北大街,,,,,59,4
10819,6942,541.932691617134,Far,274.976797367511,West,West,Intersection,Implicit,f,上清水北大街,,,,,59,4
10819,9341,542.186790833433,Far,275.563101566336,West,West,Intersection,Implicit,f,上清水北大街,,,,,59,4
10819,10966,656.636075530954,Far,287.456298008044,West,WestNorthwest,Intersection,Implicit,f,上清水北大街,,,,,59,4
10819,10476,653.761920149966,Far,288.344844614082,West,WestNorthwest,Intersection,Implicit,f,上清水北大街,,,,,59,4
10819,5880,580.411996025038,Far,275.972717702875,West,West,Intersection,Implicit,f,京拉路,,,,,59,4
10819,6735,582.152783507486,Far,276.001500247078,West,West,Intersection,Implicit,f,京拉路,,,,,59,4
10819,6920,574.716766593601,Far,275.733918968821,West,West,Intersection,Implicit,f,京拉路,,,,,59,4
10889,10798,890.848312410916,Far,133.801823530625,Southeast,Southeast,Intersection,Implicit,t,"",,,,,136,6
10889,13197,970.311592038252,Far,137.02465620303,Southeast,Southeast,Intersection,Implicit,f,石龙西路,,,,,136,6
10889,13141,802.974196021352,Far,122.568871576184,Southeast,EastSoutheast,Intersection,Implicit,f,冯园街,,,,,136,6
10889,8563,833.753482146004,Far,120.796309096061,Southeast,EastSoutheast,Intersection,Implicit,f,冯园街,,,,,136,6
10889,11561,663.182219601144,Far,272.898835865194,West,West,Intersection,Implicit,f,石龙西路,,,,,136,6
10889,13273,714.214886920957,Far,150.11948661646,Southeast,SouthSoutheast,Intersection,Implicit,f,石龙西路,,,,,136,6
10889,12541,756.148136426214,Far,149.663905177649,Southeast,SouthSoutheast,Intersection,Implicit,f,冯雅路,,,,,136,6
10889,12149,834.969629188369,Far,153.360053183865,Southeast,SouthSoutheast,Intersection,Implicit,f,冯雅路,,,,,136,6
10889,7802,935.73076996992,Far,154.647008232875,Southeast,SouthSoutheast,Intersection,Implicit,f,冯雅路,,,,,136,6
10889,13143,489.441427071407,Medium,159.785433230649,South,SouthSoutheast,Intersection,Implicit,f,冯村中路,,,,,136,6
10889,12795,844.922861326458,Far,175.304450621096,South,South,Intersection,Implicit,f,万增路,,,,,136,6
10889,7969,900.973034394219,Far,175.715083507856,South,South,Intersection,Implicit,f,万增路,,,,,136,6
10889,6053,842.884040915157,Far,176.428875468565,South,South,Intersection,Implicit,f,万增路,,,,,136,6
10889,11760,810.590098943066,Far,181.990619560437,South,South,Intersection,Implicit,f,冯村中街,,,,,136,6
10889,11683,391.806063662977,Medium,216.932232461963,Southwest,Southwest,Intersection,Implicit,f,冯石环线,,,,,136,6
10921,5436,967.339250767865,Far,125.633276250587,Southeast,Southeast,Intersection,Implicit,f,京拉路,,,,,12,3
10921,13079,990.875723157557,Far,125.162837652975,Southeast,Southeast,Intersection,Implicit,f,京拉路,,,,,12,3
10921,11045,978.630061703164,Far,123.697269710248,Southeast,EastSoutheast,Intersection,Implicit,f,京拉路,,,,,12,3
10956,9380,573.068820622254,Far,71.7542811593108,East,EastNortheast,Intersection,Implicit,f,张公路,,,,,2,3
10956,13530,554.095884613469,Far,74.8266514648994,East,EastNortheast,Intersection,Implicit,f,张公路,,,,,2,3
10961,13108,819.4196649802,Far,111.333456725817,East,EastSoutheast,Intersection,Implicit,t,京拉路,,,,,60,4
10961,13074,759.404162332833,Far,111.432002905281,East,EastSoutheast,Intersection,Implicit,t,京拉路,,,,,60,4
10961,12529,693.700221585054,Far,96.6551904768011,East,East,Intersection,Implicit,f,王平大街东路,,,,,60,4
10961,13490,716.406264910785,Far,95.4463829208416,East,East,Intersection,Implicit,f,王平大街东路,,,,,60,4
10961,11575,712.717410624244,Far,110.0630283331,East,EastSoutheast,Intersection,Implicit,t,京拉路,,,,,60,4
10961,9238,679.689929580484,Far,110.021583760755,East,EastSoutheast,Intersection,Implicit,t,京拉路,,,,,60,4
10961,9340,631.788034637491,Far,109.410807312309,East,EastSoutheast,Intersection,Implicit,f,京拉路,,,,,60,4
10961,6964,446.277708652182,Medium,96.3781577044912,East,East,Intersection,Implicit,f,京拉路,,,,,60,4
10961,11725,800.712758203815,Far,28.5551412813329,Northeast,NorthNortheast,Intersection,Implicit,f,"",,,,,60,4
10961,8091,374.248478373047,Medium,90.3420934234622,East,East,Intersection,Implicit,f,京拉路,,,,,60,4
10961,10340,373.317651164619,Medium,85.888326642755,East,East,Intersection,Implicit,f,京拉路,,,,,60,4
10961,11077,380.08461549474,Medium,88.3415614404549,East,East,Intersection,Implicit,t,京拉路,,,,,60,4
10961,11775,388.898223718071,Medium,86.1376185128644,East,East,Intersection,Implicit,f,京拉路,,,,,60,4
10961,13402,419.414742908375,Medium,89.7317371425524,East,East,Intersection,Implicit,t,京拉路,,,,,60,4
10961,6653,418.352535466908,Medium,96.2124431753593,East,East,Intersection,Implicit,f,京拉路,,,,,60,4
10961,6800,408.36050293429,Medium,93.2056380179172,East,East,Intersection,Implicit,f,京拉路,,,,,60,4
10961,6817,408.36050293429,Medium,93.2056380179172,East,East,Intersection,Implicit,f,京拉路,,,,,60,4
10962,13191,692.026162196602,Far,170.468116572195,South,South,Intersection,Implicit,f,"",,,,,7,3
10962,8694,111.181417251055,Close,102.552127532014,East,EastSoutheast,Intersection,Implicit,f,高芹路,,,,,7,3
10989,13106,570.638838115703,Far,130.989807715165,Southeast,Southeast,Intersection,Implicit,f,京拉路,,,,,13,3
10989,6503,570.561922587931,Far,127.24243311233,Southeast,Southeast,Intersection,Implicit,f,京拉路,,,,,13,3
10989,13459,613.968239382897,Far,127.752862092231,Southeast,Southeast,Intersection,Implicit,f,京拉路,,,,,13,3
10997,13191,374.02223616689,Medium,13.1123859045514,North,NorthNortheast,Intersection,Implicit,f,"",,,,,7,3
11025,10966,903.798973042536,Far,162.055475609748,South,SouthSoutheast,Intersection,Implicit,f,上清水北大街,,,,,3,3
11025,10476,897.283869344296,Far,161.52676204108,South,SouthSoutheast,Intersection,Implicit,f,上清水北大街,,,,,3,3
11112,13243,305.81806214107,Medium,11.6765835452218,North,NorthNortheast,Intersection,Implicit,f,"",,,,,11,3
11112,13186,447.576501591901,Medium,5.85177124021371,North,North,Intersection,Implicit,f,"",,,,,11,3
11118,6441,998.156666512523,Far,125.406449257925,Southeast,Southeast,Intersection,Implicit,f,潭王路旧线,,,,,43,3
11118,9073,917.774883811188,Far,10.0761551231284,North,North,Intersection,Implicit,f,潭王路旧线,,,,,43,3
11133,13017,930.935342397812,Far,57.5728907710237,Northeast,EastNortheast,Intersection,Implicit,f,"",,,,,56,4
11133,13020,917.883295096923,Far,56.5238574276577,Northeast,EastNortheast,Intersection,Implicit,f,"",,,,,56,4
11133,13077,317.663834719859,Medium,17.6578189725774,North,NorthNortheast,Intersection,Implicit,f,香杏路,,,,,56,4
11133,6458,746.259761417707,Far,186.295983486445,South,South,Intersection,Implicit,f,香杏路,,,,,56,4
11190,5368,705.650421588772,Far,27.7545884947956,Northeast,NorthNortheast,Intersection,Implicit,f,野丁路,,,,,37,3
11190,9597,711.645197655806,Far,28.031655471933,Northeast,NorthNortheast,Intersection,Implicit,f,野丁路,,,,,37,3
11190,13332,705.37775619569,Far,22.7912811328499,Northeast,NorthNortheast,Intersection,Implicit,f,野丁路,,,,,37,3
11190,6540,668.458993084826,Far,17.6315447126041,North,NorthNortheast,Intersection,Implicit,f,"",,,,,37,3
11190,10627,992.135034132425,Far,7.57286122697861,North,North,Intersection,Implicit,f,陇驾庄西街,,,,,37,3
11190,10588,979.266194186719,Far,7.67488927562616,North,North,Intersection,Implicit,f,陇驾庄西街,,,,,37,3
11190,11338,669.756116382072,Far,12.3816686993691,North,NorthNortheast,Intersection,Implicit,f,"",,,,,37,3
11190,7590,674.553662163935,Far,15.2399316552364,North,NorthNortheast,Intersection,Implicit,f,"",,,,,37,3
11190,10660,996.897180763699,Far,6.49490510695293,North,North,Intersection,Implicit,f,陇驾庄西街,,,,,37,3
11190,11834,848.083582658566,Far,316.62156457513,Northwest,Northwest,Intersection,Implicit,f,丁家滩村南街,,,,,37,3
11202,11672,412.368715161974,Medium,139.705452205429,Southeast,Southeast,Intersection,Implicit,f,京拉路,,,,,2,3
11208,12390,230.508999393259,Medium,335.154170105499,Northwest,NorthNorthwest,Intersection,Implicit,t,香杏路,,,,,22,3
11208,12473,230.572513357984,Medium,335.185137275644,Northwest,NorthNorthwest,Intersection,Implicit,t,香杏路,,,,,22,3
11230,6515,660.677868865275,Far,58.5322668016289,Northeast,EastNortheast,Intersection,Implicit,f,清千路,,,,,7,3
11230,8985,692.262329962717,Far,54.7559565515673,Northeast,Northeast,Intersection,Implicit,f,清千路,,,,,7,3
11230,11639,703.403242256567,Far,64.7949655460532,Northeast,EastNortheast,Intersection,Implicit,f,清千路,,,,,7,3
11230,11637,817.380180075704,Far,120.887304740237,Southeast,EastSoutheast,Intersection,Implicit,f,"",,,,,7,3
11248,10903,170.985330622288,Close,227.46047324299,Southwest,Southwest,Intersection,Implicit,f,双黄路,,,,,2,3
11248,9329,710.500778864216,Far,191.072308561979,South,South,Intersection,Implicit,f,双黄路,,,,,2,3
11266,6515,799.593463757294,Far,222.495469475624,Southwest,Southwest,Intersection,Implicit,f,清千路,,,,,6,3
11266,8985,758.918484144397,Far,225.177250953058,Southwest,Southwest,Intersection,Implicit,f,清千路,,,,,6,3
11266,11639,788.29296806523,Far,216.349970904938,Southwest,Southwest,Intersection,Implicit,f,清千路,,,,,6,3
11286,13024,489.422614039485,Medium,120.550498577071,Southeast,EastSoutheast,Intersection,Implicit,f,"",,,,,5,3
11286,13025,484.001535292008,Medium,117.98187085773,Southeast,EastSoutheast,Intersection,Implicit,f,"",,,,,5,3
11363,11113,909.337584570299,Far,308.841877341355,Northwest,Northwest,Intersection,Implicit,f,"",,,,,11,3
11363,11117,861.036169846977,Far,308.262658662551,Northwest,Northwest,Intersection,Implicit,f,高芹路,,,,,11,3
11363,13060,880.586154453201,Far,309.25851129041,Northwest,Northwest,Intersection,Implicit,f,高芹路,,,,,11,3
11363,13052,829.615075196519,Far,312.736042271637,Northwest,Northwest,Intersection,Implicit,t,高芹路,,,,,11,3
11363,11729,827.561895925772,Far,312.781634772025,Northwest,Northwest,Intersection,Implicit,t,高芹路,,,,,11,3
11363,6829,987.135957544173,Far,92.9646777301899,East,East,Intersection,Implicit,f,京拉路,,,,,11,3
11563,9412,414.216759965453,Medium,330.031228986606,Northwest,NorthNorthwest,Intersection,Implicit,f,斋柏路,,,,,32,3
11563,11734,346.952383031909,Medium,332.227764899462,Northwest,NorthNorthwest,Intersection,Implicit,f,斋柏路,,,,,32,3
11563,5573,409.698270590767,Medium,333.561895206774,Northwest,NorthNorthwest,Intersection,Implicit,f,斋柏路,,,,,32,3
11563,12331,350.395976453284,Medium,333.96632864691,Northwest,NorthNorthwest,Intersection,Implicit,f,斋柏路,,,,,32,3
11563,11550,328.668881253559,Medium,332.163173346592,Northwest,NorthNorthwest,Intersection,Implicit,f,斋柏路,,,,,32,3
11609,11691,447.557131708742,Medium,274.045049914534,West,West,Intersection,Implicit,f,珠黄路,,,,,6,3
11609,10401,439.805785992446,Medium,272.685637619992,West,West,Intersection,Implicit,f,珠黄路,,,,,6,3
11609,13209,439.800235867948,Medium,269.764160579922,West,West,Intersection,Implicit,t,珠黄路,,,,,6,3
11609,10963,430.295118776285,Medium,274.831913502092,West,West,Intersection,Implicit,f,珠黄路,,,,,6,3
11609,10858,429.271437457875,Medium,272.957223032061,West,West,Intersection,Implicit,f,珠黄路,,,,,6,3
11655,11793,574.410523086744,Far,225.231501083754,Southwest,Southwest,Intersection,Implicit,f,京拉路,,,,,23,3
11655,11789,596.298360814075,Far,72.544514481401,East,EastNortheast,Intersection,Implicit,f,京拉路,,,,,23,3
11687,13017,962.035987015117,Far,341.41291607119,North,NorthNorthwest,Intersection,Implicit,f,"",,,,,42,3
11687,13020,975.339193773462,Far,340.423471239795,North,NorthNorthwest,Intersection,Implicit,f,"",,,,,42,3
11687,11547,956.458910159145,Far,351.525723271289,North,North,Intersection,Implicit,f,三温路,,,,,42,3
11687,5440,945.482456005861,Far,219.164652196012,Southwest,Southwest,Intersection,Implicit,f,"",,,,,42,3
11794,6085,853.698792790532,Far,100.467607043636,East,East,Intersection,Implicit,f,南桑路,,,,,32,3
11794,11872,979.944582685121,Far,104.141466266704,East,EastSoutheast,Intersection,Implicit,f,南桑路,,,,,32,3
11794,9431,949.716284278467,Far,249.100460431103,West,WestSouthwest,Intersection,Implicit,f,南桑路,,,,,32,3
11794,5549,929.773850979248,Far,288.804840571048,West,WestNorthwest,Intersection,Implicit,f,潭王路旧线,,,,,32,3
11794,9510,915.109942018144,Far,292.519494056692,Northwest,WestNorthwest,Intersection,Implicit,f,潭王路旧线,,,,,32,3
11794,8445,898.720685039439,Far,289.619944574065,West,WestNorthwest,Intersection,Implicit,f,潭王路旧线,,,,,32,3
11794,9264,890.779602862077,Far,285.79243592942,West,WestNorthwest,Intersection,Implicit,f,南桑路,,,,,32,3
11794,12150,911.686054236539,Far,290.07282333864,West,WestNorthwest,Intersection,Implicit,t,潭王路旧线,,,,,32,3
11794,11083,889.826744775623,Far,289.490186868516,West,WestNorthwest,Intersection,Implicit,f,潭王路旧线,,,,,32,3
11794,8423,908.916001831943,Far,293.180766773019,Northwest,WestNorthwest,Intersection,Implicit,f,潭王路旧线,,,,,32,3
11794,11530,902.978678063464,Far,291.796627438745,West,WestNorthwest,Intersection,Implicit,t,潭王路旧线,,,,,32,3
11794,13456,904.11244141681,Far,293.222256364705,Northwest,WestNorthwest,Intersection,Implicit,f,潭王路旧线,,,,,32,3
11794,9861,999.150702186567,Far,308.426234877107,Northwest,Northwest,Intersection,Implicit,f,南桑路,,,,,32,3
11794,11558,854.350493245291,Far,293.809301768894,Northwest,WestNorthwest,Intersection,Implicit,f,潭王路旧线,,,,,32,3
11794,11501,867.180107598045,Far,302.940592798064,Northwest,WestNorthwest,Intersection,Implicit,f,南桑路,,,,,32,3
11794,12380,845.568637170587,Far,294.833414831263,Northwest,WestNorthwest,Intersection,Implicit,f,南桑路,,,,,32,3
11794,5222,831.049153122037,Far,295.89504746478,Northwest,WestNorthwest,Intersection,Implicit,f,南桑路,,,,,32,3
11794,13386,999.081393487117,Far,310.226720437527,Northwest,Northwest,Intersection,Implicit,f,南桑路,,,,,32,3
11794,9374,309.98785035012,Medium,59.0486520078843,Northeast,EastNortheast,Intersection,Implicit,f,南桑路,,,,,32,3
11794,11334,589.980287783798,Far,21.9417019647533,North,NorthNortheast,Intersection,Implicit,t,南桑路,,,,,32,3
11794,13390,602.163554305567,Far,20.4686931427083,North,NorthNortheast,Intersection,Implicit,t,南桑路,,,,,32,3
11794,13152,260.592099013572,Medium,30.2824184586306,Northeast,NorthNortheast,Intersection,Implicit,f,南桑路,,,,,32,3
11794,13407,246.590159869937,Medium,34.1985136642687,Northeast,Northeast,Intersection,Implicit,f,南桑路,,,,,32,3
11794,9126,536.945164289511,Far,14.1574889624064,North,NorthNortheast,Intersection,Implicit,f,南桑路,,,,,32,3
11794,9301,76.6770122966714,Close,65.897738119553,Northeast,EastNortheast,Intersection,Implicit,t,南桑路,,,,,32,3
11794,13529,30.9997432172886,VeryClose,51.2189026440612,Northeast,Northeast,Intersection,Implicit,f,南桑路,,,,,32,3
11794,11945,52.7474567974225,Close,41.3797354562473,Northeast,Northeast,Intersection,Implicit,f,南桑路,,,,,32,3
11794,10275,55.7914272675361,Close,42.3915676963179,Northeast,Northeast,Intersection,Implicit,f,南桑路,,,,,32,3
11794,6990,138.681292001428,Close,18.2558357164985,North,NorthNortheast,Intersection,Implicit,f,南桑路,,,,,32,3
11794,12925,90.0117387248548,Close,221.49338205266,Southwest,Southwest,Intersection,Implicit,f,南桑路,,,,,32,3
11794,9359,190.14143924462,Close,314.99816214452,Northwest,Northwest,Intersection,Implicit,t,南桑路,,,,,32,3
12039,11182,389.260474896066,Medium,68.2840555398599,East,EastNortheast,Intersection,Implicit,f,京昆路,,,,,9,3
12039,10500,416.457667154842,Medium,69.2567873762724,East,EastNortheast,Intersection,Implicit,f,京昆路,,,,,9,3
12039,13194,426.67223933545,Medium,71.0709284455739,East,EastNortheast,Intersection,Implicit,f,京昆路,,,,,9,3
12376,11618,996.790773734738,Far,127.262460082593,Southeast,Southeast,Intersection,Implicit,f,妙峰山路,,,,,27,3
12486,9267,48.4236710463255,VeryClose,305.231956149239,Northwest,Northwest,Intersection,Implicit,f,灵山路,,,,,21,3
12486,5483,45.3216844176972,VeryClose,317.622098328856,Northwest,Northwest,Intersection,Implicit,f,灵山路,,,,,21,3
12486,9127,90.0704151197649,Close,339.065088533968,North,NorthNorthwest,Intersection,Implicit,f,灵山路,,,,,21,3
14642,15365,741.549594467727,Far,100.481052727722,East,East,Intersection,Implicit,f,"",,,,,74,4
12486,9331,42.878614718684,VeryClose,320.308092170098,Northwest,Northwest,Intersection,Implicit,f,灵山路,,,,,21,3
12486,10261,250.938235383634,Medium,357.104331032018,North,North,Intersection,Implicit,f,灵山路,,,,,21,3
12486,9557,265.226936385475,Medium,358.869302528846,North,North,Intersection,Implicit,t,灵山路,,,,,21,3
12486,9288,234.373018603751,Medium,359.725456269411,North,North,Intersection,Implicit,t,灵山路,,,,,21,3
12486,11944,144.13794186003,Close,359.224036507609,North,North,Intersection,Implicit,t,灵山路,,,,,21,3
12486,12425,144.13794186003,Close,359.224036507609,North,North,Intersection,Implicit,t,灵山路,,,,,21,3
12486,8393,16.2401915455058,VeryClose,325.853117924914,Northwest,Northwest,Intersection,Implicit,f,灵山路,,,,,21,3
12486,9082,305.672530080957,Medium,22.4712126589121,North,NorthNortheast,Intersection,Implicit,t,灵山路,,,,,21,3
12486,9325,182.31492628811,Close,26.1936762617416,Northeast,NorthNortheast,Intersection,Implicit,f,灵山路,,,,,21,3
12486,9180,410.764951312355,Medium,9.62362777246999,North,North,Intersection,Implicit,f,灵山路,,,,,21,3
12486,9153,350.221032232033,Medium,8.51098205361092,North,North,Intersection,Implicit,f,灵山路,,,,,21,3
12486,11957,359.578813110633,Medium,7.61185079998947,North,North,Intersection,Implicit,f,灵山路,,,,,21,3
12486,12520,359.578813110633,Medium,7.61185079998947,North,North,Intersection,Implicit,f,灵山路,,,,,21,3
12486,12171,365.667807176046,Medium,9.23365575050588,North,North,Intersection,Implicit,f,灵山路,,,,,21,3
12486,9396,286.610289348776,Medium,7.86415028408347,North,North,Intersection,Implicit,f,灵山路,,,,,21,3
12486,9104,303.438391331926,Medium,7.93580078208929,North,North,Intersection,Implicit,f,灵山路,,,,,21,3
12486,9364,311.377809173039,Medium,3.40605102782871,North,North,Intersection,Implicit,f,灵山路,,,,,21,3
12725,5436,995.043918670905,Far,76.7986483641618,East,EastNortheast,Intersection,Implicit,f,京拉路,,,,,9,3
12726,11280,627.842748619324,Far,294.60634646717,Northwest,WestNorthwest,Intersection,Implicit,f,"",,,,,85,4
12726,12993,634.319691995323,Far,294.556242205202,Northwest,WestNorthwest,Intersection,Implicit,f,"",,,,,85,4
12726,10288,751.813224677252,Far,310.935886885584,Northwest,Northwest,Intersection,Implicit,f,"",,,,,85,4
12726,9227,994.891589891988,Far,315.042459102675,Northwest,Northwest,Intersection,Implicit,f,云影东街,,,,,85,4
12726,7375,753.538417917516,Far,356.023787272541,North,North,Intersection,Implicit,f,京潭东二路,,,,,85,4
12726,5737,744.423566313571,Far,356.672284967157,North,North,Intersection,Implicit,f,京潭东二路,,,,,85,4
12726,5794,743.950326842783,Far,356.702715750845,North,North,Intersection,Implicit,f,京潭东二路,,,,,85,4
12726,5293,774.23944637374,Far,354.199104663346,North,North,Intersection,Implicit,f,京潭东二路,,,,,85,4
12726,5253,775.815075615498,Far,354.48475795103,North,North,Intersection,Implicit,f,京潭东二路,,,,,85,4
12726,11867,319.061567588246,Medium,304.48852483492,Northwest,Northwest,Intersection,Implicit,f,京潭中路,,,,,85,4
12726,5383,961.390163494661,Far,348.215932187008,North,NorthNorthwest,Intersection,Implicit,f,京潭东二路,,,,,85,4
12726,9932,882.160139182593,Far,348.855023852224,North,North,Intersection,Implicit,f,花谷二街,,,,,85,4
12726,13067,472.277754968331,Medium,321.257798655111,Northwest,Northwest,Intersection,Implicit,f,花谷四街,,,,,85,4
12726,5292,819.454962132686,Far,339.236607504182,North,NorthNorthwest,Intersection,Implicit,f,京潭东一路,,,,,85,4
12726,5805,510.195965111394,Far,320.143243637902,Northwest,Northwest,Intersection,Implicit,f,花谷四街,,,,,85,4
12726,5689,522.432869864667,Far,321.399255905049,Northwest,Northwest,Intersection,Implicit,f,花谷四街,,,,,85,4
12726,6225,524.55706656371,Far,321.384070827222,Northwest,Northwest,Intersection,Implicit,f,花谷四街,,,,,85,4
12726,6078,451.783053731876,Medium,316.421165462126,Northwest,Northwest,Intersection,Implicit,f,花谷四街,,,,,85,4
12726,11892,476.079642429913,Medium,298.544702743611,Northwest,WestNorthwest,Intersection,Implicit,f,九峰路,,,,,85,4
12726,13242,718.125598704506,Far,323.96996827067,Northwest,Northwest,Intersection,Implicit,f,潭柘十街,,,,,85,4
12726,7880,533.320087318985,Far,310.029515992277,Northwest,Northwest,Intersection,Implicit,f,京潭西路,,,,,85,4
12726,9772,509.781829369216,Far,309.343251986208,Northwest,Northwest,Intersection,Implicit,f,九峰路,,,,,85,4
12726,8845,959.780199115443,Far,335.344426605467,Northwest,NorthNorthwest,Intersection,Implicit,t,京潭东一路,,,,,85,4
12726,9049,958.840230752702,Far,335.323557326568,Northwest,NorthNorthwest,Intersection,Implicit,t,京潭东一路,,,,,85,4
12726,7840,961.288390439906,Far,335.049134130355,Northwest,NorthNorthwest,Intersection,Implicit,t,京潭东一路,,,,,85,4
12726,6647,956.251160171133,Far,334.501262831047,Northwest,NorthNorthwest,Intersection,Implicit,f,京潭东一路,,,,,85,4
12726,8947,960.696490487766,Far,333.779036487515,Northwest,NorthNorthwest,Intersection,Implicit,f,京潭东一路,,,,,85,4
12726,6147,961.223590554943,Far,333.965725231843,Northwest,NorthNorthwest,Intersection,Implicit,f,京潭东一路,,,,,85,4
12726,6916,961.134061291772,Far,334.167695976884,Northwest,NorthNorthwest,Intersection,Implicit,f,京潭东一路,,,,,85,4
12726,5335,952.603543393795,Far,332.455522486262,Northwest,NorthNorthwest,Intersection,Implicit,f,京潭东一路,,,,,85,4
12726,7499,587.561917039752,Far,310.292347367502,Northwest,Northwest,Intersection,Implicit,f,京潭西路,,,,,85,4
12726,6106,743.676599352337,Far,321.807119873879,Northwest,Northwest,Intersection,Implicit,f,潭柘十街,,,,,85,4
12726,8385,581.654456442626,Far,306.171592724746,Northwest,Northwest,Intersection,Implicit,f,京潭西路,,,,,85,4
12726,11636,603.771281562999,Far,309.424963617754,Northwest,Northwest,Intersection,Implicit,f,京潭西路,,,,,85,4
12726,7034,612.894316442312,Far,309.606752892516,Northwest,Northwest,Intersection,Implicit,f,京潭西路,,,,,85,4
12726,6510,864.51568014537,Far,326.855085095383,Northwest,NorthNorthwest,Intersection,Implicit,f,京潭中路,,,,,85,4
12726,6047,872.023449028707,Far,327.873093349389,Northwest,NorthNorthwest,Intersection,Implicit,f,京潭中路,,,,,85,4
12726,11106,859.932473707674,Far,323.884261025205,Northwest,Northwest,Intersection,Implicit,f,京潭中路,,,,,85,4
12726,5403,665.271344010839,Far,6.76600653474871,North,North,Intersection,Implicit,f,锦屏南街,,,,,85,4
12726,5404,665.160994256579,Far,6.76703305815884,North,North,Intersection,Implicit,f,锦屏南街,,,,,85,4
12830,6546,857.950402272188,Far,157.470323141328,Southeast,SouthSoutheast,Intersection,Implicit,t,军温路,,,,,4,3
12830,6697,853.565775042673,Far,157.400820625077,Southeast,SouthSoutheast,Intersection,Implicit,t,军温路,,,,,4,3
12830,6830,860.531544268337,Far,157.481836280399,Southeast,SouthSoutheast,Intersection,Implicit,t,军温路,,,,,4,3
12858,11584,192.300372895937,Close,165.426654045773,South,SouthSoutheast,Intersection,Implicit,f,下安路,,,,,7,3
12998,13146,725.86157165369,Far,323.88083047889,Northwest,Northwest,Intersection,Implicit,f,上燕路,,,,,6,3
13004,13222,584.475814323966,Far,84.8720383048952,East,East,Intersection,Implicit,f,京蔚高速,,,,,7,3
13004,13028,900.418492917386,Far,91.0445363718462,East,East,Intersection,Implicit,f,"",,,,,7,3
13004,13022,907.264327336754,Far,90.4946108707749,East,East,Intersection,Implicit,f,"",,,,,7,3
13037,13138,609.630266500355,Far,149.383651221447,Southeast,SouthSoutheast,Intersection,Implicit,f,担陇路,,,,,23,3
13037,8316,760.318210127019,Far,215.206310448711,Southwest,Southwest,Intersection,Implicit,f,京拉路,,,,,23,3
13037,11747,864.117210534083,Far,215.868305741952,Southwest,Southwest,Intersection,Implicit,f,京拉路,,,,,23,3
13037,13066,855.174863658054,Far,215.440277385217,Southwest,Southwest,Intersection,Implicit,f,妙峰山路,,,,,23,3
13049,11623,901.48633805269,Far,156.404828193546,Southeast,SouthSoutheast,Intersection,Implicit,t,门头沟路,,,,,21,3
13120,10775,605.13651707782,Far,99.8827115993082,East,East,Intersection,Implicit,f,下安路,,,,,7,3
13120,11770,431.302468901264,Medium,118.688791118048,Southeast,EastSoutheast,Intersection,Implicit,f,下安路,,,,,7,3
13136,13202,995.32870839389,Far,251.822923937293,West,WestSouthwest,Intersection,Implicit,f,京拉路,,,,,33,3
13136,5488,985.823849515032,Far,252.152037201032,West,WestSouthwest,Intersection,Implicit,f,京拉路,,,,,33,3
13136,6572,979.643475226971,Far,249.990112872925,West,WestSouthwest,Intersection,Implicit,f,京拉路,,,,,33,3
13205,13441,544.105702360951,Far,135.051700063459,Southeast,Southeast,Intersection,Implicit,f,潭王路,,,,,45,3
13205,13204,573.997037169188,Far,134.654443084926,Southeast,Southeast,Intersection,Implicit,t,潭王路,,,,,45,3
13205,5421,603.541729866077,Far,130.416160845994,Southeast,Southeast,Intersection,Implicit,f,潭王路,,,,,45,3
13205,11674,560.300004905568,Far,128.044219614641,Southeast,Southeast,Intersection,Implicit,f,潭王路,,,,,45,3
13205,6987,453.812216341481,Medium,95.0111104476369,East,East,Intersection,Implicit,f,潭王路旧线,,,,,45,3
13205,6568,468.161711083064,Medium,94.9920131210571,East,East,Intersection,Implicit,f,潭王路旧线,,,,,45,3
13205,6777,413.176718107565,Medium,83.7478062284804,East,East,Intersection,Implicit,f,潭王路旧线,,,,,45,3
13205,6729,416.831023710314,Medium,82.3629328058801,East,East,Intersection,Implicit,f,潭王路旧线,,,,,45,3
13205,5517,414.975974880642,Medium,89.4819037917547,East,East,Intersection,Implicit,t,潭王路旧线,,,,,45,3
13205,6441,393.027114908823,Medium,83.2188726264009,East,East,Intersection,Implicit,f,潭王路旧线,,,,,45,3
13227,8987,954.582986151697,Far,76.1777973247146,East,EastNortheast,Intersection,Implicit,f,京拉路,,,,,31,3
13227,6526,937.47827663154,Far,78.2184288198005,East,EastNortheast,Intersection,Implicit,f,京拉路,,,,,31,3
13227,13222,282.786575344868,Medium,250.829404723916,West,WestSouthwest,Intersection,Implicit,f,京蔚高速,,,,,31,3
13227,13028,169.385797985352,Close,162.467212551425,South,SouthSoutheast,Intersection,Implicit,f,"",,,,,31,3
13227,13022,163.559668373513,Close,159.234394090082,South,SouthSoutheast,Intersection,Implicit,f,"",,,,,31,3
14597,14551,818.728456037015,Far,243.937022012567,Southwest,WestSouthwest,Intersection,Implicit,f,门头馨西街,,,,,51,4
14597,14488,851.660282320078,Far,241.978739494536,Southwest,WestSouthwest,Intersection,Implicit,f,门头馨西街,,,,,51,4
14597,14373,842.407647694035,Far,244.627620419655,Southwest,WestSouthwest,Intersection,Implicit,f,门头馨西街,,,,,51,4
14597,15039,350.050098996257,Medium,100.774896678709,East,East,Intersection,Implicit,f,旱河路,,,,,51,4
14597,14427,661.936826767832,Far,236.42627608255,Southwest,WestSouthwest,Intersection,Implicit,f,瀚河园路,,,,,51,4
14597,14567,668.341700194774,Far,236.543997575882,Southwest,WestSouthwest,Intersection,Implicit,f,瀚河园路,,,,,51,4
14597,14714,694.855496683513,Far,233.856813115796,Southwest,Southwest,Intersection,Implicit,f,瀚河园路,,,,,51,4
14597,15233,650.222038512435,Far,236.284439472094,Southwest,WestSouthwest,Intersection,Implicit,f,瀚河园路,,,,,51,4
14597,15236,651.673480819527,Far,236.418013954963,Southwest,WestSouthwest,Intersection,Implicit,f,瀚河园路,,,,,51,4
14597,15044,598.43287887677,Far,235.486558625089,Southwest,Southwest,Intersection,Implicit,f,瀚河园路,,,,,51,4
14597,15327,894.468774469303,Far,192.893851972719,South,SouthSouthwest,Intersection,Implicit,f,闵庄路,,,,,51,4
14602,15132,543.425884378827,Far,204.99211664871,Southwest,SouthSouthwest,Intersection,Implicit,f,"",,,,,71,4
14602,15184,784.327557232422,Far,195.041458740803,South,SouthSouthwest,Intersection,Implicit,f,"",,,,,71,4
14602,15141,450.000819782639,Medium,190.813165426361,South,South,Intersection,Implicit,f,"",,,,,71,4
14602,15026,655.165406536406,Far,223.724378025427,Southwest,Southwest,Intersection,Implicit,t,"",,,,,71,4
14602,14358,846.837544458994,Far,116.248359161207,Southeast,EastSoutheast,Intersection,Implicit,f,田村北路,,,,,71,4
14605,14358,972.606526009971,Far,165.637229824897,South,SouthSoutheast,Intersection,Implicit,f,田村北路,,,,,35,3
14642,15307,672.378090983044,Far,158.028849423488,South,SouthSoutheast,Intersection,Implicit,f,杏石口路,,,,,74,4
14642,15262,789.334351092451,Far,160.172319512639,South,SouthSoutheast,Intersection,Implicit,f,"",,,,,74,4
14642,14340,765.788659227462,Far,158.824477231573,South,SouthSoutheast,Intersection,Implicit,f,"",,,,,74,4
14642,15442,803.210664056997,Far,160.395546577358,South,SouthSoutheast,Intersection,Implicit,f,"",,,,,74,4
14642,14302,749.791940708868,Far,157.722468971639,South,SouthSoutheast,Intersection,Implicit,f,"",,,,,74,4
14642,15381,853.190643436121,Far,176.498464482416,South,South,Intersection,Implicit,f,"",,,,,74,4
14642,15264,699.756308416408,Far,175.155971813262,South,South,Intersection,Implicit,f,"",,,,,74,4
14642,15270,816.278304618372,Far,176.148787704024,South,South,Intersection,Implicit,f,"",,,,,74,4
14642,15374,848.024515666502,Far,177.887132885241,South,South,Intersection,Implicit,t,"",,,,,74,4
14642,15119,316.031375545712,Medium,190.080623753641,South,South,Intersection,Implicit,f,"",,,,,74,4
14642,14222,519.645792927342,Far,189.896941811414,South,South,Intersection,Implicit,f,"",,,,,74,4
14642,14218,700.649188984506,Far,185.884562837689,South,South,Intersection,Implicit,f,"",,,,,74,4
14642,14418,691.836415781957,Far,182.777983787878,South,South,Intersection,Implicit,f,"",,,,,74,4
14642,14969,950.525004945105,Far,190.978868170883,South,South,Intersection,Implicit,f,"",,,,,74,4
14642,14606,509.898711495778,Far,194.034354506313,South,SouthSouthwest,Intersection,Implicit,f,"",,,,,74,4
14642,14514,758.480588936124,Far,190.560187697459,South,South,Intersection,Implicit,f,"",,,,,74,4
14642,15445,621.847350815177,Far,191.081191518029,South,South,Intersection,Implicit,f,杏石口路,,,,,74,4
14642,14381,734.732697768744,Far,187.728231137511,South,South,Intersection,Implicit,f,"",,,,,74,4
14642,14808,509.697970445717,Far,193.940864280134,South,SouthSouthwest,Intersection,Implicit,f,"",,,,,74,4
14642,15041,526.468585114808,Far,202.739488108962,Southwest,SouthSouthwest,Intersection,Implicit,f,"",,,,,74,4
14642,15297,464.726177346717,Medium,213.333857544568,Southwest,SouthSouthwest,Intersection,Implicit,f,"",,,,,74,4
14642,15260,727.620444555179,Far,202.240024528648,South,SouthSouthwest,Intersection,Implicit,t,"",,,,,74,4
14642,14618,530.5990163923,Far,206.658306365967,Southwest,SouthSouthwest,Intersection,Implicit,f,"",,,,,74,4
14642,14534,538.176972657181,Far,206.070616025743,Southwest,SouthSouthwest,Intersection,Implicit,f,"",,,,,74,4
14642,14187,558.552962700976,Far,203.921349167142,Southwest,SouthSouthwest,Intersection,Implicit,f,"",,,,,74,4
14642,15273,926.10307489267,Far,196.562061347158,South,SouthSouthwest,Intersection,Implicit,f,"",,,,,74,4
14642,15363,731.509701809387,Far,208.032803837488,Southwest,SouthSouthwest,Intersection,Implicit,f,杏石口路,,,,,74,4
14642,14648,890.032175480057,Far,201.565529268852,South,SouthSouthwest,Intersection,Implicit,t,"",,,,,74,4
14642,15476,890.942325218344,Far,205.114677508193,Southwest,SouthSouthwest,Intersection,Implicit,f,"",,,,,74,4
14642,14528,879.095121828063,Far,210.552525356134,Southwest,SouthSouthwest,Intersection,Implicit,f,"",,,,,74,4
14642,14202,821.73246797205,Far,210.336671111868,Southwest,SouthSouthwest,Intersection,Implicit,f,"",,,,,74,4
14642,14175,971.678481120691,Far,124.025598669126,Southeast,Southeast,Intersection,Implicit,f,"",,,,,74,4
14642,15443,969.157680110608,Far,129.420924316844,Southeast,Southeast,Intersection,Implicit,f,"",,,,,74,4
14642,15085,886.099851840208,Far,122.721848594548,Southeast,EastSoutheast,Intersection,Implicit,f,"",,,,,74,4
14642,15099,872.272790636787,Far,121.11921081843,Southeast,EastSoutheast,Intersection,Implicit,f,"",,,,,74,4
14642,14206,764.629532403215,Far,102.11331118796,East,EastSoutheast,Intersection,Implicit,f,"",,,,,74,4
14642,15239,927.838041385519,Far,138.129070328156,Southeast,Southeast,Intersection,Implicit,f,"",,,,,74,4
14642,15216,843.620413671379,Far,130.619530282468,Southeast,Southeast,Intersection,Implicit,f,"",,,,,74,4
14642,14214,849.599798019634,Far,131.36075118834,Southeast,Southeast,Intersection,Implicit,f,杏石口路,,,,,74,4
14642,14876,673.080011431913,Far,109.31606698595,East,EastSoutheast,Intersection,Implicit,f,"",,,,,74,4
14642,14938,655.56211544121,Far,108.345622181045,East,EastSoutheast,Intersection,Implicit,f,"",,,,,74,4
14642,14918,955.021254633581,Far,140.341823979054,Southeast,Southeast,Intersection,Implicit,f,"",,,,,74,4
14642,15127,776.225295190803,Far,133.905127481532,Southeast,Southeast,Intersection,Implicit,t,"",,,,,74,4
14642,14936,638.730579334446,Far,130.244560815316,Southeast,Southeast,Intersection,Implicit,f,"",,,,,74,4
14642,14282,829.466393884688,Far,142.328133972708,Southeast,Southeast,Intersection,Implicit,f,"",,,,,74,4
14642,14455,875.927602579513,Far,143.588374237306,Southeast,Southeast,Intersection,Implicit,f,"",,,,,74,4
14642,14406,921.981956157977,Far,144.12012678565,Southeast,Southeast,Intersection,Implicit,f,"",,,,,74,4
14642,14915,981.124188037354,Far,152.18030771153,Southeast,SouthSoutheast,Intersection,Implicit,f,"",,,,,74,4
14642,14468,855.925288787407,Far,150.315822730617,Southeast,SouthSoutheast,Intersection,Implicit,f,"",,,,,74,4
14642,15064,820.825970955627,Far,148.402568607467,Southeast,SouthSoutheast,Intersection,Implicit,f,"",,,,,74,4
14642,14308,832.625937027415,Far,146.288014934324,Southeast,SouthSoutheast,Intersection,Implicit,f,"",,,,,74,4
14642,14260,846.478949061917,Far,145.436698939845,Southeast,Southeast,Intersection,Implicit,f,"",,,,,74,4
14642,14933,576.527246552313,Far,123.190571825892,Southeast,EastSoutheast,Intersection,Implicit,f,"",,,,,74,4
14642,14939,459.354881587203,Medium,112.840168724161,Southeast,EastSoutheast,Intersection,Implicit,f,"",,,,,74,4
14642,14705,859.359000081679,Far,150.869670765548,Southeast,SouthSoutheast,Intersection,Implicit,f,"",,,,,74,4
14642,14291,857.761563864914,Far,150.802402735961,Southeast,SouthSoutheast,Intersection,Implicit,f,"",,,,,74,4
14642,14623,828.583322989059,Far,153.046115997289,Southeast,SouthSoutheast,Intersection,Implicit,f,"",,,,,74,4
14642,14318,781.680553539978,Far,151.904658850131,Southeast,SouthSoutheast,Intersection,Implicit,f,"",,,,,74,4
14642,14353,816.547616782759,Far,153.391635163408,Southeast,SouthSoutheast,Intersection,Implicit,f,"",,,,,74,4
14642,14941,629.256456877926,Far,143.749914169623,Southeast,Southeast,Intersection,Implicit,f,"",,,,,74,4
14642,14946,415.707441567337,Medium,116.820632727019,Southeast,EastSoutheast,Intersection,Implicit,f,"",,,,,74,4
14642,14943,482.704925647004,Medium,127.273034300497,Southeast,Southeast,Intersection,Implicit,f,"",,,,,74,4
14642,15200,758.997415706034,Far,155.651511415196,Southeast,SouthSoutheast,Intersection,Implicit,t,"",,,,,74,4
14642,14270,760.860587608008,Far,155.211609401065,Southeast,SouthSoutheast,Intersection,Implicit,t,"",,,,,74,4
14642,14242,763.895404001925,Far,154.40804467148,Southeast,SouthSoutheast,Intersection,Implicit,f,"",,,,,74,4
14642,14549,772.923902018731,Far,153.57465148974,Southeast,SouthSoutheast,Intersection,Implicit,f,"",,,,,74,4
14642,14419,766.820920006731,Far,153.594046702612,Southeast,SouthSoutheast,Intersection,Implicit,f,"",,,,,74,4
14642,14529,950.608587795733,Far,210.675085448298,Southwest,SouthSouthwest,Intersection,Implicit,f,"",,,,,74,4
14642,14393,894.861164524073,Far,212.140331655993,Southwest,SouthSouthwest,Intersection,Implicit,f,"",,,,,74,4
14642,15303,867.805116430565,Far,213.983151781562,Southwest,Southwest,Intersection,Implicit,f,"",,,,,74,4
14642,15314,903.908328332719,Far,242.593356733511,Southwest,WestSouthwest,Intersection,Implicit,f,"",,,,,74,4
14642,14728,925.393506976269,Far,255.12202311047,West,WestSouthwest,Intersection,Implicit,f,"",,,,,74,4
14642,15111,958.109463592923,Far,277.788580369737,West,West,Intersection,Implicit,f,"",,,,,74,4
14692,24246,446.384336169951,Medium,314.288570627083,Northwest,Northwest,Intersection,Implicit,t,西黄村桥,,,,,198,8
14692,22674,487.687686146676,Medium,319.102748425842,Northwest,Northwest,Intersection,Implicit,f,西黄村桥,,,,,198,8
14692,19738,970.68264343725,Far,320.60000026168,Northwest,Northwest,Intersection,Implicit,f,西黄村北街,,,,,198,8
14692,22515,755.168592759076,Far,295.890118810015,Northwest,WestNorthwest,Intersection,Implicit,f,田村路,,,,,198,8
14692,16949,773.526507445935,Far,295.225332557593,Northwest,WestNorthwest,Intersection,Implicit,f,田村路,,,,,198,8
14692,22418,792.804075678419,Far,297.366101066016,Northwest,WestNorthwest,Intersection,Implicit,f,田村路,,,,,198,8
14692,18693,783.384817992983,Far,296.030324708051,Northwest,WestNorthwest,Intersection,Implicit,f,田村路,,,,,198,8
14692,16714,786.974921303078,Far,295.663468269308,Northwest,WestNorthwest,Intersection,Implicit,f,田村路,,,,,198,8
14692,18723,786.974921303078,Far,295.663468269308,Northwest,WestNorthwest,Intersection,Implicit,f,田村路,,,,,198,8
14692,17646,810.307026953603,Far,295.008027311642,Northwest,WestNorthwest,Intersection,Implicit,f,田村路,,,,,198,8
14692,15332,927.022257150065,Far,136.015817024385,Southeast,Southeast,Intersection,Implicit,f,阜石路,,,,,198,8
14692,14852,253.272554822311,Medium,124.983270770789,Southeast,Southeast,Intersection,Implicit,f,"",,,,,198,8
14692,24119,410.797510699041,Medium,326.753424453125,Northwest,NorthNorthwest,Intersection,Implicit,f,西黄村桥,,,,,198,8
14692,24072,334.489939248067,Medium,220.569729197988,Southwest,Southwest,Intersection,Implicit,f,"",,,,,198,8
14692,24143,516.624944957494,Far,204.861766266357,Southwest,SouthSouthwest,Intersection,Implicit,f,西五环,,,,,198,8
14692,15311,633.064209505477,Far,178.975299512796,South,South,Intersection,Implicit,t,"",,,,,198,8
14692,15305,673.574624870136,Far,199.145050508198,South,SouthSouthwest,Intersection,Implicit,f,西五环,,,,,198,8
14692,15026,893.313422534213,Far,75.4134852145196,East,EastNortheast,Intersection,Implicit,f,"",,,,,198,8
14692,14165,791.006974552245,Far,223.686441520692,Southwest,Southwest,Intersection,Implicit,t,"",,,,,198,8
14692,24057,733.603510033195,Far,245.241554811085,Southwest,WestSouthwest,Intersection,Implicit,t,八角东街,,,,,198,8
14695,14417,926.447138464755,Far,195.578824103672,South,SouthSouthwest,Intersection,Implicit,f,"",,,,,112,6
14695,14292,886.803831900586,Far,196.56982935582,South,SouthSouthwest,Intersection,Implicit,f,"",,,,,112,6
14695,15223,873.924146070352,Far,196.556779467295,South,SouthSouthwest,Intersection,Implicit,f,"",,,,,112,6
14695,14500,898.666706309553,Far,195.588224298421,South,SouthSouthwest,Intersection,Implicit,f,"",,,,,112,6
14695,15320,994.550868418776,Far,338.424769673858,North,NorthNorthwest,Intersection,Implicit,f,杏石口路,,,,,112,6
14695,15066,944.109806158676,Far,337.66950740108,North,NorthNorthwest,Intersection,Implicit,f,杏石口路,,,,,112,6
14695,14397,540.738598343757,Far,242.561294197953,Southwest,WestSouthwest,Intersection,Implicit,f,旱河路,,,,,112,6
14695,14390,534.603745017809,Far,241.303696982268,Southwest,WestSouthwest,Intersection,Implicit,f,旱河路,,,,,112,6
14695,14398,540.99321491063,Far,241.747758248659,Southwest,WestSouthwest,Intersection,Implicit,f,旱河路,,,,,112,6
14695,14380,527.502941132778,Far,239.714782531755,Southwest,WestSouthwest,Intersection,Implicit,f,旱河路,,,,,112,6
14695,15317,616.253722501033,Far,215.716527395378,Southwest,Southwest,Intersection,Implicit,f,旱河路,,,,,112,6
14695,14271,906.555910668925,Far,196.569569655673,South,SouthSouthwest,Intersection,Implicit,f,"",,,,,112,6
14695,14288,932.262870264056,Far,196.108846615848,South,SouthSouthwest,Intersection,Implicit,f,"",,,,,112,6
14695,15150,901.890529060836,Far,197.306469764408,South,SouthSouthwest,Intersection,Implicit,f,"",,,,,112,6
14695,15191,948.267724813141,Far,197.165872155788,South,SouthSouthwest,Intersection,Implicit,f,旱河路,,,,,112,6
14695,15045,917.705057686461,Far,197.996057420004,South,SouthSouthwest,Intersection,Implicit,f,旱河路,,,,,112,6
14701,15012,383.743804939069,Medium,44.1299874077965,Northeast,Northeast,Intersection,Implicit,t,杏石口路,,,,,41,3
14701,14182,317.47105412577,Medium,22.7833362567734,Northeast,NorthNortheast,Intersection,Implicit,f,杏石口路,,,,,41,3
14701,15306,378.869676445555,Medium,31.9466452841759,Northeast,NorthNortheast,Intersection,Implicit,f,杏石口路,,,,,41,3
14701,15320,667.927493002084,Far,64.192233338919,Northeast,EastNortheast,Intersection,Implicit,f,杏石口路,,,,,41,3
14701,15066,653.662305108922,Far,68.5323217130953,East,EastNortheast,Intersection,Implicit,f,杏石口路,,,,,41,3
14701,14186,670.901252531248,Far,59.524881234371,Northeast,EastNortheast,Intersection,Implicit,f,杏石口路,,,,,41,3
14963,15328,813.357534448253,Far,155.506350462928,Southeast,SouthSoutheast,Intersection,Implicit,t,"",,,,,27,3
14963,15314,663.116025649842,Far,145.188403056421,Southeast,Southeast,Intersection,Implicit,f,"",,,,,27,3
14963,15345,556.200156756001,Far,167.93391765522,South,SouthSoutheast,Intersection,Implicit,f,"",,,,,27,3
15058,15318,769.619328076013,Far,312.226343762521,Northwest,Northwest,Intersection,Implicit,f,闵庄路,,,,,57,4
15315,74679,904.940992185083,Far,310.259031606526,Northwest,Northwest,Intersection,Implicit,f,香山路,,,,,20,3
15398,14301,687.59001230441,Far,250.87356238966,West,WestSouthwest,Intersection,Implicit,f,闵庄南路,,,,,107,6
15398,15201,690.068906308892,Far,250.221633022978,West,WestSouthwest,Intersection,Implicit,f,闵庄南路,,,,,107,6
15398,15222,691.496910658076,Far,250.392596321123,West,WestSouthwest,Intersection,Implicit,f,闵庄南路,,,,,107,6
15398,14343,685.543326738607,Far,255.39159491199,West,WestSouthwest,Intersection,Implicit,f,闵庄南路,,,,,107,6
15398,14379,685.353588099389,Far,255.368103020959,West,WestSouthwest,Intersection,Implicit,f,闵庄南路,,,,,107,6
15398,14748,673.141790941619,Far,256.707909833601,West,WestSouthwest,Intersection,Implicit,f,闵庄南路,,,,,107,6
15398,14336,673.546477488189,Far,254.803047856803,West,WestSouthwest,Intersection,Implicit,f,闵庄南路,,,,,107,6
15398,14365,674.357520355936,Far,254.665620191398,West,WestSouthwest,Intersection,Implicit,f,闵庄南路,,,,,107,6
15398,14550,674.807569477906,Far,254.637254690231,West,WestSouthwest,Intersection,Implicit,f,闵庄南路,,,,,107,6
15398,14462,675.621867290933,Far,254.421913354116,West,WestSouthwest,Intersection,Implicit,f,闵庄南路,,,,,107,6
15398,14482,673.830608683924,Far,253.630202731707,West,WestSouthwest,Intersection,Implicit,f,闵庄南路,,,,,107,6
15398,14651,675.788724789231,Far,253.13905764289,West,WestSouthwest,Intersection,Implicit,f,闵庄南路,,,,,107,6
15398,14556,687.144440870149,Far,258.842455943353,West,West,Intersection,Implicit,f,闵庄南路,,,,,107,6
15398,15403,604.831321964647,Far,261.424737195921,West,West,Intersection,Implicit,f,闵庄南路,,,,,107,6
15398,14795,606.890234287756,Far,263.455715746338,West,West,Intersection,Implicit,f,闵庄南路,,,,,107,6
15398,14658,606.328767254491,Far,264.188340595761,West,West,Intersection,Implicit,f,闵庄南路,,,,,107,6
15398,14799,612.425642145737,Far,261.695399157287,West,West,Intersection,Implicit,f,闵庄南路,,,,,107,6
15398,15391,613.29278801033,Far,261.235476512335,West,West,Intersection,Implicit,f,闵庄南路,,,,,107,6
15398,14945,642.001268764795,Far,246.826873565143,Southwest,WestSouthwest,Intersection,Implicit,t,闵庄南路,,,,,107,6
15398,14571,827.386082753504,Far,223.201186382646,Southwest,Southwest,Intersection,Implicit,t,闵庄南路,,,,,107,6
15398,14780,787.2362867287,Far,224.707214230851,Southwest,Southwest,Intersection,Implicit,t,闵庄南路,,,,,107,6
15398,15450,534.309536571662,Far,340.350714809424,North,NorthNorthwest,Intersection,Implicit,f,闵庄路,,,,,107,6
15398,14772,862.792632944091,Far,349.489228084595,North,North,Intersection,Implicit,f,茶棚东小街,,,,,107,6
15398,14192,810.946757744036,Far,353.105345066023,North,North,Intersection,Implicit,f,茶棚东小街,,,,,107,6
15398,14712,868.808443279458,Far,354.48894701086,North,North,Intersection,Implicit,f,茶棚东小街,,,,,107,6
15398,15385,600.020131887279,Far,18.4294456072589,North,NorthNortheast,Intersection,Implicit,f,闵庄路,,,,,107,6
24607,30381,881.375492772498,Far,258.521913400933,West,WestSouthwest,Intersection,Implicit,f,"",,,,,21,3
24607,26235,904.80721720163,Far,258.570544878912,West,WestSouthwest,Intersection,Implicit,f,"",,,,,21,3
24607,32466,919.62263604594,Far,256.920229147992,West,WestSouthwest,Intersection,Implicit,f,"",,,,,21,3
24607,28618,921.330630311114,Far,253.450950556455,West,WestSouthwest,Intersection,Implicit,f,"",,,,,21,3
24607,32335,961.225879870325,Far,252.763485267818,West,WestSouthwest,Intersection,Implicit,f,"",,,,,21,3
24607,33056,943.65491890938,Far,269.515852688494,West,West,Intersection,Implicit,t,"",,,,,21,3
24607,31349,958.154506677267,Far,256.475380313789,West,WestSouthwest,Intersection,Implicit,f,"",,,,,21,3
24607,24737,981.609129861385,Far,254.722774139905,West,WestSouthwest,Intersection,Implicit,f,"",,,,,21,3
24607,32479,989.487836062469,Far,263.938729217021,West,West,Intersection,Implicit,f,"",,,,,21,3
24607,31951,992.097323965266,Far,263.639281296235,West,West,Intersection,Implicit,f,"",,,,,21,3
24607,30274,836.869248815802,Far,263.906404726588,West,West,Intersection,Implicit,f,"",,,,,21,3
24607,27484,794.058707033475,Far,258.510293760676,West,WestSouthwest,Intersection,Implicit,f,"",,,,,21,3
24607,32909,753.29300311983,Far,265.231951239155,West,West,Intersection,Implicit,f,"",,,,,21,3
24607,32102,753.543940590248,Far,264.190976806742,West,West,Intersection,Implicit,f,"",,,,,21,3
24607,32878,749.832328889014,Far,261.656086198686,West,West,Intersection,Implicit,f,"",,,,,21,3
24607,26524,732.998004740815,Far,259.009417269149,West,West,Intersection,Implicit,f,"",,,,,21,3
24607,27140,417.781754391176,Medium,259.008986912153,West,West,Intersection,Implicit,f,"",,,,,21,3
24607,24402,245.096703794622,Medium,335.42248685589,Northwest,NorthNorthwest,Intersection,Implicit,t,"",,,,,21,3
24607,32930,50.700149566958,Close,300.158727668912,Northwest,WestNorthwest,Intersection,Implicit,f,"",,,,,21,3
24607,32704,381.522082356187,Medium,78.8004511447927,East,East,Intersection,Implicit,f,"",,,,,21,3
24674,30108,124.38757623064,Close,251.39327664904,West,WestSouthwest,Intersection,Implicit,f,松曹路,,,,,4,3
25173,32859,358.123279602675,Medium,245.825128256176,Southwest,WestSouthwest,Intersection,Implicit,t,密兴旧路,,,,,7,3
25173,35418,612.866173118666,Far,229.960286029792,Southwest,Southwest,Intersection,Implicit,f,平程路,,,,,7,3
25173,35439,635.23814623649,Far,227.221903414792,Southwest,Southwest,Intersection,Implicit,f,平程路,,,,,7,3
25173,24394,315.983330781394,Medium,246.236486575973,Southwest,WestSouthwest,Intersection,Implicit,t,密兴旧路,,,,,7,3
25173,25262,159.927038572339,Close,235.88323835731,Southwest,Southwest,Intersection,Implicit,f,密兴旧路,,,,,7,3
25173,32167,232.401354605645,Medium,26.978713919484,Northeast,NorthNortheast,Intersection,Implicit,f,密兴旧路,,,,,7,3
25173,35242,410.465598725485,Medium,44.1398021112938,Northeast,Northeast,Intersection,Implicit,t,密兴旧路,,,,,7,3
25316,26742,782.627840765569,Far,128.945202709565,Southeast,Southeast,Intersection,Implicit,f,密西路,,,,,52,4
25316,25011,829.19314389512,Far,126.742935988338,Southeast,Southeast,Intersection,Implicit,f,密西路,,,,,52,4
25316,24471,837.278676522356,Far,125.739337430654,Southeast,Southeast,Intersection,Implicit,f,密西路,,,,,52,4
25316,35338,593.418048763853,Far,127.295440129136,Southeast,Southeast,Intersection,Implicit,f,密西路,,,,,52,4
25316,25703,399.337466826265,Medium,293.083059260259,Northwest,WestNorthwest,Intersection,Implicit,f,密西路,,,,,52,4
25316,27432,436.571521185044,Medium,295.956878873118,Northwest,WestNorthwest,Intersection,Implicit,f,密西路,,,,,52,4
25316,32266,466.802225226534,Medium,295.109589885991,Northwest,WestNorthwest,Intersection,Implicit,f,密西路,,,,,52,4
25316,29050,455.064690162673,Medium,294.799128846279,Northwest,WestNorthwest,Intersection,Implicit,f,密西路,,,,,52,4
25826,24732,939.188757950579,Far,53.7840410278447,Northeast,Northeast,Intersection,Implicit,f,"",,,,,46,3
25826,32830,936.10633729504,Far,52.5149999642471,Northeast,Northeast,Intersection,Implicit,f,"",,,,,46,3
25826,32398,927.092821122864,Far,53.0536539869103,Northeast,Northeast,Intersection,Implicit,f,"",,,,,46,3
25826,35263,888.855141058537,Far,29.905529631847,Northeast,NorthNortheast,Intersection,Implicit,f,密兴路,,,,,46,3
25826,35315,833.094307759435,Far,1.63382875585925,North,North,Intersection,Implicit,f,"",,,,,46,3
25977,31665,417.628132017966,Medium,313.3263447231,Northwest,Northwest,Intersection,Implicit,t,"",,,,,4,3
25977,34377,81.1327618378753,Close,307.45068007602,Northwest,Northwest,Intersection,Implicit,f,"",,,,,4,3
25977,32845,85.1745813702553,Close,290.193801265631,West,WestNorthwest,Intersection,Implicit,t,"",,,,,4,3
25977,34611,238.588946691134,Medium,326.951923371676,Northwest,NorthNorthwest,Intersection,Implicit,f,"",,,,,4,3
26248,25801,912.919933864617,Far,345.086531737147,North,NorthNorthwest,Intersection,Implicit,f,"",,,,,24,3
26248,33649,997.466978443074,Far,349.603644711109,North,North,Intersection,Implicit,f,水库南线,,,,,24,3
26248,33552,136.690974920361,Close,31.3261983060551,Northeast,NorthNortheast,Intersection,Implicit,f,"",,,,,24,3
26248,26308,773.569159428224,Far,38.0360538164319,Northeast,Northeast,Intersection,Implicit,f,"",,,,,24,3
26248,32067,821.550884276313,Far,32.9469958567341,Northeast,NorthNortheast,Intersection,Implicit,f,"",,,,,24,3
26302,26670,592.960119565311,Far,93.8922915250339,East,East,Intersection,Implicit,f,"",,,,,25,3
26302,25356,586.080318308088,Far,94.9723355392502,East,East,Intersection,Implicit,f,"",,,,,25,3
26302,24512,568.976897645651,Far,98.7601840310606,East,East,Intersection,Implicit,f,"",,,,,25,3
26302,34952,568.217809695455,Far,96.6720281806422,East,East,Intersection,Implicit,f,"",,,,,25,3
26302,28094,558.367112540164,Far,95.2231445627244,East,East,Intersection,Implicit,f,"",,,,,25,3
26315,25246,715.188481083619,Far,147.527254289274,Southeast,SouthSoutheast,Intersection,Implicit,f,"",,,,,9,3
26315,28041,756.301503065907,Far,145.103182215962,Southeast,Southeast,Intersection,Implicit,f,"",,,,,9,3
26315,31079,686.101458862996,Far,137.576028075282,Southeast,Southeast,Intersection,Implicit,f,"",,,,,9,3
26315,32074,584.608080408909,Far,142.853668004971,Southeast,Southeast,Intersection,Implicit,f,"",,,,,9,3
26315,33546,38.7200739398165,VeryClose,19.2034796540879,North,NorthNortheast,Intersection,Implicit,f,"",,,,,9,3
26315,26204,58.1927386022581,Close,283.910495964257,West,WestNorthwest,Intersection,Implicit,f,"",,,,,9,3
26315,30478,228.228661393683,Medium,257.256839257837,West,WestSouthwest,Intersection,Implicit,f,"",,,,,9,3
26315,26309,823.385143543141,Far,106.23046752524,East,EastSoutheast,Intersection,Implicit,f,"",,,,,9,3
26315,30584,966.936972399475,Far,122.918701785211,Southeast,EastSoutheast,Intersection,Implicit,f,"",,,,,9,3
26337,34231,690.659467237683,Far,227.455165050008,Southwest,Southwest,Intersection,Implicit,f,京沈线,,,,,6,3
26337,33582,691.803343261256,Far,227.914205977066,Southwest,Southwest,Intersection,Implicit,f,京沈线,,,,,6,3
26337,29928,181.961802525529,Close,27.2656427600634,Northeast,NorthNortheast,Intersection,Implicit,f,"",,,,,6,3
26684,24798,896.753575971743,Far,91.3531730287235,East,East,Intersection,Implicit,f,"",,,,,5,3
26684,24738,972.91022666412,Far,98.5622270901804,East,East,Intersection,Implicit,f,"",,,,,5,3
26684,32541,593.331775188481,Far,94.6365244604652,East,East,Intersection,Implicit,f,"",,,,,5,3
26684,32533,55.8686538574752,Close,213.816667236886,Southwest,Southwest,Intersection,Implicit,f,"",,,,,5,3
26684,35517,518.17540040102,Far,267.330277787966,West,West,Intersection,Implicit,f,"",,,,,5,3
26704,24651,885.675342578392,Far,41.5661498945631,Northeast,Northeast,Intersection,Implicit,f,"",,,,,80,4
26704,32249,906.054366074774,Far,40.3176336460248,Northeast,Northeast,Intersection,Implicit,f,"",,,,,80,4
26704,32841,613.279807186071,Far,41.6281015084905,Northeast,Northeast,Intersection,Implicit,f,顺密路,,,,,80,4
26729,33272,600.577822227962,Far,248.421346247333,West,WestSouthwest,Intersection,Implicit,f,"",,,,,3,3
26729,35129,601.929148540948,Far,299.459497528662,Northwest,WestNorthwest,Intersection,Implicit,f,"",,,,,3,3
26729,30041,792.301185848381,Far,24.6880902743488,Northeast,NorthNortheast,Intersection,Implicit,f,"",,,,,3,3
27154,25007,380.67877503539,Medium,137.335032883293,Southeast,Southeast,Intersection,Implicit,f,韩西路,,,,,29,3
27154,27504,419.680184365908,Medium,129.389523412556,Southeast,Southeast,Intersection,Implicit,f,韩西路,,,,,29,3
27154,28763,425.723059331493,Medium,135.437770337933,Southeast,Southeast,Intersection,Implicit,f,韩西路,,,,,29,3
27154,25747,691.413850546365,Far,125.517848844045,Southeast,Southeast,Intersection,Implicit,f,卸河路,,,,,29,3
27154,25751,729.128120838893,Far,131.205124934167,Southeast,Southeast,Intersection,Implicit,f,韩西路,,,,,29,3
27154,28121,681.582624947375,Far,128.091965415073,Southeast,Southeast,Intersection,Implicit,f,卸河路,,,,,29,3
27154,28134,674.029576986458,Far,128.030696374658,Southeast,Southeast,Intersection,Implicit,f,卸河路,,,,,29,3
27154,26529,651.385231766509,Far,129.031680735306,Southeast,Southeast,Intersection,Implicit,f,卸河路,,,,,29,3
27154,26623,642.272537480186,Far,128.380600842954,Southeast,Southeast,Intersection,Implicit,f,卸河路,,,,,29,3
27214,30570,154.9793297008,Close,105.548342278748,East,EastSoutheast,Intersection,Implicit,f,燕大路,,,,,41,3
27214,27499,153.615758416181,Close,88.734180156768,East,East,Intersection,Implicit,t,燕大路,,,,,41,3
27214,30425,158.777882658914,Close,102.201888480439,East,EastSoutheast,Intersection,Implicit,f,燕大路,,,,,41,3
27214,35663,173.616854151973,Close,104.946358878594,East,EastSoutheast,Intersection,Implicit,f,燕大路,,,,,41,3
27214,26511,193.413729724306,Close,95.721062645931,East,East,Intersection,Implicit,f,燕大路,,,,,41,3
27214,28786,193.413729724306,Close,95.721062645931,East,East,Intersection,Implicit,f,燕大路,,,,,41,3
27214,28141,192.251573121274,Close,95.8219008342152,East,East,Intersection,Implicit,f,燕大路,,,,,41,3
27214,35356,877.050214814278,Far,180.946956561669,South,South,Intersection,Implicit,f,水杨路,,,,,41,3
27585,35387,995.727619680603,Far,88.9262176759568,East,East,Intersection,Implicit,t,密兴旧路,,,,,8,3
27656,33592,597.554282795097,Far,67.0048992211244,Northeast,EastNortheast,Intersection,Implicit,t,水库南线,,,,,25,3
28623,25205,273.929939921467,Medium,25.5149831323103,Northeast,NorthNortheast,Intersection,Implicit,f,密关路,,,,,63,4
28623,26643,216.124247239641,Medium,12.6056128207656,North,NorthNortheast,Intersection,Implicit,f,密关路,,,,,63,4
28623,27598,259.568547387745,Medium,11.6910605713594,North,NorthNortheast,Intersection,Implicit,f,密关路,,,,,63,4
28623,24979,235.549309645598,Medium,12.9540835969794,North,NorthNortheast,Intersection,Implicit,f,密关路,,,,,63,4
28623,27329,277.728373655315,Medium,11.8347773073725,North,NorthNortheast,Intersection,Implicit,f,密关路,,,,,63,4
28623,25514,250.490029676703,Medium,14.1684789064247,North,NorthNortheast,Intersection,Implicit,f,密关路,,,,,63,4
28623,35402,246.879947966639,Medium,15.5189585127146,North,NorthNortheast,Intersection,Implicit,f,密关路,,,,,63,4
29469,27504,989.328930466499,Far,242.052881142044,Southwest,WestSouthwest,Intersection,Implicit,f,韩西路,,,,,22,3
29469,25747,873.340801895206,Far,226.694670874122,Southwest,Southwest,Intersection,Implicit,f,卸河路,,,,,22,3
29469,25751,938.812932066761,Far,223.795493444039,Southwest,Southwest,Intersection,Implicit,t,韩西路,,,,,22,3
29469,28121,905.420848571479,Far,226.972215117876,Southwest,Southwest,Intersection,Implicit,f,卸河路,,,,,22,3
29469,28134,905.906403261586,Far,227.45126269339,Southwest,Southwest,Intersection,Implicit,f,卸河路,,,,,22,3
29469,26529,921.084878153611,Far,228.73119472137,Southwest,Southwest,Intersection,Implicit,f,卸河路,,,,,22,3
29469,26623,915.490626512486,Far,229.372885316406,Southwest,Southwest,Intersection,Implicit,f,卸河路,,,,,22,3
29499,31258,442.422465069436,Medium,190.946903352255,South,South,Intersection,Implicit,f,西统路,,,,,27,3
29504,32841,786.018092702463,Far,2.92399062009425,North,North,Intersection,Implicit,f,顺密路,,,,,71,4
29518,35328,282.002802562624,Medium,179.028225313768,South,South,Intersection,Implicit,t,密西路,,,,,18,3
29518,33627,984.259670395357,Far,288.872240190686,West,WestNorthwest,Intersection,Implicit,f,"",,,,,18,3
29518,35282,980.139733110474,Far,254.257946956306,West,WestSouthwest,Intersection,Implicit,f,西统路,,,,,18,3
29546,33024,993.419515620356,Far,19.5407691058464,North,NorthNortheast,Intersection,Implicit,f,北黄路,,,,,31,3
29546,35244,836.610821127247,Far,194.29179127432,South,SouthSouthwest,Intersection,Implicit,f,"",,,,,31,3
29546,35249,826.181810351353,Far,194.922300842791,South,SouthSouthwest,Intersection,Implicit,f,"",,,,,31,3
29560,35414,922.539683593537,Far,333.932764958302,Northwest,NorthNorthwest,Intersection,Implicit,f,密古路,,,,,9,3
29560,35255,306.29278775485,Medium,234.764241227227,Southwest,Southwest,Intersection,Implicit,f,水辛路,,,,,9,3
29560,35276,662.004858219289,Far,212.061095136963,Southwest,SouthSouthwest,Intersection,Implicit,f,水辛路,,,,,9,3
29560,35351,678.079707017941,Far,210.997950524142,Southwest,SouthSouthwest,Intersection,Implicit,f,水辛路,,,,,9,3
29575,32146,566.607715993831,Far,8.4760303221103,North,North,Intersection,Implicit,f,营椴路,,,,,3,3
29575,29505,778.60080591029,Far,254.201689170513,West,WestSouthwest,Intersection,Implicit,f,营椴路,,,,,3,3
29575,29492,634.734923777744,Far,237.864476831271,Southwest,WestSouthwest,Intersection,Implicit,f,营椴路,,,,,3,3
29609,25703,519.485153497271,Far,116.680250365452,Southeast,EastSoutheast,Intersection,Implicit,f,密西路,,,,,25,3
29609,27432,481.895577221982,Medium,114.355967065319,Southeast,EastSoutheast,Intersection,Implicit,f,密西路,,,,,25,3
29609,32266,451.575468667457,Medium,115.124497090156,Southeast,EastSoutheast,Intersection,Implicit,f,密西路,,,,,25,3
29609,29050,463.326870561923,Medium,115.429043967741,Southeast,EastSoutheast,Intersection,Implicit,f,密西路,,,,,25,3
29622,35379,588.582989521599,Far,122.55047353787,Southeast,EastSoutheast,Intersection,Implicit,f,"",,,,,6,3
29640,34231,332.283137701367,Medium,318.477564851163,Northwest,Northwest,Intersection,Implicit,f,京沈线,,,,,7,3
29640,33582,337.806959252551,Medium,318.270572590667,Northwest,Northwest,Intersection,Implicit,f,京沈线,,,,,7,3
29640,29928,953.089319286703,Far,22.9690120478121,Northeast,NorthNortheast,Intersection,Implicit,f,"",,,,,7,3
29654,35166,998.275076289232,Far,39.0921854472297,Northeast,Northeast,Intersection,Implicit,f,"",,,,,7,3
29889,26604,404.870752306477,Medium,128.669628733803,Southeast,Southeast,Intersection,Implicit,f,"",,,,,18,3
29889,26579,373.243586107115,Medium,123.808288385153,Southeast,Southeast,Intersection,Implicit,f,"",,,,,18,3
29889,30551,664.431562465888,Far,118.307560606773,Southeast,EastSoutheast,Intersection,Implicit,f,"",,,,,18,3
29889,33550,720.994947981664,Far,116.32431340894,Southeast,EastSoutheast,Intersection,Implicit,f,"",,,,,18,3
29891,33714,175.647392596,Close,222.452733000446,Southwest,Southwest,Intersection,Implicit,f,幸福路,,,,,18,3
26566,30709,31.8014110551318,VeryClose,341.379688357166,North,NorthNorthwest,Opposite,Explicit,f,松曹路,,,,,3,3
29654,31380,36.2737565874913,VeryClose,145.1748214724,Southeast,Southeast,Opposite,Explicit,f,京沈线,,,,,7,3
18,378,109.483845917689,Close,321.483327250846,Northwest,Northwest,SameSide,Explicit,f,大灰厂路,,,,,47,3
18,246,53.15121476076,Close,289.803556282237,West,West,SameSide,Explicit,f,大灰厂路,,,,,47,3
18,488,297.027186855277,Medium,26.6492245709347,Northeast,Northeast,SameSide,Explicit,f,大灰厂路,,,,,47,3
18,410,329.474816061697,Medium,287.183456573358,West,West,SameSide,Explicit,f,大灰厂路,,,,,47,3
18,482,320.034499762671,Medium,33.9077202576693,Northeast,Northeast,SameSide,Explicit,f,大灰厂路,,,,,47,3
29,247,136.591322825954,Close,268.348034312312,West,West,SameSide,Explicit,t,太子峪路,,,,,45,3
31,480,140.397750281065,Close,264.975270370486,West,West,SameSide,Explicit,f,长兴路,,,,,30,3
31,86,276.102085850012,Medium,121.703875233194,Southeast,Southeast,SameSide,Explicit,f,长兴路,,,,,30,3
32,280,381.73475690046,Medium,258.394588222741,West,West,SameSide,Explicit,f,大灰厂路,,,,,12,3
32,319,371.86581114069,Medium,255.054938864617,West,West,SameSide,Explicit,f,大灰厂路,,,,,12,3
32,53,301.330555381113,Medium,249.085199536906,West,West,SameSide,Explicit,f,大灰厂路,,,,,12,3
32,101,335.239978159292,Medium,246.940740024278,Southwest,Southwest,SameSide,Explicit,t,大灰厂路,,,,,12,3
105,356,413.657686051487,Medium,245.953321672983,Southwest,Southwest,SameSide,Explicit,t,沙羊路,,,,,10,3
105,464,192.693836555588,Close,198.608523743941,South,South,SameSide,Explicit,f,"",,,,,10,3
142,285,330.37088307735,Medium,210.931714102163,Southwest,Southwest,SameSide,Explicit,f,大灰厂东路,,,,,16,3
194,3,185.614476675543,Close,185.883253629819,South,South,SameSide,Explicit,f,大灰厂路,,,,,44,3
201,380,92.5338662074441,Close,164.560693692442,South,South,SameSide,Explicit,f,大灰厂东路,,,,,48,3
201,529,459.078536890338,Medium,87.4612680659974,East,East,SameSide,Explicit,f,大灰厂东路,,,,,48,3
201,122,386.590381549945,Medium,95.1400938932136,East,East,SameSide,Explicit,f,大灰厂东路,,,,,48,3
201,54,276.351447651606,Medium,114.346126953127,Southeast,Southeast,SameSide,Explicit,f,大灰厂东路,,,,,48,3
204,233,350.755455612418,Medium,166.592152548973,South,South,SameSide,Explicit,f,沙羊路,,,,,11,3
204,260,371.677106547075,Medium,186.365611708538,South,South,SameSide,Explicit,f,沙羊路,,,,,11,3
210,23,153.780052811176,Close,92.5187572971717,East,East,SameSide,Explicit,f,丰台梨园桥,,,,,3,3
213,490,203.354594150886,Medium,249.635056786386,West,West,SameSide,Explicit,f,辛庄南路,,,,,11,3
252,203,473.705624098646,Medium,55.4995635713175,Northeast,Northeast,SameSide,Explicit,f,大灰厂路,,,,,30,3
252,341,491.205054950468,Medium,55.0470891356856,Northeast,Northeast,SameSide,Explicit,f,大灰厂路,,,,,30,3
259,212,98.5344881036667,Close,208.414261514056,Southwest,Southwest,SameSide,Explicit,f,辛庄南路,,,,,9,3
259,214,90.0220146121759,Close,23.3614579782398,Northeast,Northeast,SameSide,Explicit,f,辛庄南路,,,,,9,3
263,191618,357.008275226371,Medium,145.338109954794,Southeast,Southeast,SameSide,Explicit,f,民族苑路,,,,,24,3
263,188832,404.097783320954,Medium,205.331147529171,Southwest,Southwest,SameSide,Explicit,f,民族苑路,,,,,24,3
342,34,125.760437346254,Close,114.849744945767,Southeast,Southeast,SameSide,Explicit,f,大灰厂东路,,,,,87,4
342,330,155.997864428182,Close,154.187388769723,Southeast,Southeast,SameSide,Explicit,f,大灰厂东路,,,,,87,4
342,375,477.508836289636,Medium,1.11778308859132,North,North,SameSide,Explicit,f,大灰厂东路,,,,,87,4
342,282,167.639517355618,Close,175.5407288015,South,South,SameSide,Explicit,f,大灰厂东路,,,,,87,4
387,128,292.458993247926,Medium,182.058385963277,South,South,SameSide,Explicit,f,镇岗塔路,,,,,74,4
387,135,302.889704528936,Medium,182.639210198605,South,South,SameSide,Explicit,f,镇岗塔路,,,,,74,4
387,61,284.946750537014,Medium,179.354302009936,South,South,SameSide,Explicit,t,镇岗塔路,,,,,74,4
387,84,284.946750537014,Medium,179.354302009936,South,South,SameSide,Explicit,t,镇岗塔路,,,,,74,4
387,70,302.491459417384,Medium,179.292291584391,South,South,SameSide,Explicit,t,镇岗塔路,,,,,74,4
387,92,299.334853027067,Medium,178.786210003741,South,South,SameSide,Explicit,t,镇岗塔路,,,,,74,4
387,74,308.921132737887,Medium,178.553575094416,South,South,SameSide,Explicit,t,镇岗塔路,,,,,74,4
387,196,282.748543912426,Medium,178.353334347071,South,South,SameSide,Explicit,t,镇岗塔路,,,,,74,4
387,197,288.598512052152,Medium,177.971063463253,South,South,SameSide,Explicit,t,镇岗塔路,,,,,74,4
387,188,296.067533689634,Medium,177.020954224553,South,South,SameSide,Explicit,f,镇岗塔路,,,,,74,4
387,77,301.311981538773,Medium,176.624121388512,South,South,SameSide,Explicit,f,镇岗塔路,,,,,74,4
387,172,281.56793172626,Medium,174.824664021041,South,South,SameSide,Explicit,f,镇岗塔路,,,,,74,4
387,45,282.869656089543,Medium,175.392359469462,South,South,SameSide,Explicit,f,镇岗塔路,,,,,74,4
387,65,286.066534407242,Medium,176.019208369045,South,South,SameSide,Explicit,f,镇岗塔路,,,,,74,4
387,124,274.873449858307,Medium,175.601801331229,South,South,SameSide,Explicit,f,镇岗塔路,,,,,74,4
387,250,268.920228835736,Medium,176.354772497136,South,South,SameSide,Explicit,f,镇岗塔路,,,,,74,4
387,96,278.007207789714,Medium,171.683443628083,South,South,SameSide,Explicit,f,镇岗塔路,,,,,74,4
387,535,252.243247603605,Medium,173.432666043667,South,South,SameSide,Explicit,f,镇岗塔路,,,,,74,4
387,456,281.934062944568,Medium,174.534008597598,South,South,SameSide,Explicit,f,镇岗塔路,,,,,74,4
387,187143,350.720368988838,Medium,123.499784400292,Southeast,Southeast,SameSide,Explicit,f,镇岗塔路,,,,,74,4
387,187366,315.624581340114,Medium,123.61345266516,Southeast,Southeast,SameSide,Explicit,f,镇岗塔路,,,,,74,4
387,187549,357.326589696521,Medium,109.917587787859,East,East,SameSide,Explicit,f,镇岗塔路,,,,,74,4
387,187222,332.159005267685,Medium,115.608809526301,Southeast,Southeast,SameSide,Explicit,f,镇岗塔路,,,,,74,4
387,191837,338.729543240062,Medium,113.996123257271,Southeast,Southeast,SameSide,Explicit,f,镇岗塔路,,,,,74,4
415,246,205.809956470914,Medium,259.813289750176,West,West,SameSide,Explicit,f,大灰厂路,,,,,51,4
415,35,156.989213125952,Close,262.733242812843,West,West,SameSide,Explicit,f,大灰厂路,,,,,51,4
415,410,469.293955065327,Medium,275.248781702624,West,West,SameSide,Explicit,f,大灰厂路,,,,,51,4
415,484,382.278334777843,Medium,170.34283433559,South,South,SameSide,Explicit,f,大灰厂路,,,,,51,4
415,494,154.015891537191,Close,127.781481050823,Southeast,Southeast,SameSide,Explicit,f,大灰厂路,,,,,51,4
473,225,362.782414786872,Medium,51.7556096319596,Northeast,Northeast,SameSide,Explicit,f,辛庄南路,,,,,10,3
495,463,135.72244988794,Close,70.7397491405119,East,East,SameSide,Explicit,f,大灰厂路,,,,,6,3
495,486,197.080407733114,Close,118.117144294291,Southeast,Southeast,SameSide,Explicit,f,大灰厂路,,,,,6,3
502,466,333.882873216285,Medium,165.078937666254,South,South,SameSide,Explicit,f,大灰厂东路,,,,,43,3
502,458,369.800794036805,Medium,160.68058383647,South,South,SameSide,Explicit,f,大灰厂东路,,,,,43,3
502,112,335.474737000092,Medium,167.841783991704,South,South,SameSide,Explicit,f,大灰厂东路,,,,,43,3
502,55,336.632215733834,Medium,167.826328606044,South,South,SameSide,Explicit,f,大灰厂东路,,,,,43,3
502,44,336.362015783293,Medium,172.687115621692,South,South,SameSide,Explicit,f,大灰厂东路,,,,,43,3
502,474,298.986684315525,Medium,172.329363487041,South,South,SameSide,Explicit,f,大灰厂东路,,,,,43,3
502,352,364.621326023669,Medium,143.840534644203,Southeast,Southeast,SameSide,Explicit,f,大灰厂东路,,,,,43,3
559,792,137.329762716764,Close,54.4783985044958,Northeast,Northeast,SameSide,Explicit,f,中山村路,,,,,1,3
574,606,124.895463533428,Close,96.3052545198423,East,East,SameSide,Explicit,f,阎河路,,,,,12,3
598,660,104.611670219976,Close,42.9496996143297,Northeast,Northeast,SameSide,Explicit,t,贾史公路,,,,,5,3
598,782,89.8560923621911,Close,339.567746575893,North,North,SameSide,Explicit,f,贾史公路,,,,,5,3
598,787,246.706367196914,Medium,2.30638158443458,North,North,SameSide,Explicit,f,贾史公路,,,,,5,3
603,639,112.897708537775,Close,97.7451517705859,East,East,SameSide,Explicit,f,"",,,,,2,3
614,544,285.72918087802,Medium,32.3009323157652,Northeast,Northeast,SameSide,Explicit,f,陈家台环路,,,,,10,3
622,608,488.323196149934,Medium,66.5333078449494,Northeast,Northeast,SameSide,Explicit,t,京昆路复线,,,,,15,3
637,710,163.852673946748,Close,119.761381584488,Southeast,Southeast,SameSide,Explicit,f,京昆路,,,,,10,3
637,727,105.88017752078,Close,109.11520450069,East,East,SameSide,Explicit,f,京昆路,,,,,10,3
637,794,53.7000396459996,Close,119.312160040788,Southeast,Southeast,SameSide,Explicit,f,京昆路,,,,,10,3
690,826,133.766234345915,Close,10.0482524080562,North,North,SameSide,Explicit,f,京昆路复线,,,,,10,3
690,711,139.634265004687,Close,34.5623834877169,Northeast,Northeast,SameSide,Explicit,f,京昆路,,,,,10,3
705,538,76.4656611030298,Close,132.587301863413,Southeast,Southeast,SameSide,Explicit,t,阎河路,,,,,34,3
705,562,77.0222804652773,Close,131.998657355053,Southeast,Southeast,SameSide,Explicit,f,阎河路,,,,,34,3
763,717,71.8978406094659,Close,292.883347443152,Northwest,Northwest,SameSide,Explicit,f,辛北路,,,,,6,3
764,699,329.709459160154,Medium,275.373941582821,West,West,SameSide,Explicit,f,东班各庄村路,,,,,10,3
764,714,107.858964087711,Close,30.0419742110691,Northeast,Northeast,SameSide,Explicit,f,东班各庄村路,,,,,10,3
800,548,177.970774489792,Close,298.964357791946,Northwest,Northwest,SameSide,Explicit,f,房东路,,,,,21,3
841,1290,214.842265422284,Medium,274.8167703408,West,West,SameSide,Explicit,f,南雁路,,,,,15,3
841,950,230.738646566044,Medium,232.040392031786,Southwest,Southwest,SameSide,Explicit,f,南雁路,,,,,15,3
841,1037,247.937632607708,Medium,257.647198807762,West,West,SameSide,Explicit,f,南雁路,,,,,15,3
841,1232,245.715347387152,Medium,263.656374163781,West,West,SameSide,Explicit,f,南雁路,,,,,15,3
914,1231,167.567877389502,Close,219.658006908072,Southwest,Southwest,SameSide,Explicit,f,溜石港路,,,,,2,3
985,1203,260.491615596201,Medium,180.0915743678,South,South,SameSide,Explicit,f,土西路,,,,,9,3
985,1288,279.891495794444,Medium,198.23065054088,South,South,SameSide,Explicit,f,土西路,,,,,9,3
987,1371,308.562639897827,Medium,267.35693071102,West,West,SameSide,Explicit,f,温南路,,,,,27,3
987,1029,270.075273144491,Medium,232.681509990296,Southwest,Southwest,SameSide,Explicit,f,温南路,,,,,27,3
987,858,271.597916477928,Medium,229.01509773115,Southwest,Southwest,SameSide,Explicit,f,温南路,,,,,27,3
1043,1216,481.418515708768,Medium,127.129491737893,Southeast,Southeast,SameSide,Explicit,f,"",,,,,17,3
1043,1085,497.296529336467,Medium,135.849437598295,Southeast,Southeast,SameSide,Explicit,f,"",,,,,17,3
1057,1192,272.396902922161,Medium,184.561191041038,South,South,SameSide,Explicit,f,温南路,,,,,129,6
1057,1334,279.62911291427,Medium,177.473854099674,South,South,SameSide,Explicit,f,温南路,,,,,129,6
1057,1060,306.640820861531,Medium,117.709803674406,Southeast,Southeast,SameSide,Explicit,f,阳八路,,,,,129,6
1057,1342,373.76392184493,Medium,77.2061475118392,East,East,SameSide,Explicit,f,温南路,,,,,129,6
1057,1183,373.697634746624,Medium,76.8013265732142,East,East,SameSide,Explicit,f,温南路,,,,,129,6
1057,833,145.498412473154,Close,112.128973977066,East,East,SameSide,Explicit,t,温南路,,,,,129,6
1057,830,130.400726985244,Close,111.56474856148,East,East,SameSide,Explicit,t,温南路,,,,,129,6
1074,1336,369.756038572786,Medium,92.5815615884878,East,East,SameSide,Explicit,f,"",,,,,21,3
14701,15196,307.991669346783,Medium,92.5494741456313,East,East,SameSide,Explicit,f,"",,,,,41,3
1078,885,454.799435823688,Medium,343.085944217229,North,North,SameSide,Explicit,f,佛山福路,,,,,24,3
1078,881,218.607556820819,Medium,310.872793722894,Northwest,Northwest,SameSide,Explicit,f,后二路,,,,,24,3
1078,1164,339.818038782194,Medium,221.142253354247,Southwest,Southwest,SameSide,Explicit,f,白虎涧路,,,,,24,3
1078,1400,222.8034442845,Medium,189.79642170481,South,South,SameSide,Explicit,f,白虎涧路,,,,,24,3
1078,1033,226.601015678501,Medium,350.076930610649,North,North,SameSide,Explicit,f,后二路,,,,,24,3
1078,1234,212.919935827508,Medium,7.25828223166644,North,North,SameSide,Explicit,f,后二路,,,,,24,3
1096,1302,109.802960757051,Close,270.754892337438,West,West,SameSide,Explicit,f,昌流路,,,,,5,3
1172,1272,129.584505945625,Close,120.609468512404,Southeast,Southeast,SameSide,Explicit,f,"",,,,,35,3
1176,1256,352.730320511406,Medium,0.743170729663945,North,North,SameSide,Explicit,f,瓦窑路延长线,,,,,14,3
1176,1229,372.306882884863,Medium,359.992552030239,North,North,SameSide,Explicit,t,瓦窑路延长线,,,,,14,3
1184,1408,459.109574406502,Medium,309.180641528318,Northwest,Northwest,SameSide,Explicit,f,京礼高速,,,,,11,3
1190,1273,219.250503887456,Medium,304.151874434193,Northwest,Northwest,SameSide,Explicit,f,南雁路,,,,,14,3
1190,1323,241.814584482926,Medium,29.7341556983356,Northeast,Northeast,SameSide,Explicit,f,南雁路,,,,,14,3
1190,1115,176.186768256075,Close,20.9391463712625,North,North,SameSide,Explicit,t,南雁路,,,,,14,3
1190,1103,186.876238833148,Close,26.8150130531095,Northeast,Northeast,SameSide,Explicit,f,南雁路,,,,,14,3
1190,1072,175.250393944151,Close,346.418348136842,North,North,SameSide,Explicit,f,南雁路,,,,,14,3
1237,1273,285.618338165273,Medium,115.834236363029,Southeast,Southeast,SameSide,Explicit,f,小水峪路,,,,,11,3
1265,1276,133.418916950371,Close,41.5226805381352,Northeast,Northeast,SameSide,Explicit,f,水活路支线,,,,,1,3
1268,950,499.687105530197,Medium,118.342761591063,Southeast,Southeast,SameSide,Explicit,f,"",,,,,12,3
1268,1037,407.472903719809,Medium,111.348576921951,East,East,SameSide,Explicit,t,"",,,,,12,3
1268,1232,396.861420002942,Medium,107.970828031401,East,East,SameSide,Explicit,f,"",,,,,12,3
1269,1132,445.133176152334,Medium,170.06188859739,South,South,SameSide,Explicit,f,佛山福路,,,,,6,3
1298,831,155.352919421977,Close,52.59778171023,Northeast,Northeast,SameSide,Explicit,f,神牛路,,,,,108,6
1298,1028,152.600684191652,Close,5.73521050863399,North,North,SameSide,Explicit,f,神牛路,,,,,108,6
1298,215906,486.34248112437,Medium,0.50455385626072,North,North,SameSide,Explicit,f,神牛路,,,,,108,6
1298,217933,462.536048311001,Medium,359.508790046795,North,North,SameSide,Explicit,t,神牛路,,,,,108,6
1298,215386,388.040738723058,Medium,336.003476535821,Northwest,Northwest,SameSide,Explicit,t,昌流路,,,,,108,6
1298,220444,418.04871652783,Medium,334.527449503185,Northwest,Northwest,SameSide,Explicit,f,昌流路,,,,,108,6
1298,220367,457.225668415238,Medium,336.490143104137,Northwest,Northwest,SameSide,Explicit,t,昌流路,,,,,108,6
1298,210941,396.548393195917,Medium,330.524489121232,Northwest,Northwest,SameSide,Explicit,f,昌流路,,,,,108,6
1298,219366,435.085064229581,Medium,326.773329798793,Northwest,Northwest,SameSide,Explicit,f,昌流路,,,,,108,6
1298,219286,462.282173825159,Medium,326.352760606044,Northwest,Northwest,SameSide,Explicit,f,昌流路,,,,,108,6
1298,217691,435.869870853696,Medium,321.357822049078,Northwest,Northwest,SameSide,Explicit,f,昌流路,,,,,108,6
1298,217937,438.80714147083,Medium,320.660231569878,Northwest,Northwest,SameSide,Explicit,f,昌流路,,,,,108,6
1345,1203,314.534220057468,Medium,157.752151134207,South,South,SameSide,Explicit,f,土西路,,,,,8,3
1345,1288,298.185332671016,Medium,173.850749142262,South,South,SameSide,Explicit,f,土西路,,,,,8,3
1383,1362,266.94713399936,Medium,4.22141600747297,North,North,SameSide,Explicit,f,"",,,,,205,10
1383,1158,216.364831935105,Medium,75.9062499884896,East,East,SameSide,Explicit,f,温南路,,,,,205,10
1383,912,217.889866890857,Medium,77.5722732243994,East,East,SameSide,Explicit,f,温南路,,,,,205,10
1383,933,247.337704376528,Medium,62.8478637794823,Northeast,Northeast,SameSide,Explicit,f,温南路,,,,,205,10
1383,911,243.878696398073,Medium,64.5288839739913,Northeast,Northeast,SameSide,Explicit,f,温南路,,,,,205,10
1383,918,257.484017789991,Medium,59.1416981465781,Northeast,Northeast,SameSide,Explicit,f,温南路,,,,,205,10
1383,1375,245.200818319435,Medium,59.0953527330246,Northeast,Northeast,SameSide,Explicit,f,温南路,,,,,205,10
1383,1024,200.892831974926,Medium,85.2339141265739,East,East,SameSide,Explicit,f,温南路,,,,,205,10
1383,1071,313.851022752498,Medium,39.3218251520195,Northeast,Northeast,SameSide,Explicit,f,"",,,,,205,10
1383,1303,307.483074596531,Medium,42.1478478591446,Northeast,Northeast,SameSide,Explicit,f,"",,,,,205,10
1383,1114,353.437162514052,Medium,34.753051917819,Northeast,Northeast,SameSide,Explicit,f,"",,,,,205,10
1383,845,319.63026124029,Medium,41.5681372945139,Northeast,Northeast,SameSide,Explicit,f,"",,,,,205,10
1383,1101,376.210191238622,Medium,35.0375253770157,Northeast,Northeast,SameSide,Explicit,f,"",,,,,205,10
1383,1009,418.080976326149,Medium,34.4056702812184,Northeast,Northeast,SameSide,Explicit,f,温南路,,,,,205,10
1383,861,434.361692147665,Medium,32.7903439416829,Northeast,Northeast,SameSide,Explicit,f,温南路,,,,,205,10
1383,993,449.263648942119,Medium,30.4499243138664,Northeast,Northeast,SameSide,Explicit,f,温南路,,,,,205,10
1383,1100,388.541436485294,Medium,38.5856704701274,Northeast,Northeast,SameSide,Explicit,f,"",,,,,205,10
1383,835,407.999722262778,Medium,37.7167248837984,Northeast,Northeast,SameSide,Explicit,f,温南路,,,,,205,10
1383,1425,243.006775548399,Medium,66.5364270651544,Northeast,Northeast,SameSide,Explicit,t,温南路,,,,,205,10
1383,1195,464.736030783903,Medium,47.7358880617269,Northeast,Northeast,SameSide,Explicit,f,温南路,,,,,205,10
1383,1308,269.628209949159,Medium,77.4505401698941,East,East,SameSide,Explicit,f,温南路,,,,,205,10
1383,1317,273.628871297328,Medium,90.1841228506222,East,East,SameSide,Explicit,f,温南路,,,,,205,10
1383,847,302.990189377374,Medium,87.5228990554512,East,East,SameSide,Explicit,t,温南路,,,,,205,10
1383,922,328.130045780432,Medium,75.1847643586445,East,East,SameSide,Explicit,f,温南路,,,,,205,10
1383,935,332.459329952415,Medium,70.4113533574559,East,East,SameSide,Explicit,f,温南路,,,,,205,10
1383,1041,340.680661169884,Medium,65.3640267783797,Northeast,Northeast,SameSide,Explicit,t,温南路,,,,,205,10
1383,1039,435.450779662634,Medium,42.7809174261448,Northeast,Northeast,SameSide,Explicit,t,温南路,,,,,205,10
1383,859,480.206422117396,Medium,35.811153958947,Northeast,Northeast,SameSide,Explicit,f,温南路,,,,,205,10
1383,836,474.315790004857,Medium,36.4939154578456,Northeast,Northeast,SameSide,Explicit,f,温南路,,,,,205,10
1383,839,468.626039207917,Medium,37.5991148272566,Northeast,Northeast,SameSide,Explicit,f,温南路,,,,,205,10
1383,1014,457.819521738005,Medium,38.5184873999882,Northeast,Northeast,SameSide,Explicit,f,温南路,,,,,205,10
1383,842,456.966324846009,Medium,37.188205115772,Northeast,Northeast,SameSide,Explicit,f,温南路,,,,,205,10
1383,1123,202.6191379988,Medium,179.033351119062,South,South,SameSide,Explicit,t,"",,,,,205,10
1383,862,189.871543920453,Close,158.363745393555,South,South,SameSide,Explicit,f,"",,,,,205,10
1383,1329,206.033920200036,Medium,131.021941705426,Southeast,Southeast,SameSide,Explicit,f,温南路,,,,,205,10
1383,1327,215.887873165327,Medium,133.401695900077,Southeast,Southeast,SameSide,Explicit,t,温南路,,,,,205,10
14701,14687,302.504133660891,Medium,98.9028389165754,East,East,SameSide,Explicit,f,"",,,,,41,3
1383,1221,178.638797895908,Close,117.396841670311,Southeast,Southeast,SameSide,Explicit,f,温南路,,,,,205,10
1383,1226,178.087058882895,Close,117.166840102157,Southeast,Southeast,SameSide,Explicit,f,温南路,,,,,205,10
1383,889,166.908941016198,Close,110.65399746668,East,East,SameSide,Explicit,t,温南路,,,,,205,10
1383,1129,166.908941016198,Close,110.65399746668,East,East,SameSide,Explicit,t,温南路,,,,,205,10
1383,1224,177.621714339073,Close,119.593375557692,Southeast,Southeast,SameSide,Explicit,f,温南路,,,,,205,10
1383,1307,339.878177200239,Medium,144.197047012805,Southeast,Southeast,SameSide,Explicit,f,温南路,,,,,205,10
1383,1015,365.408450975999,Medium,139.232817345991,Southeast,Southeast,SameSide,Explicit,f,温南路,,,,,205,10
1383,896,294.67834036528,Medium,121.957258694309,Southeast,Southeast,SameSide,Explicit,f,温南路,,,,,205,10
1383,1127,446.469812082944,Medium,141.890965273985,Southeast,Southeast,SameSide,Explicit,f,温南路,,,,,205,10
1383,891,408.021826877821,Medium,139.049473375674,Southeast,Southeast,SameSide,Explicit,f,温南路,,,,,205,10
1383,894,263.745356844583,Medium,95.8721284125149,East,East,SameSide,Explicit,f,温南路,,,,,205,10
1383,925,362.060655248843,Medium,128.78982757168,Southeast,Southeast,SameSide,Explicit,f,温南路,,,,,205,10
1383,924,348.76769780764,Medium,125.365371610205,Southeast,Southeast,SameSide,Explicit,f,温南路,,,,,205,10
1385,1089,257.687457671515,Medium,308.070340098973,Northwest,Northwest,SameSide,Explicit,f,阳马路,,,,,17,3
1385,1222,301.755804763221,Medium,112.274014767193,East,East,SameSide,Explicit,t,"",,,,,17,3
1496,2206,119.218171537186,Close,343.976733123248,North,North,SameSide,Explicit,f,苏家坨西路,,,,,25,3
1496,2064,229.459163790976,Medium,186.193144682195,South,South,SameSide,Explicit,f,苏家坨西路,,,,,25,3
1496,1848,275.109588354759,Medium,222.423362753504,Southwest,Southwest,SameSide,Explicit,f,苏家坨西路,,,,,25,3
1496,1579,290.394440201088,Medium,227.168983692716,Southwest,Southwest,SameSide,Explicit,f,苏家坨西路,,,,,25,3
1496,1615,110.735738025625,Close,310.809167903299,Northwest,Northwest,SameSide,Explicit,f,苏家坨西路,,,,,25,3
1520,1746,438.927426853227,Medium,109.300756860133,East,East,SameSide,Explicit,f,大西山旅游路,,,,,26,3
1520,2096,373.374658687934,Medium,64.1804072248135,Northeast,Northeast,SameSide,Explicit,f,大西山旅游路,,,,,26,3
1555,1839,410.324242549951,Medium,342.394595960498,North,North,SameSide,Explicit,f,辛力屯路,,,,,8,3
1555,2038,390.31719097943,Medium,341.642086082267,North,North,SameSide,Explicit,f,辛力屯路,,,,,8,3
1661,1944,242.599610591913,Medium,97.37688003026,East,East,SameSide,Explicit,f,"",,,,,13,3
1661,1063,265.122022231277,Medium,71.5896225011556,East,East,SameSide,Explicit,f,"",,,,,13,3
1698,1697,489.16739176822,Medium,94.3047312418743,East,East,SameSide,Explicit,f,车耳营路,,,,,19,3
1707,1709,61.0974789126431,Close,123.975085641529,Southeast,Southeast,SameSide,Explicit,f,大西山旅游路,,,,,19,3
1788,2222,326.19468173791,Medium,204.42656999123,Southwest,Southwest,SameSide,Explicit,f,阳台山路,,,,,25,3
1788,1948,471.450594543168,Medium,160.834785411925,South,South,SameSide,Explicit,f,阳台山路,,,,,25,3
1788,1803,126.994605345072,Close,64.7735018203887,Northeast,Northeast,SameSide,Explicit,f,大西山旅游路,,,,,25,3
1788,2098,336.123903647767,Medium,176.323162726852,South,South,SameSide,Explicit,f,大西山旅游路,,,,,25,3
1788,1609,365.325633951744,Medium,181.510924866407,South,South,SameSide,Explicit,f,大西山旅游路,,,,,25,3
1835,2195,181.456916689366,Close,256.987449016686,West,West,SameSide,Explicit,f,同泽园路,,,,,53,4
1835,1559,458.25161728584,Medium,89.4822522114408,East,East,SameSide,Explicit,t,凤仪路,,,,,53,4
1835,2113,460.580591790981,Medium,95.7493845806925,East,East,SameSide,Explicit,f,凤仪路,,,,,53,4
1835,2067,371.553183510134,Medium,65.8092854652375,Northeast,Northeast,SameSide,Explicit,t,苏一路,,,,,53,4
1835,1868,315.875221717239,Medium,48.139876161511,Northeast,Northeast,SameSide,Explicit,f,苏四路,,,,,53,4
1835,2182,494.663073769703,Medium,20.9049016805988,North,North,SameSide,Explicit,t,苏二路,,,,,53,4
1835,2213,492.958983513653,Medium,13.2045167126042,North,North,SameSide,Explicit,f,苏二路,,,,,53,4
1835,1504,270.192100040475,Medium,342.29442841458,North,North,SameSide,Explicit,f,同泽园路,,,,,53,4
1872,1873,181.740111596126,Close,60.1946073219102,Northeast,Northeast,SameSide,Explicit,f,车耳营路,,,,,23,3
1872,1992,57.5252626640243,Close,164.138334777844,South,South,SameSide,Explicit,f,车耳营路,,,,,23,3
1872,1895,143.01013818181,Close,289.078932218341,West,West,SameSide,Explicit,f,车耳营路,,,,,23,3
1874,1630,384.422820741606,Medium,332.635064570097,Northwest,Northwest,SameSide,Explicit,f,温阳路,,,,,26,3
1874,1565,364.367704089851,Medium,331.49059630491,Northwest,Northwest,SameSide,Explicit,f,温阳路,,,,,26,3
1907,1577,391.455884781296,Medium,328.069398207779,Northwest,Northwest,SameSide,Explicit,f,北安河路,,,,,20,3
1907,1783,321.172201417503,Medium,335.988458287884,Northwest,Northwest,SameSide,Explicit,t,北安河路,,,,,20,3
1910,1583,222.647211731209,Medium,99.0523161448118,East,East,SameSide,Explicit,f,"",,,,,57,4
1910,1972,244.23536049932,Medium,97.2707326273907,East,East,SameSide,Explicit,f,"",,,,,57,4
1910,1822,286.330713453783,Medium,212.577911158725,Southwest,Southwest,SameSide,Explicit,f,台头村路,,,,,57,4
1910,1829,249.686345970999,Medium,219.799296409426,Southwest,Southwest,SameSide,Explicit,f,台头村路,,,,,57,4
1931,1973,418.212082223791,Medium,99.0722267660111,East,East,SameSide,Explicit,f,北安河路,,,,,52,4
1931,2192,497.356921507834,Medium,0.684902148111717,North,North,SameSide,Explicit,f,北安河北路,,,,,52,4
1931,2203,447.304326935214,Medium,357.142885549866,North,North,SameSide,Explicit,f,北安河北路,,,,,52,4
1931,2080,434.6185098186,Medium,344.269357825949,North,North,SameSide,Explicit,f,北安河北路,,,,,52,4
1990,1654,176.618179054101,Close,354.315667207305,North,North,SameSide,Explicit,f,七王坟路,,,,,41,3
1990,1535,282.952865860949,Medium,330.696494105365,Northwest,Northwest,SameSide,Explicit,f,七王坟路,,,,,41,3
2004,2018,450.971098034479,Medium,156.353294414906,Southeast,Southeast,SameSide,Explicit,t,温阳路,,,,,17,3
2004,2119,122.247645473896,Close,62.2459433710655,Northeast,Northeast,SameSide,Explicit,f,温阳路,,,,,17,3
2004,2115,126.599426662979,Close,57.5513023521486,Northeast,Northeast,SameSide,Explicit,f,温阳路,,,,,17,3
2009,1448,212.94511742249,Medium,102.85059757163,East,East,SameSide,Explicit,f,高里掌路,,,,,57,4
2009,1519,145.809687755263,Close,126.627110728628,Southeast,Southeast,SameSide,Explicit,f,高里掌路,,,,,57,4
2009,1438,85.0229537997891,Close,138.952548068475,Southeast,Southeast,SameSide,Explicit,f,高里掌路,,,,,57,4
2009,2139,117.609910048213,Close,148.974865568722,Southeast,Southeast,SameSide,Explicit,f,高里掌路,,,,,57,4
2009,2131,202.861096287472,Medium,236.463244811436,Southwest,Southwest,SameSide,Explicit,f,高里掌路,,,,,57,4
2009,2136,206.441296740321,Medium,235.266987034312,Southwest,Southwest,SameSide,Explicit,f,高里掌路,,,,,57,4
2009,1925,239.203024655562,Medium,210.76219496715,Southwest,Southwest,SameSide,Explicit,f,高里掌路,,,,,57,4
2009,1954,138.74164443622,Close,209.355415102375,Southwest,Southwest,SameSide,Explicit,f,高里掌路,,,,,57,4
2009,2263,90.2945647123831,Close,185.75775533657,South,South,SameSide,Explicit,f,高里掌路,,,,,57,4
2023,1957,129.585156523715,Close,20.9595722691898,North,North,SameSide,Explicit,t,聂各庄路,,,,,49,3
2023,2083,181.166966486054,Close,327.849475262065,Northwest,Northwest,SameSide,Explicit,f,聂各庄路,,,,,49,3
2023,2022,170.363668549819,Close,336.869564439547,Northwest,Northwest,SameSide,Explicit,t,聂各庄路,,,,,49,3
2023,1856,111.877489997992,Close,348.809018399992,North,North,SameSide,Explicit,f,聂各庄路,,,,,49,3
2023,1986,157.048269915992,Close,358.414796888661,North,North,SameSide,Explicit,t,聂各庄路,,,,,49,3
2023,2082,69.8390870659051,Close,189.211528753695,South,South,SameSide,Explicit,f,聂各庄路,,,,,49,3
2023,1467,125.629818688574,Close,137.383138210661,Southeast,Southeast,SameSide,Explicit,f,聂各庄路,,,,,49,3
2023,2204,393.929407091203,Medium,229.342263416134,Southwest,Southwest,SameSide,Explicit,f,聂各庄路,,,,,49,3
2023,1455,382.47190650103,Medium,231.280781800112,Southwest,Southwest,SameSide,Explicit,f,聂各庄路,,,,,49,3
2023,2201,421.412971041412,Medium,223.409579553526,Southwest,Southwest,SameSide,Explicit,t,聂各庄路,,,,,49,3
2023,1456,421.66861193112,Medium,223.42482178127,Southwest,Southwest,SameSide,Explicit,t,聂各庄路,,,,,49,3
2023,1458,373.727786974605,Medium,229.661192665169,Southwest,Southwest,SameSide,Explicit,f,聂各庄路,,,,,49,3
2023,1453,369.099259971161,Medium,228.342724099349,Southwest,Southwest,SameSide,Explicit,f,聂各庄路,,,,,49,3
2023,1452,406.925848143556,Medium,219.876127355392,Southwest,Southwest,SameSide,Explicit,f,聂各庄路,,,,,49,3
2023,1454,418.170259776603,Medium,219.88439034077,Southwest,Southwest,SameSide,Explicit,f,聂各庄路,,,,,49,3
2023,1457,382.821252159869,Medium,214.831874862213,Southwest,Southwest,SameSide,Explicit,f,聂各庄路,,,,,49,3
2023,1449,297.991865587604,Medium,264.753297358034,West,West,SameSide,Explicit,f,聂各庄路,,,,,49,3
2032,1940,94.3387805911023,Close,30.7494768878471,Northeast,Northeast,SameSide,Explicit,f,七王坟路,,,,,11,3
2032,1714,277.348768926797,Medium,326.257192409305,Northwest,Northwest,SameSide,Explicit,f,七王坟路,,,,,11,3
2034,1885,427.905731350146,Medium,287.76881305184,West,West,SameSide,Explicit,f,凤凰岭路,,,,,31,3
2034,1608,432.40130902908,Medium,293.628930008838,Northwest,Northwest,SameSide,Explicit,f,凤凰岭路,,,,,31,3
2034,1882,416.797948237081,Medium,289.381262906176,West,West,SameSide,Explicit,f,凤凰岭路,,,,,31,3
2034,1711,380.01983259174,Medium,9.66486812802808,North,North,SameSide,Explicit,f,龙泉寺南路,,,,,31,3
2034,2270,197.744848506615,Close,98.6530274948636,East,East,SameSide,Explicit,f,龙泉寺南路,,,,,31,3
2052,2065,410.432786650448,Medium,249.50216313818,West,West,SameSide,Explicit,f,翠湖北环路,,,,,17,3
2226,1971,344.191869391766,Medium,151.289044896641,Southeast,Southeast,SameSide,Explicit,f,七王坟路,,,,,6,3
2236,2270,412.953382131402,Medium,217.483888590117,Southwest,Southwest,SameSide,Explicit,f,龙泉寺南路,,,,,52,4
3570,4549,356.077061503959,Medium,180.970489527221,South,South,SameSide,Explicit,f,石门路,,,,,132,6
3570,3742,265.009393596523,Medium,220.694785145956,Southwest,Southwest,SameSide,Explicit,f,石门路,,,,,132,6
3570,3755,258.245859139399,Medium,228.726135807261,Southwest,Southwest,SameSide,Explicit,f,石门路,,,,,132,6
3570,4699,402.736349724276,Medium,237.871111816487,Southwest,Southwest,SameSide,Explicit,f,石门路,,,,,132,6
3570,4928,402.710132516966,Medium,236.699243580974,Southwest,Southwest,SameSide,Explicit,f,石门路,,,,,132,6
3713,13439,284.727853791268,Medium,252.250048862907,West,West,SameSide,Explicit,f,永定河西堤,,,,,73,4
3713,13298,456.712673576477,Medium,255.840575440974,West,West,SameSide,Explicit,f,六环,,,,,73,4
3988,4881,111.992421504462,Close,174.179984835547,South,South,SameSide,Explicit,f,下石府路,,,,,51,4
3988,4859,114.265391919496,Close,175.084078577687,South,South,SameSide,Explicit,f,下石府路,,,,,51,4
3988,4748,122.396015270973,Close,331.818498320508,Northwest,Northwest,SameSide,Explicit,f,下石府路,,,,,51,4
4403,21946,475.289561651631,Medium,75.4830242578959,East,East,SameSide,Explicit,f,金府北路,,,,,164,8
4403,4157,212.413511894543,Medium,131.494048945348,Southeast,Southeast,SameSide,Explicit,f,金顶山路,,,,,164,8
4403,15838,408.964308723536,Medium,112.86126832167,Southeast,Southeast,SameSide,Explicit,f,"",,,,,164,8
4403,23345,391.442737914246,Medium,92.7846465432751,East,East,SameSide,Explicit,f,"",,,,,164,8
4403,4587,91.4478889589938,Close,149.636593222914,Southeast,Southeast,SameSide,Explicit,f,金顶山路,,,,,164,8
4403,4584,161.450877172204,Close,152.033956891293,Southeast,Southeast,SameSide,Explicit,f,金顶山路,,,,,164,8
5395,12542,55.160557104199,Close,191.764860955584,South,South,SameSide,Explicit,f,京昆路,,,,,11,3
5491,11872,139.022819207478,Close,131.132656111078,Southeast,Southeast,SameSide,Explicit,f,北桑路,,,,,18,3
5491,8394,314.814587244886,Medium,37.6189854984527,Northeast,Northeast,SameSide,Explicit,f,南桑路,,,,,18,3
5777,5391,335.775778352718,Medium,200.487713216516,South,South,SameSide,Explicit,t,清千路,,,,,7,3
5815,10730,114.332655283639,Close,87.5092093065245,East,East,SameSide,Explicit,t,南雁路,,,,,3,3
5815,10743,106.968041405969,Close,97.1158268287324,East,East,SameSide,Explicit,f,南雁路,,,,,3,3
6196,5379,190.082603752428,Close,109.273673955766,East,East,SameSide,Explicit,f,潭王路旧线,,,,,43,3
6196,8457,252.006328030233,Medium,173.951771202128,South,South,SameSide,Explicit,f,潭王路旧线,,,,,43,3
6196,9223,221.575448546623,Medium,175.954668593945,South,South,SameSide,Explicit,f,潭王路旧线,,,,,43,3
6196,9280,100.001853566521,Close,178.189024721864,South,South,SameSide,Explicit,t,潭王路旧线,,,,,43,3
6196,11923,230.704440676712,Medium,179.530089543054,South,South,SameSide,Explicit,t,潭王路旧线,,,,,43,3
6196,12495,230.704440676712,Medium,179.530089543054,South,South,SameSide,Explicit,t,潭王路旧线,,,,,43,3
6196,9199,113.354588934953,Close,131.044992207716,Southeast,Southeast,SameSide,Explicit,f,潭王路旧线,,,,,43,3
6196,9289,110.643408585335,Close,234.357030863154,Southwest,Southwest,SameSide,Explicit,f,潭王路旧线,,,,,43,3
6468,10467,172.471817028122,Close,241.968717135128,Southwest,Southwest,SameSide,Explicit,f,色树坟路,,,,,23,3
6468,10843,151.705374826665,Close,249.27690672933,West,West,SameSide,Explicit,f,色树坟路,,,,,23,3
6468,10860,182.961776188787,Close,242.352242290517,Southwest,Southwest,SameSide,Explicit,f,色树坟路,,,,,23,3
6468,8916,75.4073480645374,Close,267.917066474569,West,West,SameSide,Explicit,t,色树坟路,,,,,23,3
6468,10221,142.523269885654,Close,32.0986957134587,Northeast,Northeast,SameSide,Explicit,f,色树坟路,,,,,23,3
6468,8174,174.120944019426,Close,46.089304156396,Northeast,Northeast,SameSide,Explicit,f,色树坟路,,,,,23,3
6468,5267,128.498959453789,Close,15.1368439401053,North,North,SameSide,Explicit,f,色树坟路,,,,,23,3
6704,12777,347.508885552847,Medium,143.114666187031,Southeast,Southeast,SameSide,Explicit,f,石龙南路,,,,,305,10
6704,12762,364.385184226005,Medium,133.605739859548,Southeast,Southeast,SameSide,Explicit,t,石龙南路,,,,,305,10
6704,12341,389.819186108861,Medium,84.8928684309528,East,East,SameSide,Explicit,f,冯石环线,,,,,305,10
6704,12335,385.351163468873,Medium,85.5727173638728,East,East,SameSide,Explicit,f,冯石环线,,,,,305,10
6704,11779,370.350250887804,Medium,84.9557650144262,East,East,SameSide,Explicit,f,冯石环线,,,,,305,10
6704,8517,405.475099671541,Medium,85.0024587395982,East,East,SameSide,Explicit,f,冯石环线,,,,,305,10
6704,5799,409.227709334641,Medium,85.8493792306549,East,East,SameSide,Explicit,f,冯石环线,,,,,305,10
6704,5905,432.116327817682,Medium,89.0475881123117,East,East,SameSide,Explicit,t,冯石环线,,,,,305,10
6704,5853,429.835309241347,Medium,88.5510511509546,East,East,SameSide,Explicit,t,冯石环线,,,,,305,10
6704,6019,450.52879218585,Medium,89.4485949719993,East,East,SameSide,Explicit,t,冯石环线,,,,,305,10
6704,5858,445.041780070892,Medium,88.0909045675915,East,East,SameSide,Explicit,t,冯石环线,,,,,305,10
6704,5286,446.891408206224,Medium,87.3032711362826,East,East,SameSide,Explicit,f,冯石环线,,,,,305,10
6704,6027,458.292405432259,Medium,91.5352088038573,East,East,SameSide,Explicit,f,冯石环线,,,,,305,10
6704,7280,456.439463072325,Medium,91.7342266751697,East,East,SameSide,Explicit,f,冯石环线,,,,,305,10
6704,6246,486.454510267995,Medium,87.7391268464765,East,East,SameSide,Explicit,t,冯石环线,,,,,305,10
6704,6295,485.331833454597,Medium,87.5620211634704,East,East,SameSide,Explicit,t,冯石环线,,,,,305,10
6704,5938,463.66583670312,Medium,91.9492539929839,East,East,SameSide,Explicit,f,冯石环线,,,,,305,10
6704,7150,463.203391077731,Medium,89.3830903822681,East,East,SameSide,Explicit,t,冯石环线,,,,,305,10
6704,5881,471.841480826308,Medium,90.1730697498126,East,East,SameSide,Explicit,f,冯石环线,,,,,305,10
6704,5349,470.961648676843,Medium,91.5766860708475,East,East,SameSide,Explicit,f,冯石环线,,,,,305,10
6704,8827,468.393739471915,Medium,85.4522075210544,East,East,SameSide,Explicit,f,冯石环线,,,,,305,10
6704,5813,468.021098628409,Medium,85.611808701496,East,East,SameSide,Explicit,f,冯石环线,,,,,305,10
6704,6955,464.51571520725,Medium,87.1804213705969,East,East,SameSide,Explicit,f,冯石环线,,,,,305,10
6704,6115,464.348130673182,Medium,87.5495462712578,East,East,SameSide,Explicit,t,冯石环线,,,,,305,10
6704,8950,461.376143171246,Medium,85.9137415688987,East,East,SameSide,Explicit,f,冯石环线,,,,,305,10
6704,11166,467.004627808134,Medium,37.837148029519,Northeast,Northeast,SameSide,Explicit,f,美安路,,,,,305,10
7479,11543,469.913320075525,Medium,144.436213033552,Southeast,Southeast,SameSide,Explicit,f,石龙南路,,,,,93,4
7603,5757,277.004795759999,Medium,116.1128323917,Southeast,Southeast,SameSide,Explicit,f,"",,,,,61,4
7603,11085,290.358201321246,Medium,96.0841189994205,East,East,SameSide,Explicit,f,"",,,,,61,4
7603,11199,180.203182392249,Close,119.545787052698,Southeast,Southeast,SameSide,Explicit,f,"",,,,,61,4
7603,11379,71.4955292968099,Close,78.2124203719692,East,East,SameSide,Explicit,f,"",,,,,61,4
7603,8894,110.728324652262,Close,197.73650066597,South,South,SameSide,Explicit,f,"",,,,,61,4
7603,9366,165.107880902922,Close,336.964932610656,Northwest,Northwest,SameSide,Explicit,t,"",,,,,61,4
7603,12642,122.13959791901,Close,217.139585198244,Southwest,Southwest,SameSide,Explicit,f,"",,,,,61,4
7603,12653,131.058803480175,Close,217.941018049393,Southwest,Southwest,SameSide,Explicit,f,"",,,,,61,4
7603,6977,142.050556226714,Close,217.873046803736,Southwest,Southwest,SameSide,Explicit,f,"",,,,,61,4
7603,11330,176.883684440935,Close,263.409344611015,West,West,SameSide,Explicit,f,"",,,,,61,4
7603,9237,294.23506888701,Medium,213.708904333701,Southwest,Southwest,SameSide,Explicit,f,"",,,,,61,4
7603,10827,194.857662977242,Close,264.074911048871,West,West,SameSide,Explicit,f,"",,,,,61,4
7603,10948,199.019318164738,Close,263.993899954544,West,West,SameSide,Explicit,f,"",,,,,61,4
7603,9516,207.852086796198,Medium,256.408592347766,West,West,SameSide,Explicit,f,"",,,,,61,4
7695,11130,344.162649564211,Medium,242.271998042557,Southwest,Southwest,SameSide,Explicit,f,斋堂大街,,,,,87,4
7695,10861,333.739569800174,Medium,240.759608155087,Southwest,Southwest,SameSide,Explicit,f,斋堂大街,,,,,87,4
7695,11368,409.203140971085,Medium,251.367963908202,West,West,SameSide,Explicit,f,斋堂大街,,,,,87,4
7695,12984,181.646070970736,Close,261.226635703433,West,West,SameSide,Explicit,f,斋堂大街,,,,,87,4
7695,7558,172.048584797592,Close,274.11574262365,West,West,SameSide,Explicit,f,斋堂大街,,,,,87,4
7695,10667,235.331728624285,Medium,242.767462155184,Southwest,Southwest,SameSide,Explicit,f,斋堂大街,,,,,87,4
7695,12643,211.671626893961,Medium,243.760297144884,Southwest,Southwest,SameSide,Explicit,f,斋堂大街,,,,,87,4
7695,10678,243.671352970984,Medium,241.83068087658,Southwest,Southwest,SameSide,Explicit,f,斋堂大街,,,,,87,4
7695,13531,281.223382632683,Medium,234.161966942174,Southwest,Southwest,SameSide,Explicit,f,斋堂大街,,,,,87,4
7695,10606,253.431090177908,Medium,242.427168444845,Southwest,Southwest,SameSide,Explicit,f,斋堂大街,,,,,87,4
7695,8771,266.860945550344,Medium,246.393305000503,Southwest,Southwest,SameSide,Explicit,t,斋堂大街,,,,,87,4
7695,11125,315.002143497481,Medium,234.29659901462,Southwest,Southwest,SameSide,Explicit,f,斋堂大街,,,,,87,4
7695,10253,261.77007676504,Medium,252.326261392948,West,West,SameSide,Explicit,f,斋堂大街,,,,,87,4
7695,10599,234.655840224153,Medium,217.532497112661,Southwest,Southwest,SameSide,Explicit,f,斋堂大街,,,,,87,4
7695,10505,190.658099376695,Close,218.998238147498,Southwest,Southwest,SameSide,Explicit,f,斋堂大街,,,,,87,4
7695,5563,122.17478306997,Close,308.600322151689,Northwest,Northwest,SameSide,Explicit,f,斋堂大街,,,,,87,4
7695,11181,147.024821619509,Close,31.7451574226285,Northeast,Northeast,SameSide,Explicit,f,斋堂大街,,,,,87,4
7695,8100,88.2720630673757,Close,4.15600231873022,North,North,SameSide,Explicit,f,斋堂大街,,,,,87,4
7695,11579,257.086622517219,Medium,61.6518181446399,Northeast,Northeast,SameSide,Explicit,f,斋堂大街,,,,,87,4
7695,7107,234.363483471078,Medium,57.0874982399815,Northeast,Northeast,SameSide,Explicit,f,斋堂大街,,,,,87,4
7695,6015,191.537728413285,Close,56.4827726793186,Northeast,Northeast,SameSide,Explicit,f,斋堂大街,,,,,87,4
7695,13399,146.162329770301,Close,87.1366947670447,East,East,SameSide,Explicit,f,斋堂大街,,,,,87,4
7695,9278,161.419486963158,Close,54.1738786925239,Northeast,Northeast,SameSide,Explicit,f,斋堂大街,,,,,87,4
8301,8307,394.436979210612,Medium,52.3976653457933,Northeast,Northeast,SameSide,Explicit,f,新桥南大街,,,,,469,10
8301,10493,445.606218745902,Medium,49.277179022027,Northeast,Northeast,SameSide,Explicit,f,新桥南大街,,,,,469,10
8301,12788,407.551109929769,Medium,68.5202756156947,East,East,SameSide,Explicit,f,新桥南大街,,,,,469,10
8301,12775,420.516558914442,Medium,70.4138213995606,East,East,SameSide,Explicit,f,新桥南大街,,,,,469,10
8301,8900,420.997747880542,Medium,5.5001757000255,North,North,SameSide,Explicit,f,高家园路,,,,,469,10
8301,13487,371.052944493692,Medium,13.5967827003841,North,North,SameSide,Explicit,f,高家园路,,,,,469,10
8301,10014,432.409481855569,Medium,8.56250849834113,North,North,SameSide,Explicit,f,高家园路,,,,,469,10
8301,6883,474.969216041413,Medium,16.4958867771944,North,North,SameSide,Explicit,f,高家园路,,,,,469,10
8301,12155,388.72206534136,Medium,35.5048080519507,Northeast,Northeast,SameSide,Explicit,f,新桥南大街,,,,,469,10
8301,8310,422.208528705515,Medium,33.8754036171453,Northeast,Northeast,SameSide,Explicit,f,新桥南大街,,,,,469,10
8301,7372,412.555430051561,Medium,40.0915614573329,Northeast,Northeast,SameSide,Explicit,f,新桥南大街,,,,,469,10
8301,8306,406.403804025126,Medium,39.9007412365104,Northeast,Northeast,SameSide,Explicit,f,新桥南大街,,,,,469,10
8301,11361,429.858397160882,Medium,356.693707542893,North,North,SameSide,Explicit,f,葡山西街,,,,,469,10
8301,11772,396.833496310826,Medium,338.446774939746,North,North,SameSide,Explicit,f,高家园路,,,,,469,10
8301,5377,450.449867046,Medium,339.151733794498,North,North,SameSide,Explicit,f,高家园路,,,,,469,10
8301,12099,353.575528638819,Medium,330.581889611587,Northwest,Northwest,SameSide,Explicit,f,高家园路,,,,,469,10
8318,8681,52.7397474235737,Close,71.8261238625625,East,East,SameSide,Explicit,f,京拉路,,,,,1,3
8328,8314,57.3575495031222,Close,242.829991998211,Southwest,Southwest,SameSide,Explicit,f,南东路,,,,,5,3
8405,9567,92.2443820952736,Close,173.386318719351,South,South,SameSide,Explicit,f,瓜草地路,,,,,3,3
8405,12303,104.629877281628,Close,161.996675578073,South,South,SameSide,Explicit,f,瓜草地路,,,,,3,3
8408,8314,149.9767789398,Close,61.5675241957569,Northeast,Northeast,SameSide,Explicit,f,南东路,,,,,13,3
8679,10999,135.397970334591,Close,182.991098871051,South,South,SameSide,Explicit,f,斋幽路,,,,,13,3
9077,11062,115.096874006891,Close,312.438904118165,Northwest,Northwest,SameSide,Explicit,f,上苇甸路,,,,,5,3
9077,10331,124.976250542293,Close,312.707789895995,Northwest,Northwest,SameSide,Explicit,t,上苇甸路,,,,,5,3
9131,8761,83.7744255099668,Close,325.891281992165,Northwest,Northwest,SameSide,Explicit,f,斋柏路,,,,,7,3
9131,10893,66.7670377848265,Close,341.712701292423,North,North,SameSide,Explicit,f,斋柏路,,,,,7,3
9131,10414,72.8252605652693,Close,341.308332781496,North,North,SameSide,Explicit,f,斋柏路,,,,,7,3
9131,10968,83.1387182900031,Close,340.086392169286,North,North,SameSide,Explicit,f,斋柏路,,,,,7,3
9131,9183,159.072585185356,Close,141.373324810268,Southeast,Southeast,SameSide,Explicit,f,斋柏路,,,,,7,3
9162,10890,103.804219482275,Close,347.756487843375,North,North,SameSide,Explicit,f,京拉路,,,,,2,3
9214,10948,411.400439052935,Medium,158.277478863384,South,South,SameSide,Explicit,f,"",,,,,50,4
9214,9516,436.14240404464,Medium,160.141116931946,South,South,SameSide,Explicit,f,"",,,,,50,4
9214,6937,339.944141727596,Medium,162.311434553452,South,South,SameSide,Explicit,f,"",,,,,50,4
9214,5535,423.425810550926,Medium,164.845758356467,South,South,SameSide,Explicit,f,"",,,,,50,4
9214,6801,415.094628119477,Medium,166.056880041981,South,South,SameSide,Explicit,f,"",,,,,50,4
9214,9395,404.585502835523,Medium,196.799405623441,South,South,SameSide,Explicit,f,京拉路,,,,,50,4
9287,9326,183.989314824489,Close,159.248091598611,South,South,SameSide,Explicit,f,斋幽路,,,,,7,3
9287,9185,198.495787178474,Close,24.3657153340222,Northeast,Northeast,SameSide,Explicit,f,斋幽路,,,,,7,3
9346,9286,127.862859997832,Close,82.1831901595002,East,East,SameSide,Explicit,f,高芹路,,,,,2,3
9403,8071,51.2060907687524,Close,350.095437797045,North,North,SameSide,Explicit,f,斋堂西环路,,,,,43,3
9403,6746,117.137589570655,Close,103.461806203665,East,East,SameSide,Explicit,f,斋堂大街,,,,,43,3
9403,12142,122.49548192848,Close,125.292216522679,Southeast,Southeast,SameSide,Explicit,f,斋堂大街,,,,,43,3
9403,6773,101.428086554729,Close,125.138752619063,Southeast,Southeast,SameSide,Explicit,f,斋堂大街,,,,,43,3
9403,11922,108.99008147315,Close,130.594322217989,Southeast,Southeast,SameSide,Explicit,f,斋堂大街,,,,,43,3
9403,5850,206.88311630367,Medium,69.7171956459746,East,East,SameSide,Explicit,f,斋堂大街,,,,,43,3
9408,13378,116.659059883653,Close,166.998434055382,South,South,SameSide,Explicit,f,斋幽路,,,,,16,3
9429,11513,385.776649583005,Medium,20.8693182572196,North,North,SameSide,Explicit,t,火村路,,,,,5,3
9451,10992,220.608460436337,Medium,224.533449424471,Southwest,Southwest,SameSide,Explicit,t,京昆路,,,,,95,4
9461,10081,147.228221533907,Close,138.831935783746,Southeast,Southeast,SameSide,Explicit,f,京拉路,,,,,31,3
9461,7679,61.453289797919,Close,314.810410310076,Northwest,Northwest,SameSide,Explicit,t,京拉路,,,,,31,3
9461,5510,64.5797919733964,Close,340.540653749031,North,North,SameSide,Explicit,f,京拉路,,,,,31,3
9461,11329,217.169801265285,Medium,207.77645709735,Southwest,Southwest,SameSide,Explicit,f,京拉路,,,,,31,3
9461,11647,135.079207722814,Close,275.327191940998,West,West,SameSide,Explicit,f,京拉路,,,,,31,3
9461,7689,134.181340088626,Close,288.926358189357,West,West,SameSide,Explicit,f,京拉路,,,,,31,3
9461,11228,217.027651790743,Medium,319.457842428631,Northwest,Northwest,SameSide,Explicit,f,京拉路,,,,,31,3
9461,9257,343.228481995599,Medium,331.278369452007,Northwest,Northwest,SameSide,Explicit,f,京拉路,,,,,31,3
9461,9554,330.518198525468,Medium,317.537099724326,Northwest,Northwest,SameSide,Explicit,f,京拉路,,,,,31,3
9515,12515,138.269989768663,Close,351.977679312911,North,North,SameSide,Explicit,f,妙峰山路,,,,,16,3
9531,9685,54.4844541282549,Close,132.701156671782,Southeast,Southeast,SameSide,Explicit,t,南桑路,,,,,12,3
9531,8464,81.6406713637066,Close,194.016940325906,South,South,SameSide,Explicit,f,南桑路,,,,,12,3
9534,6088,97.4880128778945,Close,276.751973916265,West,West,SameSide,Explicit,f,潭王路,,,,,3,3
9534,6097,65.5770101152864,Close,287.188617287668,West,West,SameSide,Explicit,f,潭王路,,,,,3,3
9535,7680,488.534379069838,Medium,165.641367865594,South,South,SameSide,Explicit,f,定都阁路,,,,,4,3
9558,11351,158.878714249111,Close,267.578437835729,West,West,SameSide,Explicit,t,杨东路,,,,,20,3
9558,12550,170.368689281319,Close,272.216444501711,West,West,SameSide,Explicit,f,杨东路,,,,,20,3
9558,6402,269.940841545236,Medium,39.8315184401887,Northeast,Northeast,SameSide,Explicit,f,杨东路,,,,,20,3
9558,11958,124.460075454406,Close,83.1818557068406,East,East,SameSide,Explicit,f,杨东路,,,,,20,3
9558,10773,167.884271456671,Close,41.0252690494804,Northeast,Northeast,SameSide,Explicit,f,杨东路,,,,,20,3
9558,10387,317.838856940576,Medium,58.229795168768,Northeast,Northeast,SameSide,Explicit,f,杨东路,,,,,20,3
9558,8708,421.080151368463,Medium,95.3667982196677,East,East,SameSide,Explicit,f,杨东路,,,,,20,3
9558,9565,424.784200382987,Medium,96.6022624099719,East,East,SameSide,Explicit,f,杨东路,,,,,20,3
9558,13460,461.992729632191,Medium,69.6387953128381,East,East,SameSide,Explicit,f,杨东路,,,,,20,3
9593,9115,106.447168052543,Close,43.0940360123662,Northeast,Northeast,SameSide,Explicit,t,灵山路,,,,,33,3
9593,9132,112.055330032358,Close,38.2574577890695,Northeast,Northeast,SameSide,Explicit,f,灵山路,,,,,33,3
9593,11874,62.6993691602437,Close,93.207842824386,East,East,SameSide,Explicit,f,灵山路,,,,,33,3
9593,8460,93.9834357927795,Close,69.2935892476722,East,East,SameSide,Explicit,f,灵山路,,,,,33,3
9593,6477,300.344316381867,Medium,137.068685309359,Southeast,Southeast,SameSide,Explicit,f,灵山路,,,,,33,3
9593,9161,298.293852205466,Medium,127.766124951275,Southeast,Southeast,SameSide,Explicit,f,灵山路,,,,,33,3
9612,8315,215.416282920117,Medium,252.199348863477,West,West,SameSide,Explicit,f,石担路,,,,,24,3
9612,9219,208.117142856596,Medium,256.692210959137,West,West,SameSide,Explicit,f,石担路,,,,,24,3
9612,8493,289.333510870677,Medium,287.895247518081,West,West,SameSide,Explicit,f,石担路,,,,,24,3
9636,11622,124.127165731545,Close,97.0667077210855,East,East,SameSide,Explicit,f,京拉路,,,,,6,3
9636,12477,212.930460600998,Medium,132.167594117113,Southeast,Southeast,SameSide,Explicit,f,京拉路,,,,,6,3
9655,11568,467.43130304794,Medium,157.104204566083,Southeast,Southeast,SameSide,Explicit,t,杨东路,,,,,28,3
9655,11351,493.274847050824,Medium,148.862520673782,Southeast,Southeast,SameSide,Explicit,f,杨东路,,,,,28,3
9655,12550,475.94983775432,Medium,149.219895730347,Southeast,Southeast,SameSide,Explicit,f,杨东路,,,,,28,3
9669,8721,175.77025989573,Close,104.527478630914,East,East,SameSide,Explicit,f,京拉路,,,,,6,3
9687,10327,192.819281477189,Close,232.394053403445,Southwest,Southwest,SameSide,Explicit,f,青杨路,,,,,3,3
9701,8674,65.51516762198,Close,148.53627120418,Southeast,Southeast,SameSide,Explicit,f,斋柏路,,,,,5,3
9701,10702,157.431449658136,Close,353.771503925777,North,North,SameSide,Explicit,f,斋柏路,,,,,5,3
9720,9686,167.924005197316,Close,241.838357233357,Southwest,Southwest,SameSide,Explicit,f,木城涧路,,,,,4,3
9752,13263,225.247604244809,Medium,9.20999275902803,North,North,SameSide,Explicit,f,京蔚高速,,,,,5,3
9755,8443,130.970756849762,Close,247.97107202627,West,West,SameSide,Explicit,f,万增路,,,,,7,3
9755,7543,77.5378196675618,Close,79.3374388690962,East,East,SameSide,Explicit,f,万增路,,,,,7,3
9755,9533,223.755746639479,Medium,353.432977386342,North,North,SameSide,Explicit,f,万增路,,,,,7,3
9761,5354,222.875312090108,Medium,210.852750661123,Southwest,Southwest,SameSide,Explicit,f,六环路,,,,,11,3
9761,5306,246.587490427914,Medium,213.343251811795,Southwest,Southwest,SameSide,Explicit,f,六环路,,,,,11,3
9761,6400,198.588171748508,Close,232.470362571031,Southwest,Southwest,SameSide,Explicit,f,六环路,,,,,11,3
9761,10236,222.022325990321,Medium,270.228431473067,West,West,SameSide,Explicit,f,军温路,,,,,11,3
9761,10481,219.034592766416,Medium,270.194640428354,West,West,SameSide,Explicit,f,六环路,,,,,11,3
9761,11599,206.053389776446,Medium,240.114734072842,Southwest,Southwest,SameSide,Explicit,f,六环路,,,,,11,3
9761,10422,208.191539004839,Medium,270.999490500903,West,West,SameSide,Explicit,f,六环路,,,,,11,3
9767,9368,167.64610764347,Close,348.336644591646,North,North,SameSide,Explicit,f,斋柏路,,,,,7,3
9955,12816,410.818202833184,Medium,6.37623675845088,North,North,SameSide,Explicit,f,岢罗坨路,,,,,42,3
9955,9095,390.500378983335,Medium,9.01688869145397,North,North,SameSide,Explicit,f,岢罗坨路,,,,,42,3
9955,12011,143.830989832854,Close,144.936822781656,Southeast,Southeast,SameSide,Explicit,f,秋坡北路,,,,,42,3
10063,10418,102.341458949477,Close,214.559613422644,Southwest,Southwest,SameSide,Explicit,f,高芹路,,,,,9,3
10063,13010,108.058861137155,Close,213.893573592204,Southwest,Southwest,SameSide,Explicit,f,高芹路,,,,,9,3
10072,12722,131.69650620874,Close,154.493824216,Southeast,Southeast,SameSide,Explicit,f,鲁坨路,,,,,3,3
10356,10931,182.90261932488,Close,78.8897721307793,East,East,SameSide,Explicit,f,京拉路,,,,,4,3
10477,9286,242.719428509306,Medium,48.7669409678754,Northeast,Northeast,SameSide,Explicit,f,高芹路,,,,,2,3
10712,8461,113.392801495349,Close,20.0310246287435,North,North,SameSide,Explicit,t,潭王路,,,,,39,3
10712,13430,144.144447351498,Close,144.145671763418,Southeast,Southeast,SameSide,Explicit,f,南赵路,,,,,39,3
10712,9384,396.6878859953,Medium,46.7904368758232,Northeast,Northeast,SameSide,Explicit,f,南赵路,,,,,39,3
10721,9719,95.4825420986964,Close,204.548608395948,Southwest,Southwest,SameSide,Explicit,f,沿向路,,,,,5,3
10721,12232,54.7758988860931,Close,98.5912656098722,East,East,SameSide,Explicit,f,沿向路,,,,,5,3
10819,10846,146.174844950945,Close,89.7381098843996,East,East,SameSide,Explicit,t,京拉路,,,,,59,4
10819,9114,95.6954282526525,Close,97.2825494267221,East,East,SameSide,Explicit,f,京拉路,,,,,59,4
10819,6832,91.326360750206,Close,81.01705594907,East,East,SameSide,Explicit,f,京拉路,,,,,59,4
10819,6866,104.849649491373,Close,91.9872459771478,East,East,SameSide,Explicit,f,京拉路,,,,,59,4
10819,11085,52.3478837965345,Close,21.0070121914966,North,North,SameSide,Explicit,t,京拉路,,,,,59,4
10819,10437,54.1259238484551,Close,96.4866935989003,East,East,SameSide,Explicit,f,京拉路,,,,,59,4
10819,11199,113.561793877166,Close,265.343922209925,West,West,SameSide,Explicit,f,京拉路,,,,,59,4
10819,11379,221.066643958008,Medium,295.235255944447,Northwest,Northwest,SameSide,Explicit,f,"",,,,,59,4
10889,10184,265.933594000902,Medium,157.083138323988,Southeast,Southeast,SameSide,Explicit,t,冯石环线,,,,,136,6
10889,7763,268.244537649439,Medium,156.959122171229,Southeast,Southeast,SameSide,Explicit,t,冯石环线,,,,,136,6
10889,12054,235.843147894419,Medium,168.673165596506,South,South,SameSide,Explicit,f,冯石环线,,,,,136,6
10889,12714,117.467879026772,Close,4.41538492673323,North,North,SameSide,Explicit,f,冯石环线,,,,,136,6
10889,13433,255.868751031582,Medium,195.187348185842,South,South,SameSide,Explicit,f,冯石环线,,,,,136,6
10889,12784,131.233997925884,Close,285.70284959394,West,West,SameSide,Explicit,f,冯石环线,,,,,136,6
10920,10931,178.492567901252,Close,73.8791603310558,East,East,SameSide,Explicit,f,京拉路,,,,,4,3
10961,10602,106.364055108851,Close,163.184286511039,South,South,SameSide,Explicit,f,王吕路,,,,,60,4
10962,13353,199.636940191125,Close,140.833940588383,Southeast,Southeast,SameSide,Explicit,f,高芹路,,,,,7,3
10989,10494,207.624302918605,Medium,165.689674900749,South,South,SameSide,Explicit,f,京拉路,,,,,13,3
10989,10945,195.313093048012,Close,159.892178265548,South,South,SameSide,Explicit,f,京拉路,,,,,13,3
10997,10418,107.133593463183,Close,23.0843187060457,Northeast,Northeast,SameSide,Explicit,f,高芹路,,,,,7,3
10997,13010,101.287780846868,Close,23.1380600580402,Northeast,Northeast,SameSide,Explicit,f,高芹路,,,,,7,3
11025,9105,151.837359981136,Close,120.93641480361,Southeast,Southeast,SameSide,Explicit,f,上燕路,,,,,3,3
11133,5400,145.407964682546,Close,154.815788161871,Southeast,Southeast,SameSide,Explicit,f,香杏路,,,,,56,4
11133,5326,79.5733955710612,Close,144.527513682782,Southeast,Southeast,SameSide,Explicit,f,香杏路,,,,,56,4
11133,13464,100.321797205796,Close,62.2543524964414,Northeast,Northeast,SameSide,Explicit,f,香杏路,,,,,56,4
11133,12135,156.311021064647,Close,33.4439537422088,Northeast,Northeast,SameSide,Explicit,f,香杏路,,,,,56,4
11133,11410,453.091890608678,Medium,8.9019146965837,North,North,SameSide,Explicit,f,香杏路,,,,,56,4
11133,10321,131.805610750996,Close,164.927625732839,South,South,SameSide,Explicit,f,香杏路,,,,,56,4
11133,11624,302.045784053743,Medium,82.7576986544449,East,East,SameSide,Explicit,f,石担路,,,,,56,4
11190,9322,82.5386015874904,Close,135.696423050589,Southeast,Southeast,SameSide,Explicit,f,水韭路,,,,,37,3
11190,9424,85.1574516094487,Close,136.156131030333,Southeast,Southeast,SameSide,Explicit,f,水韭路,,,,,37,3
11190,7686,116.249699627856,Close,326.662252308785,Northwest,Northwest,SameSide,Explicit,f,水韭路,,,,,37,3
11190,11926,106.484695143424,Close,294.253479859436,Northwest,Northwest,SameSide,Explicit,f,水韭路,,,,,37,3
11190,9348,130.103289341621,Close,282.205393264721,West,West,SameSide,Explicit,f,水韭路,,,,,37,3
11208,13007,170.489396502921,Close,73.1344552764995,East,East,SameSide,Explicit,f,香杏路,,,,,22,3
11223,6908,287.387372971992,Medium,251.487046808719,West,West,SameSide,Explicit,f,木城涧路,,,,,21,3
11223,9007,209.723842042723,Medium,301.435819832358,Northwest,Northwest,SameSide,Explicit,f,木城涧路,,,,,21,3
11223,11056,204.457077546211,Medium,301.009615392871,Northwest,Northwest,SameSide,Explicit,f,木城涧路,,,,,21,3
11223,8910,206.738450419852,Medium,301.246832887249,Northwest,Northwest,SameSide,Explicit,f,木城涧路,,,,,21,3
11286,13263,317.598318781965,Medium,56.2995899717131,Northeast,Northeast,SameSide,Explicit,f,京蔚高速,,,,,5,3
11350,13032,120.374502994422,Close,205.547499433007,Southwest,Southwest,SameSide,Explicit,f,京拉路,,,,,11,3
11350,11343,181.316604806479,Close,57.6326888189577,Northeast,Northeast,SameSide,Explicit,f,京拉路,,,,,11,3
11363,11021,124.665752850738,Close,276.886431128774,West,West,SameSide,Explicit,f,京拉路,,,,,11,3
11571,11031,173.183245399617,Close,168.42423353071,South,South,SameSide,Explicit,f,木城涧路,,,,,23,3
11581,13317,436.909026990471,Medium,241.940322508998,Southwest,Southwest,SameSide,Explicit,f,京拉路,,,,,4,3
11655,10467,197.053947509576,Close,198.496883714559,South,South,SameSide,Explicit,f,京拉路,,,,,23,3
414,180100,852.240236696259,Far,252.345282984939,West,West,Isolated,Explicit,f,,,,,,28,3
11655,10843,167.815997273703,Close,198.110925198467,South,South,SameSide,Explicit,f,京拉路,,,,,23,3
11655,10860,203.982087571698,Medium,200.77351232644,South,South,SameSide,Explicit,t,京拉路,,,,,23,3
11655,8916,109.507718810628,Close,172.461884081123,South,South,SameSide,Explicit,f,京拉路,,,,,23,3
11655,10221,166.128243130444,Close,84.8487919590687,East,East,SameSide,Explicit,f,京拉路,,,,,23,3
11655,5267,124.616868801019,Close,81.5927060864332,East,East,SameSide,Explicit,f,京拉路,,,,,23,3
11952,9686,85.4934023601015,Close,48.5538540488548,Northeast,Northeast,SameSide,Explicit,f,木城涧路,,,,,3,3
12376,9446,152.498506774892,Close,226.103324565457,Southwest,Southwest,SameSide,Explicit,f,妙峰山路,,,,,27,3
12376,9744,164.042804641393,Close,221.743908319314,Southwest,Southwest,SameSide,Explicit,f,妙峰山路,,,,,27,3
12376,9739,169.429655703739,Close,223.693933670509,Southwest,Southwest,SameSide,Explicit,t,妙峰山路,,,,,27,3
12376,7676,232.609289964923,Medium,156.73263321907,Southeast,Southeast,SameSide,Explicit,t,妙峰山路,,,,,27,3
12376,9763,296.701627428028,Medium,160.527477915983,South,South,SameSide,Explicit,f,妙峰山路,,,,,27,3
12376,9536,310.261785170884,Medium,161.09146933636,South,South,SameSide,Explicit,f,妙峰山路,,,,,27,3
12376,9526,262.82723180193,Medium,154.872904211531,Southeast,Southeast,SameSide,Explicit,f,妙峰山路,,,,,27,3
12376,9450,280.372840303706,Medium,155.654493792345,Southeast,Southeast,SameSide,Explicit,t,妙峰山路,,,,,27,3
12376,9740,317.933322219863,Medium,157.291216053906,Southeast,Southeast,SameSide,Explicit,t,妙峰山路,,,,,27,3
12376,6091,212.79610961867,Medium,162.512677102086,South,South,SameSide,Explicit,f,妙峰山路,,,,,27,3
12376,9760,295.726062437999,Medium,164.82357284188,South,South,SameSide,Explicit,f,妙峰山路,,,,,27,3
12376,6120,231.215210995037,Medium,169.018952409244,South,South,SameSide,Explicit,f,妙峰山路,,,,,27,3
12376,7489,64.4969131544653,Close,167.75064177761,South,South,SameSide,Explicit,f,妙峰山路,,,,,27,3
12376,9731,172.607545176528,Close,184.463102807334,South,South,SameSide,Explicit,f,妙峰山路,,,,,27,3
12726,9248,428.375331879753,Medium,328.012758187049,Northwest,Northwest,SameSide,Explicit,f,京潭中路,,,,,85,4
12726,6276,420.150229206968,Medium,327.027796662792,Northwest,Northwest,SameSide,Explicit,f,京潭中路,,,,,85,4
12726,7044,420.150229206968,Medium,327.027796662792,Northwest,Northwest,SameSide,Explicit,f,京潭中路,,,,,85,4
12726,9009,344.769340748267,Medium,328.234881495132,Northwest,Northwest,SameSide,Explicit,f,京昆路,,,,,85,4
12726,9961,346.5944393736,Medium,329.172829599005,Northwest,Northwest,SameSide,Explicit,f,京昆路,,,,,85,4
12726,6007,400.871514506421,Medium,322.172780276804,Northwest,Northwest,SameSide,Explicit,f,京潭中路,,,,,85,4
12726,6136,405.298199724008,Medium,323.185823139388,Northwest,Northwest,SameSide,Explicit,f,京潭中路,,,,,85,4
12726,9787,420.253145010704,Medium,306.214570679573,Northwest,Northwest,SameSide,Explicit,f,京昆路,,,,,85,4
12726,9789,453.732762579194,Medium,304.378724127497,Northwest,Northwest,SameSide,Explicit,f,京昆路,,,,,85,4
12781,11621,59.6588691812856,Close,295.714708830265,Northwest,Northwest,SameSide,Explicit,f,清千路,,,,,1,3
12858,11797,180.395385189098,Close,196.648139063939,South,South,SameSide,Explicit,f,下安路,,,,,7,3
12858,5385,203.052876117671,Medium,199.352667982008,South,South,SameSide,Explicit,f,下安路,,,,,7,3
12858,12067,259.207182692659,Medium,127.179155363173,Southeast,Southeast,SameSide,Explicit,f,下安路,,,,,7,3
12858,12786,195.133143552086,Close,130.991110749461,Southeast,Southeast,SameSide,Explicit,f,下安路,,,,,7,3
12858,12869,250.609017027759,Medium,143.021855180865,Southeast,Southeast,SameSide,Explicit,f,下安路,,,,,7,3
12998,10415,152.571775812598,Close,52.3140215822279,Northeast,Northeast,SameSide,Explicit,f,上燕路,,,,,6,3
12998,9376,301.63155476764,Medium,51.537971648603,Northeast,Northeast,SameSide,Explicit,f,上燕路,,,,,6,3
12998,9146,255.793917721475,Medium,74.8664590995199,East,East,SameSide,Explicit,f,上燕路,,,,,6,3
12998,9363,333.782955602177,Medium,58.2150701292345,Northeast,Northeast,SameSide,Explicit,f,上燕路,,,,,6,3
13037,11228,408.291398646875,Medium,204.849941629216,Southwest,Southwest,SameSide,Explicit,f,京蔚高速,,,,,23,3
13037,9257,305.207538276352,Medium,219.820974628056,Southwest,Southwest,SameSide,Explicit,f,京蔚高速,,,,,23,3
13037,9554,386.471250234329,Medium,221.019877457413,Southwest,Southwest,SameSide,Explicit,f,京蔚高速,,,,,23,3
13049,10971,392.961236590989,Medium,133.036600150024,Southeast,Southeast,SameSide,Explicit,t,九龙路,,,,,21,3
13205,6508,409.431702578139,Medium,81.563862238204,East,East,SameSide,Explicit,f,潭王路,,,,,45,3
13205,7301,435.077955917349,Medium,68.6792637550568,East,East,SameSide,Explicit,f,潭王路,,,,,45,3
13205,13318,336.305312794364,Medium,86.9862930626674,East,East,SameSide,Explicit,f,潭王路,,,,,45,3
13205,11175,374.57863702206,Medium,64.1159237888687,Northeast,Northeast,SameSide,Explicit,f,潭王路,,,,,45,3
13205,9676,342.192000871976,Medium,79.0936411066857,East,East,SameSide,Explicit,f,潭王路,,,,,45,3
13205,10339,425.106095997497,Medium,51.2541948230256,Northeast,Northeast,SameSide,Explicit,f,潭王路,,,,,45,3
13205,9273,321.197344852195,Medium,91.7180745850048,East,East,SameSide,Explicit,f,潭王路,,,,,45,3
13205,9398,118.74689681305,Close,58.6560011384567,Northeast,Northeast,SameSide,Explicit,f,潭王路,,,,,45,3
13205,13367,60.4225023563609,Close,300.463113520686,Northwest,Northwest,SameSide,Explicit,f,潭王路,,,,,45,3
14597,14679,459.89088998742,Medium,251.749261989721,West,West,SameSide,Explicit,f,门头馨东街,,,,,51,4
14597,15017,468.477133862556,Medium,195.744110719695,South,South,SameSide,Explicit,f,瀚河园路,,,,,51,4
14597,14207,326.719121998572,Medium,8.57172503748755,North,North,SameSide,Explicit,f,旱河路,,,,,51,4
14597,15135,331.175288583072,Medium,8.53699187882284,North,North,SameSide,Explicit,f,旱河路,,,,,51,4
14597,14810,448.013436546411,Medium,161.672676103869,South,South,SameSide,Explicit,f,瀚河园路,,,,,51,4
14602,15478,252.770017343398,Medium,315.699827726813,Northwest,Northwest,SameSide,Explicit,f,巨山路,,,,,71,4
14602,15301,353.500594360798,Medium,251.138871269048,West,West,SameSide,Explicit,f,巨山路,,,,,71,4
14692,22804,494.807842528401,Medium,310.224916149837,Northwest,Northwest,SameSide,Explicit,f,田村路,,,,,198,8
14692,15491,302.354058264321,Medium,342.622884085756,North,North,SameSide,Explicit,f,"",,,,,198,8
14692,23431,361.519485308815,Medium,1.96839473255588,North,North,SameSide,Explicit,f,"",,,,,198,8
14692,20031,362.284745346929,Medium,0.868170928339677,North,North,SameSide,Explicit,f,"",,,,,198,8
14692,19381,354.782151361097,Medium,359.382266129661,North,North,SameSide,Explicit,t,"",,,,,198,8
14692,19812,393.227663521798,Medium,359.117412349469,North,North,SameSide,Explicit,t,"",,,,,198,8
14692,23221,474.272410252441,Medium,304.524418755539,Northwest,Northwest,SameSide,Explicit,f,田村路,,,,,198,8
14695,14572,490.151980410961,Medium,232.920371419059,Southwest,Southwest,SameSide,Explicit,f,旱河路,,,,,112,6
14701,14677,301.911084316761,Medium,122.377015567715,Southeast,Southeast,SameSide,Explicit,f,"",,,,,41,3
14701,15265,472.52560760811,Medium,133.069565854931,Southeast,Southeast,SameSide,Explicit,t,"",,,,,41,3
14701,14323,340.074178130303,Medium,75.8704290367187,East,East,SameSide,Explicit,f,"",,,,,41,3
14701,15438,351.335674539681,Medium,81.4125406921948,East,East,SameSide,Explicit,f,"",,,,,41,3
14701,14683,301.040536061414,Medium,96.2826975578,East,East,SameSide,Explicit,f,"",,,,,41,3
14701,14395,240.575025408796,Medium,351.486097971766,North,North,SameSide,Explicit,f,"",,,,,41,3
14701,15378,290.852644378354,Medium,359.320768602551,North,North,SameSide,Explicit,t,杏石口路,,,,,41,3
14701,14178,303.472849383047,Medium,8.4019377843037,North,North,SameSide,Explicit,f,杏石口路,,,,,41,3
14701,14193,297.881760128122,Medium,8.41870164457321,North,North,SameSide,Explicit,f,杏石口路,,,,,41,3
14701,14171,312.513242939804,Medium,348.641870435311,North,North,SameSide,Explicit,f,杏石口路,,,,,41,3
14963,15111,231.748897532207,Medium,89.6360589994568,East,East,SameSide,Explicit,t,北辛庄路,,,,,27,3
15058,15189,149.914076491213,Close,108.166577500942,East,East,SameSide,Explicit,f,北辛庄路,,,,,57,4
15058,15051,272.023120463739,Medium,69.7402782170677,East,East,SameSide,Explicit,f,北辛庄路,,,,,57,4
15058,14219,211.398234046863,Medium,77.6369703417232,East,East,SameSide,Explicit,f,北辛庄路,,,,,57,4
15058,14173,265.441042489963,Medium,83.2978204199188,East,East,SameSide,Explicit,f,北辛庄路,,,,,57,4
15058,15050,289.855542727042,Medium,72.0150572365226,East,East,SameSide,Explicit,f,北辛庄路,,,,,57,4
24396,32034,283.739196617118,Medium,314.736695955318,Northwest,Northwest,SameSide,Explicit,t,"",,,,,21,3
24396,34941,117.974829644614,Close,203.326773300824,Southwest,Southwest,SameSide,Explicit,f,"",,,,,21,3
24396,24426,62.9260988798649,Close,327.725067433718,Northwest,Northwest,SameSide,Explicit,f,"",,,,,21,3
24396,34993,136.147039517464,Close,63.9851195644505,Northeast,Northeast,SameSide,Explicit,f,"",,,,,21,3
24396,34913,363.057302398495,Medium,12.2201463766578,North,North,SameSide,Explicit,f,"",,,,,21,3
24396,30023,456.278757501554,Medium,179.63609964611,South,South,SameSide,Explicit,t,"",,,,,21,3
24674,32751,65.0651906230518,Close,56.6667125444651,Northeast,Northeast,SameSide,Explicit,f,松曹路,,,,,4,3
24674,32119,56.8144413608216,Close,39.5573128606575,Northeast,Northeast,SameSide,Explicit,f,松曹路,,,,,4,3
25305,35121,191.093172755843,Close,169.83424338666,South,South,SameSide,Explicit,f,"",,,,,8,3
25316,29568,195.106165915324,Close,121.139289943055,Southeast,Southeast,SameSide,Explicit,f,密西路,,,,,52,4
25316,30442,319.077596434252,Medium,7.04020711648036,North,North,SameSide,Explicit,f,密西路,,,,,52,4
25316,32505,168.468095189379,Close,281.642073202783,West,West,SameSide,Explicit,f,密西路,,,,,52,4
25316,25704,132.797102761937,Close,299.826363402294,Northwest,Northwest,SameSide,Explicit,f,密西路,,,,,52,4
25316,26199,105.965336895793,Close,311.530295574102,Northwest,Northwest,SameSide,Explicit,f,密西路,,,,,52,4
25316,35385,59.95269362909,Close,309.009555446779,Northwest,Northwest,SameSide,Explicit,f,密西路,,,,,52,4
25518,29635,232.480781675368,Medium,323.690506381066,Northwest,Northwest,SameSide,Explicit,f,水库南线,,,,,39,3
25518,25299,87.5671873953841,Close,300.345148814351,Northwest,Northwest,SameSide,Explicit,f,水库南线,,,,,39,3
25518,29997,204.345061928022,Medium,336.089094019664,Northwest,Northwest,SameSide,Explicit,t,水库南线,,,,,39,3
25518,33524,107.361212226083,Close,302.976038225988,Northwest,Northwest,SameSide,Explicit,f,水库南线,,,,,39,3
25518,33828,199.793767784649,Close,73.6930363897246,East,East,SameSide,Explicit,f,水库南线,,,,,39,3
25518,34243,199.793767784649,Close,73.6930363897246,East,East,SameSide,Explicit,f,水库南线,,,,,39,3
25518,25106,88.8750967303201,Close,87.6176446248208,East,East,SameSide,Explicit,t,水库南线,,,,,39,3
25518,31124,184.09322777643,Close,22.017658490265,North,North,SameSide,Explicit,t,水库南线,,,,,39,3
25518,25291,131.812827771579,Close,87.3255419961306,East,East,SameSide,Explicit,f,水库南线,,,,,39,3
25518,31064,174.551920960418,Close,2.26025531904778,North,North,SameSide,Explicit,f,水库南线,,,,,39,3
25518,27596,80.9769191056384,Close,52.3105701305622,Northeast,Northeast,SameSide,Explicit,f,水库南线,,,,,39,3
25518,29938,183.250542422812,Close,15.4237327305813,North,North,SameSide,Explicit,f,水库南线,,,,,39,3
25518,29963,154.004839833152,Close,355.5971944635,North,North,SameSide,Explicit,f,水库南线,,,,,39,3
25518,29952,182.571631648012,Close,348.743694977462,North,North,SameSide,Explicit,f,水库南线,,,,,39,3
25743,26972,116.623207967013,Close,110.583212320211,East,East,SameSide,Explicit,t,"",,,,,33,3
25743,30541,87.2946407169534,Close,103.372115708942,East,East,SameSide,Explicit,f,"",,,,,33,3
25743,32060,61.9316149876378,Close,285.738814836218,West,West,SameSide,Explicit,f,"",,,,,33,3
25743,35437,439.240586647193,Medium,202.030353478035,South,South,SameSide,Explicit,t,"",,,,,33,3
25804,25108,251.358429079129,Medium,234.715428442027,Southwest,Southwest,SameSide,Explicit,f,水库南线,,,,,5,3
25826,29455,375.208121709111,Medium,76.518545703197,East,East,SameSide,Explicit,f,宁菜路,,,,,46,3
25826,26278,378.407527506492,Medium,74.5878121109249,East,East,SameSide,Explicit,f,宁菜路,,,,,46,3
25826,28778,256.845837015482,Medium,126.995239736595,Southeast,Southeast,SameSide,Explicit,f,宁菜路,,,,,46,3
25834,29624,98.9786590417402,Close,135.759922736645,Southeast,Southeast,SameSide,Explicit,f,"",,,,,15,3
25842,29532,181.527995848351,Close,324.184152926841,Northwest,Northwest,SameSide,Explicit,f,木邵路,,,,,4,3
26203,33702,145.998048550958,Close,173.688511355396,South,South,SameSide,Explicit,f,大建路,,,,,11,3
26248,31927,101.786892986157,Close,303.677503336294,Northwest,Northwest,SameSide,Explicit,f,"",,,,,24,3
26248,30330,103.529746476873,Close,299.94334985196,Northwest,Northwest,SameSide,Explicit,f,"",,,,,24,3
26248,30851,232.545857175568,Medium,324.023569093026,Northwest,Northwest,SameSide,Explicit,f,"",,,,,24,3
26248,30779,367.258688329729,Medium,331.627033582377,Northwest,Northwest,SameSide,Explicit,f,"",,,,,24,3
26248,27145,86.6302553698271,Close,26.1828718897074,Northeast,Northeast,SameSide,Explicit,f,"",,,,,24,3
26248,30774,89.4768292379497,Close,339.078232156365,North,North,SameSide,Explicit,f,"",,,,,24,3
26248,31212,181.627829696775,Close,57.2471250883485,Northeast,Northeast,SameSide,Explicit,f,"",,,,,24,3
26248,31097,349.4972208961,Medium,26.6389100839026,Northeast,Northeast,SameSide,Explicit,f,"",,,,,24,3
26248,24806,326.212772158763,Medium,24.052843069777,Northeast,Northeast,SameSide,Explicit,f,"",,,,,24,3
26248,31946,318.712790591283,Medium,23.6695730617023,Northeast,Northeast,SameSide,Explicit,f,"",,,,,24,3
26281,26573,371.013862609072,Medium,292.605423026935,Northwest,Northwest,SameSide,Explicit,f,"",,,,,17,3
26281,28743,256.204431585379,Medium,246.000393098614,Southwest,Southwest,SameSide,Explicit,t,"",,,,,17,3
26281,32059,289.485556033379,Medium,261.06035010864,West,West,SameSide,Explicit,f,东智西路,,,,,17,3
26281,26181,227.435396900093,Medium,356.988383966616,North,North,SameSide,Explicit,f,"",,,,,17,3
622,710,595.837828097195,Far,286.916549397539,West,West,Isolated,Explicit,f,,,,,,15,3
26281,29916,87.5611397018814,Close,159.227220009538,South,South,SameSide,Explicit,f,"",,,,,17,3
26281,33518,106.695348125046,Close,40.2119023709938,Northeast,Northeast,SameSide,Explicit,f,"",,,,,17,3
26281,24795,105.347755745555,Close,63.0397300916268,Northeast,Northeast,SameSide,Explicit,f,"",,,,,17,3
26334,35676,112.037950234129,Close,138.743886581359,Southeast,Southeast,SameSide,Explicit,f,"",,,,,1,3
26336,29903,422.642440453449,Medium,153.045256909817,Southeast,Southeast,SameSide,Explicit,f,沙太路,,,,,4,3
26336,24730,66.5874067179342,Close,202.617115804636,Southwest,Southwest,SameSide,Explicit,f,沙太路,,,,,4,3
26591,25067,66.2474610379799,Close,141.654585414661,Southeast,Southeast,SameSide,Explicit,f,京沈线,,,,,2,3
26615,30005,89.3963725619583,Close,98.3855587341864,East,East,SameSide,Explicit,f,穆九路,,,,,5,3
26704,32590,170.364991442485,Close,81.4828721018166,East,East,SameSide,Explicit,f,顺密路,,,,,80,4
26704,34744,184.121640053187,Close,84.5212510522829,East,East,SameSide,Explicit,f,顺密路,,,,,80,4
26704,24612,197.481956544975,Close,101.196286047402,East,East,SameSide,Explicit,f,顺密路,,,,,80,4
26704,30542,244.991347858269,Medium,62.1758183889914,Northeast,Northeast,SameSide,Explicit,f,顺密路,,,,,80,4
26704,24669,237.257079965648,Medium,66.0332058436291,Northeast,Northeast,SameSide,Explicit,t,顺密路,,,,,80,4
26704,30466,203.944648717025,Medium,95.1360940759727,East,East,SameSide,Explicit,f,顺密路,,,,,80,4
26704,28130,211.379193478191,Medium,88.0899493626974,East,East,SameSide,Explicit,t,顺密路,,,,,80,4
26704,32567,231.211952725134,Medium,140.366564504036,Southeast,Southeast,SameSide,Explicit,f,顺密路,,,,,80,4
26704,34708,232.489292728293,Medium,139.144210701936,Southeast,Southeast,SameSide,Explicit,f,顺密路,,,,,80,4
26704,27153,170.246837570765,Close,124.940910166604,Southeast,Southeast,SameSide,Explicit,f,顺密路,,,,,80,4
26704,28449,176.780063931466,Close,130.503623293982,Southeast,Southeast,SameSide,Explicit,f,顺密路,,,,,80,4
26704,24823,190.658519803588,Close,135.797331287154,Southeast,Southeast,SameSide,Explicit,f,顺密路,,,,,80,4
26704,24692,206.427771314364,Medium,141.94076011043,Southeast,Southeast,SameSide,Explicit,f,顺密路,,,,,80,4
26704,32313,220.915372578436,Medium,155.866224262069,Southeast,Southeast,SameSide,Explicit,t,顺密路,,,,,80,4
26704,25069,219.801070735253,Medium,86.0481446378571,East,East,SameSide,Explicit,f,顺密路,,,,,80,4
26704,30415,231.91858836584,Medium,75.6913986234542,East,East,SameSide,Explicit,f,顺密路,,,,,80,4
26704,27539,273.228115228521,Medium,64.7173478117779,Northeast,Northeast,SameSide,Explicit,f,顺密路,,,,,80,4
26704,26925,258.408974488476,Medium,68.3651753109927,East,East,SameSide,Explicit,f,顺密路,,,,,80,4
26934,29987,302.498306792065,Medium,150.128379874767,Southeast,Southeast,SameSide,Explicit,f,琉辛路,,,,,6,3
26949,29987,260.671754180109,Medium,164.307258032154,South,South,SameSide,Explicit,f,琉辛路,,,,,6,3
27051,27077,105.982823667713,Close,326.11197584921,Northwest,Northwest,SameSide,Explicit,f,密兴旧路,,,,,11,3
27051,27101,101.920199757387,Close,325.375672649708,Northwest,Northwest,SameSide,Explicit,f,密兴旧路,,,,,11,3
27214,34126,206.923201871893,Medium,60.1077724750609,Northeast,Northeast,SameSide,Explicit,f,燕大路,,,,,41,3
27214,26780,214.358592847944,Medium,193.360192313147,South,South,SameSide,Explicit,f,燕大路,,,,,41,3
27214,26447,219.023680021993,Medium,184.07442171257,South,South,SameSide,Explicit,f,燕大路,,,,,41,3
27214,26275,230.778717827852,Medium,132.07165294446,Southeast,Southeast,SameSide,Explicit,f,燕大路,,,,,41,3
27355,27248,499.327380991094,Medium,13.2929098524445,North,North,SameSide,Explicit,f,京沈线,,,,,15,3
27355,27368,473.54713450009,Medium,11.5639027764124,North,North,SameSide,Explicit,f,京沈线,,,,,15,3
27355,28125,480.120412845923,Medium,0.460206425960872,North,North,SameSide,Explicit,f,京沈线,,,,,15,3
27355,28127,480.266973087712,Medium,359.441062361669,North,North,SameSide,Explicit,t,京沈线,,,,,15,3
27355,25057,486.736572789519,Medium,356.799099571017,North,North,SameSide,Explicit,f,京沈线,,,,,15,3
27377,24785,214.554307254362,Medium,252.527911454516,West,West,SameSide,Explicit,f,密古路,,,,,2,3
27585,30619,168.187020153833,Close,257.290791089922,West,West,SameSide,Explicit,f,密兴旧路,,,,,8,3
27656,33808,89.100255150239,Close,71.7823286591868,East,East,SameSide,Explicit,f,水库南线,,,,,25,3
27656,25074,81.2932738835357,Close,89.3698127688281,East,East,SameSide,Explicit,t,水库南线,,,,,25,3
27656,30574,178.579337866418,Close,64.0982827859072,Northeast,Northeast,SameSide,Explicit,f,水库南线,,,,,25,3
28623,32430,138.714742433293,Close,272.139249269605,West,West,SameSide,Explicit,f,密关路,,,,,63,4
28623,32455,137.10342647331,Close,270.448615498403,West,West,SameSide,Explicit,f,密关路,,,,,63,4
28623,31947,135.838426266531,Close,269.423423906392,West,West,SameSide,Explicit,t,密关路,,,,,63,4
28623,30143,133.119481978934,Close,272.229794611713,West,West,SameSide,Explicit,f,密关路,,,,,63,4
28623,32344,130.801078598276,Close,259.428355577639,West,West,SameSide,Explicit,f,密关路,,,,,63,4
28623,32415,100.639137840008,Close,276.440799287855,West,West,SameSide,Explicit,f,密关路,,,,,63,4
28623,29648,181.92177767698,Close,213.887370358016,Southwest,Southwest,SameSide,Explicit,f,密关路,,,,,63,4
28623,24726,121.570184600003,Close,216.996762389798,Southwest,Southwest,SameSide,Explicit,f,密关路,,,,,63,4
28623,24791,107.982721473955,Close,207.782117915936,Southwest,Southwest,SameSide,Explicit,f,密关路,,,,,63,4
28623,25452,132.651062949093,Close,206.916167009399,Southwest,Southwest,SameSide,Explicit,f,密关路,,,,,63,4
28623,33076,225.307465521346,Medium,252.417272337905,West,West,SameSide,Explicit,f,密关路,,,,,63,4
28623,28724,209.697253325829,Medium,265.038453919172,West,West,SameSide,Explicit,f,密关路,,,,,63,4
28623,34546,176.197997177947,Close,10.4045454422053,North,North,SameSide,Explicit,f,密关路,,,,,63,4
28623,30264,89.8063698273084,Close,190.840054452974,South,South,SameSide,Explicit,f,密关路,,,,,63,4
29499,35535,125.290796394922,Close,109.279607972312,East,East,SameSide,Explicit,f,密关路,,,,,27,3
29499,29520,228.369223195022,Medium,98.3721089111126,East,East,SameSide,Explicit,f,密关路,,,,,27,3
29499,33628,495.813908245586,Medium,192.608522393723,South,South,SameSide,Explicit,f,西统路,,,,,27,3
29504,32567,265.28817305556,Medium,304.044808290186,Northwest,Northwest,SameSide,Explicit,f,顺密路,,,,,71,4
29504,34708,262.756395259829,Medium,305.00770273858,Northwest,Northwest,SameSide,Explicit,f,顺密路,,,,,71,4
29504,27153,323.023628109279,Medium,315.167597948905,Northwest,Northwest,SameSide,Explicit,f,顺密路,,,,,71,4
29504,28449,314.770466298291,Medium,312.280960429054,Northwest,Northwest,SameSide,Explicit,f,顺密路,,,,,71,4
29504,24823,301.655343295862,Medium,309.016687856709,Northwest,Northwest,SameSide,Explicit,f,顺密路,,,,,71,4
29504,24692,290.746080786356,Medium,304.349214922633,Northwest,Northwest,SameSide,Explicit,f,顺密路,,,,,71,4
29504,30138,237.11344694305,Medium,263.290980979092,West,West,SameSide,Explicit,f,顺密路,,,,,71,4
29504,31972,251.147662199045,Medium,264.608197818016,West,West,SameSide,Explicit,f,顺密路,,,,,71,4
29504,33590,271.637718838896,Medium,281.458441424781,West,West,SameSide,Explicit,f,顺密路,,,,,71,4
29504,32313,303.867950659011,Medium,294.286168194249,Northwest,Northwest,SameSide,Explicit,f,顺密路,,,,,71,4
29504,30400,301.03633045233,Medium,268.31467336884,West,West,SameSide,Explicit,t,顺密路,,,,,71,4
29504,34767,307.283922748441,Medium,280.322802646036,West,West,SameSide,Explicit,f,顺密路,,,,,71,4
29504,32574,288.681349882929,Medium,282.23372511609,West,West,SameSide,Explicit,f,顺密路,,,,,71,4
29560,31173,328.134488571404,Medium,37.2103046092104,Northeast,Northeast,SameSide,Explicit,f,水辛路,,,,,9,3
29609,29730,71.8365045718204,Close,303.502474523089,Northwest,Northwest,SameSide,Explicit,f,密西路,,,,,25,3
29889,30651,360.844028607395,Medium,108.662971270975,East,East,SameSide,Explicit,f,统仓路,,,,,18,3
29889,31992,293.616638694628,Medium,78.5956756024006,East,East,SameSide,Explicit,f,统仓路,,,,,18,3
29891,35000,225.53332794459,Medium,344.444787173092,North,North,SameSide,Explicit,f,宁菜路,,,,,18,3
29891,33042,266.358350254091,Medium,209.024852847717,Southwest,Southwest,SameSide,Explicit,f,宁菜路,,,,,18,3
29891,35103,81.9457660643204,Close,116.029071723002,Southeast,Southeast,SameSide,Explicit,f,宁菜路,,,,,18,3
7,389,994.135996325507,Far,299.023682044223,Northwest,Northwest,Isolated,Explicit,f,,,,,,9,3
7,280,876.772703651155,Far,251.462948508362,West,West,Isolated,Explicit,f,,,,,,9,3
7,240,935.697220286396,Far,297.262266413972,Northwest,Northwest,Isolated,Explicit,f,,,,,,9,3
7,319,869.261710392304,Far,249.961808487691,West,West,Isolated,Explicit,f,,,,,,9,3
7,53,801.043409102456,Far,247.269819774764,Southwest,Southwest,Isolated,Explicit,t,,,,,,9,3
7,101,835.177326431696,Far,246.4828268833,Southwest,Southwest,Isolated,Explicit,t,,,,,,9,3
7,489,547.706146660366,Far,281.864374353619,West,West,Isolated,Explicit,f,,,,,,9,3
7,155,803.362225000993,Far,221.587828122289,Southwest,Southwest,Isolated,Explicit,f,,,,,,9,3
7,17,504.959109803182,Far,245.087127944171,Southwest,Southwest,Isolated,Explicit,t,,,,,,9,3
18,481,595.417583840522,Far,357.284034555956,North,North,Isolated,Explicit,f,,,,,,47,3
18,35,34.6939943039822,VeryClose,354.756876339858,North,North,Isolated,Explicit,f,,,,,,47,3
18,491,863.753750394322,Far,184.254952951945,South,South,Isolated,Explicit,f,,,,,,47,3
18,459,708.287726073302,Far,185.573740821695,South,South,Isolated,Explicit,f,,,,,,47,3
18,500,762.685133773182,Far,190.699871577347,South,South,Isolated,Explicit,f,,,,,,47,3
18,468,857.652703562804,Far,332.485888110351,Northwest,Northwest,Isolated,Explicit,f,,,,,,47,3
18,248,956.504955414845,Far,90.4714150941979,East,East,Isolated,Explicit,f,,,,,,47,3
18,118,721.141784481962,Far,98.992742595674,East,East,Isolated,Explicit,f,,,,,,47,3
18,133,823.758219669406,Far,68.2496137037574,East,East,Isolated,Explicit,f,,,,,,47,3
18,24,849.633063837567,Far,76.651280929191,East,East,Isolated,Explicit,f,,,,,,47,3
18,37,871.844684334634,Far,92.518619610502,East,East,Isolated,Explicit,f,,,,,,47,3
18,161,908.460459300522,Far,91.7510140244486,East,East,Isolated,Explicit,f,,,,,,47,3
18,95,919.835873225141,Far,91.6802254101177,East,East,Isolated,Explicit,f,,,,,,47,3
18,19,655.53814482267,Far,162.841452918174,South,South,Isolated,Explicit,f,,,,,,47,3
18,484,388.497052787217,Medium,146.09935143459,Southeast,Southeast,Isolated,Explicit,f,,,,,,47,3
18,351,793.911821665811,Far,163.655674313994,South,South,Isolated,Explicit,f,,,,,,47,3
18,2,922.378668690914,Far,162.160012209999,South,South,Isolated,Explicit,f,,,,,,47,3
18,353,622.628029459537,Far,135.129016092112,Southeast,Southeast,Isolated,Explicit,f,,,,,,47,3
18,435,510.693469447945,Far,114.985180452,Southeast,Southeast,Isolated,Explicit,f,,,,,,47,3
18,442,799.495338383717,Far,38.789440651078,Northeast,Northeast,Isolated,Explicit,f,,,,,,47,3
18,111,524.632568941546,Far,114.347348990778,Southeast,Southeast,Isolated,Explicit,f,,,,,,47,3
18,236,548.448938566495,Far,112.200924453361,East,East,Isolated,Explicit,t,,,,,,47,3
18,304,885.330745568866,Far,38.2545220563725,Northeast,Northeast,Isolated,Explicit,f,,,,,,47,3
18,302,900.797244415547,Far,38.9435123000535,Northeast,Northeast,Isolated,Explicit,f,,,,,,47,3
18,301,916.660022182501,Far,39.6299250653633,Northeast,Northeast,Isolated,Explicit,f,,,,,,47,3
18,148,910.911922374943,Far,40.7865681380338,Northeast,Northeast,Isolated,Explicit,f,,,,,,47,3
18,145,910.884632489521,Far,41.000069046679,Northeast,Northeast,Isolated,Explicit,f,,,,,,47,3
18,160,642.502271335242,Far,99.548735779982,East,East,Isolated,Explicit,f,,,,,,47,3
18,227,914.178896682659,Far,43.2683784082615,Northeast,Northeast,Isolated,Explicit,t,,,,,,47,3
18,303,914.290732469223,Far,38.439823346288,Northeast,Northeast,Isolated,Explicit,f,,,,,,47,3
18,494,277.179183047878,Medium,98.2873198071072,East,East,Isolated,Explicit,f,,,,,,47,3
18,33,321.379425520672,Medium,118.634903953225,Southeast,Southeast,Isolated,Explicit,f,,,,,,47,3
29,394,759.473533894923,Far,236.344523563795,Southwest,Southwest,Isolated,Explicit,f,,,,,,45,3
29,384,848.743809759822,Far,268.288614763832,West,West,Isolated,Explicit,t,,,,,,45,3
29,390,914.177046821243,Far,264.961543653907,West,West,Isolated,Explicit,f,,,,,,45,3
29,9,939.352160806063,Far,260.888111430993,West,West,Isolated,Explicit,f,,,,,,45,3
29,34,865.973446985043,Far,348.795157583689,North,North,Isolated,Explicit,f,,,,,,45,3
29,434,930.282355224894,Far,351.72424134872,North,North,Isolated,Explicit,f,,,,,,45,3
29,132,134.902635671902,Close,276.821215221534,West,West,Isolated,Explicit,f,,,,,,45,3
29,231,515.685411077223,Far,342.885511399063,North,North,Isolated,Explicit,f,,,,,,45,3
29,242,519.773319513598,Far,339.633856225841,North,North,Isolated,Explicit,f,,,,,,45,3
29,42,221.418839837162,Medium,274.076124968473,West,West,Isolated,Explicit,f,,,,,,45,3
29,330,791.493232465236,Far,344.278509661343,North,North,Isolated,Explicit,f,,,,,,45,3
29,151,942.499584180365,Far,341.981412894855,North,North,Isolated,Explicit,f,,,,,,45,3
29,187,922.012898629031,Far,341.531126022565,North,North,Isolated,Explicit,f,,,,,,45,3
29,452,943.354826513851,Far,341.910902963444,North,North,Isolated,Explicit,f,,,,,,45,3
29,451,921.255052806397,Far,341.32857852106,North,North,Isolated,Explicit,f,,,,,,45,3
29,97,934.629041401239,Far,342.600479019217,North,North,Isolated,Explicit,f,,,,,,45,3
29,72,915.001739416234,Far,342.33808641903,North,North,Isolated,Explicit,f,,,,,,45,3
29,159,911.353199998696,Far,343.626114647843,North,North,Isolated,Explicit,f,,,,,,45,3
29,38,919.249640167211,Far,344.060185269486,North,North,Isolated,Explicit,f,,,,,,45,3
29,282,782.974391652675,Far,339.878222620441,North,North,Isolated,Explicit,f,,,,,,45,3
29,185,475.025658541965,Medium,281.335552119974,West,West,Isolated,Explicit,f,,,,,,45,3
29,418,434.466011978718,Medium,268.788622839838,West,West,Isolated,Explicit,t,,,,,,45,3
29,432,647.864001734169,Far,221.941104139058,Southwest,Southwest,Isolated,Explicit,f,,,,,,45,3
29,469,568.327576895443,Far,194.559805433981,South,South,Isolated,Explicit,f,,,,,,45,3
29,450,327.782308047925,Medium,347.690617002011,North,North,Isolated,Explicit,f,,,,,,45,3
29,374,579.549725234432,Far,352.890490674027,North,North,Isolated,Explicit,f,,,,,,45,3
29,15,297.369069353686,Medium,195.561493500167,South,South,Isolated,Explicit,f,,,,,,45,3
29,186,507.934266069968,Far,1.23529171360467,North,North,Isolated,Explicit,f,,,,,,45,3
29,181,508.521863512084,Far,1.45680456240577,North,North,Isolated,Explicit,f,,,,,,45,3
29,48,661.514954780005,Far,0.922674025901605,North,North,Isolated,Explicit,f,,,,,,45,3
29,401,999.377887299767,Far,358.413742903109,North,North,Isolated,Explicit,t,,,,,,45,3
29,117,839.858869711236,Far,358.286984765776,North,North,Isolated,Explicit,t,,,,,,45,3
29,405,737.149199391309,Far,359.555381137956,North,North,Isolated,Explicit,t,,,,,,45,3
29,169,769.868284476761,Far,359.698922390641,North,North,Isolated,Explicit,t,,,,,,45,3
29,47,756.937093100181,Far,0.457463404746998,North,North,Isolated,Explicit,f,,,,,,45,3
29,108,777.88315425476,Far,2.50060741950807,North,North,Isolated,Explicit,f,,,,,,45,3
29,255,680.335259318091,Far,1.7932557378774,North,North,Isolated,Explicit,f,,,,,,45,3
29,131,670.634006556483,Far,164.555463919882,South,South,Isolated,Explicit,f,,,,,,45,3
29,189355,842.096193186198,Far,144.557465864833,Southeast,Southeast,Isolated,Explicit,f,,,,,,45,3
29,188121,593.25592471289,Far,137.311206100403,Southeast,Southeast,Isolated,Explicit,f,,,,,,45,3
29,181021,431.40234744058,Medium,83.5230806110042,East,East,Isolated,Explicit,f,,,,,,45,3
29,183676,437.056079638995,Medium,83.0405652640781,East,East,Isolated,Explicit,f,,,,,,45,3
29,193042,900.87542341641,Far,29.9451829747496,Northeast,Northeast,Isolated,Explicit,f,,,,,,45,3
31,382,361.380508559718,Medium,252.202037397906,West,West,Isolated,Explicit,f,,,,,,30,3
31,493,363.221789470338,Medium,282.002311488168,West,West,Isolated,Explicit,f,,,,,,30,3
31,477,342.383883024124,Medium,9.28544283371379,North,North,Isolated,Explicit,f,,,,,,30,3
31,504,299.998029418866,Medium,160.417280831601,South,South,Isolated,Explicit,f,,,,,,30,3
31,349,268.694835952309,Medium,12.7579316552425,North,North,Isolated,Explicit,f,,,,,,30,3
31,506,44.9317335050085,VeryClose,162.407033993149,South,South,Isolated,Explicit,f,,,,,,30,3
31,119,305.794199009481,Medium,41.4589135922601,Northeast,Northeast,Isolated,Explicit,f,,,,,,30,3
31,485,400.619992524761,Medium,141.536132606154,Southeast,Southeast,Isolated,Explicit,f,,,,,,30,3
31,408,547.964489497829,Far,137.723506529738,Southeast,Southeast,Isolated,Explicit,f,,,,,,30,3
31,394,678.879489861384,Far,72.5994572503601,East,East,Isolated,Explicit,f,,,,,,30,3
31,384,737.958513108483,Far,35.7949214067515,Northeast,Northeast,Isolated,Explicit,f,,,,,,30,3
31,390,657.227091965636,Far,34.1921579498401,Northeast,Northeast,Isolated,Explicit,f,,,,,,30,3
31,9,591.62808085578,Far,36.5692261189478,Northeast,Northeast,Isolated,Explicit,f,,,,,,30,3
31,436,649.554468111743,Far,23.2195315415327,Northeast,Northeast,Isolated,Explicit,f,,,,,,30,3
31,173,673.471823434519,Far,19.7995712251625,North,North,Isolated,Explicit,f,,,,,,30,3
31,46,601.002389791378,Far,20.9184548627241,North,North,Isolated,Explicit,t,,,,,,30,3
31,143,648.576198497789,Far,19.6932253663316,North,North,Isolated,Explicit,f,,,,,,30,3
31,501,387.405145091393,Medium,23.9986279212413,Northeast,Northeast,Isolated,Explicit,f,,,,,,30,3
31,432,858.799707510757,Far,80.481576257277,East,East,Isolated,Explicit,f,,,,,,30,3
31,329,954.751675321055,Far,120.932163559912,Southeast,Southeast,Isolated,Explicit,f,,,,,,30,3
31,193,671.953271766103,Far,303.690231627436,Northwest,Northwest,Isolated,Explicit,f,,,,,,30,3
31,154,615.359451066153,Far,298.717145340872,Northwest,Northwest,Isolated,Explicit,f,,,,,,30,3
31,228,567.313187268754,Far,261.351108257184,West,West,Isolated,Explicit,f,,,,,,30,3
31,337,819.816051122248,Far,239.89801192923,Southwest,Southwest,Isolated,Explicit,f,,,,,,30,3
31,225,928.260843182506,Far,235.184741649858,Southwest,Southwest,Isolated,Explicit,f,,,,,,30,3
31,496,730.869615928405,Far,297.751426082433,Northwest,Northwest,Isolated,Explicit,f,,,,,,30,3
32,209,889.08067826918,Far,320.392966927753,Northwest,Northwest,Isolated,Explicit,f,,,,,,12,3
32,389,798.701367196658,Far,328.951741684677,Northwest,Northwest,Isolated,Explicit,f,,,,,,12,3
32,240,733.336300803836,Far,329.299461649693,Northwest,Northwest,Isolated,Explicit,f,,,,,,12,3
32,335,891.001340429453,Far,338.108678282331,North,North,Isolated,Explicit,f,,,,,,12,3
32,489,324.23808453651,Medium,345.961448228874,North,North,Isolated,Explicit,f,,,,,,12,3
32,155,406.072965106442,Medium,190.771498699888,South,South,Isolated,Explicit,f,,,,,,12,3
32,168,802.577076854399,Far,177.579479827338,South,South,Isolated,Explicit,t,,,,,,12,3
105,260,924.262557785391,Far,248.536765387658,West,West,Isolated,Explicit,f,,,,,,10,3
105,199,932.438946536004,Far,272.013669648907,West,West,Isolated,Explicit,f,,,,,,10,3
105,233,800.119588612922,Far,247.204474591131,Southwest,Southwest,Isolated,Explicit,t,,,,,,10,3
105,296,492.075811210151,Medium,267.547087804567,West,West,Isolated,Explicit,t,,,,,,10,3
105,177,442.927114383314,Medium,285.925934124618,West,West,Isolated,Explicit,f,,,,,,10,3
105,292,494.429286191915,Medium,299.248865136825,Northwest,Northwest,Isolated,Explicit,f,,,,,,10,3
105,146,238.965286932705,Medium,280.055854837463,West,West,Isolated,Explicit,f,,,,,,10,3
105,423,211.577404903251,Medium,259.491992147979,West,West,Isolated,Explicit,f,,,,,,10,3
136,480,987.369828360873,Far,335.450236960677,Northwest,Northwest,Isolated,Explicit,t,,,,,,23,3
136,504,650.329544205113,Far,344.862195614668,North,North,Isolated,Explicit,f,,,,,,23,3
136,506,904.78612929614,Far,343.511643561345,North,North,Isolated,Explicit,f,,,,,,23,3
136,490,949.663764953133,Far,193.150273225493,South,South,Isolated,Explicit,f,,,,,,23,3
136,86,766.131307130039,Far,357.3458974283,North,North,Isolated,Explicit,f,,,,,,23,3
136,485,597.099377950167,Far,357.966866584441,North,North,Isolated,Explicit,t,,,,,,23,3
136,408,514.434348368354,Far,11.0095719079142,North,North,Isolated,Explicit,f,,,,,,23,3
136,176,427.55266135917,Medium,134.906427251221,Southeast,Southeast,Isolated,Explicit,t,,,,,,23,3
136,445,513.017159227368,Far,140.525950749035,Southeast,Southeast,Isolated,Explicit,f,,,,,,23,3
136,440,446.65673350396,Medium,147.196466238242,Southeast,Southeast,Isolated,Explicit,f,,,,,,23,3
136,329,690.68695522931,Far,52.5855437966042,Northeast,Northeast,Isolated,Explicit,f,,,,,,23,3
136,165,580.618792255229,Far,133.185903396853,Southeast,Southeast,Isolated,Explicit,t,,,,,,23,3
136,87,531.753265734105,Far,118.078420653824,Southeast,Southeast,Isolated,Explicit,f,,,,,,23,3
136,226,724.333214982566,Far,84.6185129965812,East,East,Isolated,Explicit,f,,,,,,23,3
136,28,860.457686162766,Far,123.922302189977,Southeast,Southeast,Isolated,Explicit,f,,,,,,23,3
136,503,943.892537501736,Far,120.612420489572,Southeast,Southeast,Isolated,Explicit,f,,,,,,23,3
136,211,979.322017651966,Far,123.817367505219,Southeast,Southeast,Isolated,Explicit,f,,,,,,23,3
136,217,971.630086235628,Far,60.8055702418466,Northeast,Northeast,Isolated,Explicit,f,,,,,,23,3
136,299,946.633919390177,Far,66.3536320461153,Northeast,Northeast,Isolated,Explicit,t,,,,,,23,3
136,212,901.249751228864,Far,255.074891698936,West,West,Isolated,Explicit,f,,,,,,23,3
136,214,790.760078997884,Far,265.443744038594,West,West,Isolated,Explicit,f,,,,,,23,3
136,224,916.83081491899,Far,275.059577236156,West,West,Isolated,Explicit,f,,,,,,23,3
137,286,323.721199522149,Medium,320.040091008536,Northwest,Northwest,Isolated,Explicit,f,,,,,,28,3
137,163,679.347781916502,Far,152.005814519585,Southeast,Southeast,Isolated,Explicit,f,,,,,,28,3
137,460,658.780058380281,Far,150.384043159232,Southeast,Southeast,Isolated,Explicit,f,,,,,,28,3
137,360,240.152159963728,Medium,158.187700576045,South,South,Isolated,Explicit,f,,,,,,28,3
137,175,125.677962234321,Close,42.6000767311873,Northeast,Northeast,Isolated,Explicit,t,,,,,,28,3
137,8562,918.451725220553,Far,354.912442319406,North,North,Isolated,Explicit,f,,,,,,28,3
137,9589,618.098263461573,Far,8.96778227871565,North,North,Isolated,Explicit,f,,,,,,28,3
137,13306,677.526240072907,Far,17.8445887747896,North,North,Isolated,Explicit,f,,,,,,28,3
137,11956,726.954963072329,Far,17.4872937091341,North,North,Isolated,Explicit,f,,,,,,28,3
137,9499,853.5861675109,Far,350.904592154313,North,North,Isolated,Explicit,f,,,,,,28,3
137,9541,987.022981872338,Far,348.901808845281,North,North,Isolated,Explicit,f,,,,,,28,3
137,516,909.446422402548,Far,277.129679055896,West,West,Isolated,Explicit,f,,,,,,28,3
137,13081,733.821713780333,Far,47.1123058270399,Northeast,Northeast,Isolated,Explicit,f,,,,,,28,3
137,388,877.574640526826,Far,114.429334412406,Southeast,Southeast,Isolated,Explicit,f,,,,,,28,3
137,298,777.504457351932,Far,106.304758425463,East,East,Isolated,Explicit,f,,,,,,28,3
137,273,629.708613811837,Far,75.244341228822,East,East,Isolated,Explicit,f,,,,,,28,3
137,183,810.963113049456,Far,134.509344224691,Southeast,Southeast,Isolated,Explicit,t,,,,,,28,3
137,438,942.485433818661,Far,137.789846576156,Southeast,Southeast,Isolated,Explicit,f,,,,,,28,3
137,182,800.281740887544,Far,134.741994767397,Southeast,Southeast,Isolated,Explicit,t,,,,,,28,3
137,449,782.142090017192,Far,141.156102811714,Southeast,Southeast,Isolated,Explicit,f,,,,,,28,3
142,471,780.760005190769,Far,226.170809675324,Southwest,Southwest,Isolated,Explicit,f,,,,,,16,3
142,334,771.706342010179,Far,227.772722935553,Southwest,Southwest,Isolated,Explicit,f,,,,,,16,3
142,30,808.21758327937,Far,231.77868874007,Southwest,Southwest,Isolated,Explicit,f,,,,,,16,3
142,359,378.591158385503,Medium,115.312403746535,Southeast,Southeast,Isolated,Explicit,f,,,,,,16,3
142,492,371.005165633206,Medium,158.513695333897,South,South,Isolated,Explicit,f,,,,,,16,3
142,466,573.925007072342,Far,97.4070460047888,East,East,Isolated,Explicit,f,,,,,,16,3
142,458,613.765344985499,Far,99.4092021680309,East,East,Isolated,Explicit,f,,,,,,16,3
142,112,559.47050276908,Far,98.1500729712932,East,East,Isolated,Explicit,f,,,,,,16,3
142,55,559.958379228521,Far,98.2579199811198,East,East,Isolated,Explicit,f,,,,,,16,3
142,44,532.801977542559,Far,99.1787735781166,East,East,Isolated,Explicit,f,,,,,,16,3
142,474,525.241369739839,Far,95.2078270129658,East,East,Isolated,Explicit,f,,,,,,16,3
142,352,699.801311878004,Far,93.7485382061666,East,East,Isolated,Explicit,f,,,,,,16,3
142,476,710.57199612004,Far,102.81361231751,East,East,Isolated,Explicit,f,,,,,,16,3
142,380,887.852175302674,Far,84.3929174633893,East,East,Isolated,Explicit,f,,,,,,16,3
157,359,533.074572050284,Far,146.012894603816,Southeast,Southeast,Isolated,Explicit,f,,,,,,14,3
157,492,632.039025465652,Far,171.663169724212,South,South,Isolated,Explicit,f,,,,,,14,3
157,285,602.812875789789,Far,200.800354569453,South,South,Isolated,Explicit,t,,,,,,14,3
157,23,991.136783665141,Far,339.552297242746,North,North,Isolated,Explicit,f,,,,,,14,3
157,466,633.174827499879,Far,124.006555317053,Southeast,Southeast,Isolated,Explicit,f,,,,,,14,3
157,458,678.066231972613,Far,124.133540134939,Southeast,Southeast,Isolated,Explicit,f,,,,,,14,3
157,112,623.591769590247,Far,125.199279365866,Southeast,Southeast,Isolated,Explicit,f,,,,,,14,3
157,55,624.50512152946,Far,125.265088427267,Southeast,Southeast,Isolated,Explicit,f,,,,,,14,3
157,44,604.467899821174,Far,127.16042175126,Southeast,Southeast,Isolated,Explicit,f,,,,,,14,3
157,474,580.286724188239,Far,124.396470704844,Southeast,Southeast,Isolated,Explicit,f,,,,,,14,3
157,352,730.746136910789,Far,116.485279702875,Southeast,Southeast,Isolated,Explicit,f,,,,,,14,3
157,476,782.509984719851,Far,124.013661274582,Southeast,Southeast,Isolated,Explicit,f,,,,,,14,3
157,380,861.344201091121,Far,102.974688547155,East,East,Isolated,Explicit,f,,,,,,14,3
157,447,980.822048811365,Far,85.9408761308282,East,East,Isolated,Explicit,f,,,,,,14,3
194,185085,460.440180274672,Medium,186.606068263651,South,South,Isolated,Explicit,f,,,,,,44,3
194,181273,496.980257261781,Medium,186.020694786275,South,South,Isolated,Explicit,f,,,,,,44,3
194,181241,432.308085280068,Medium,195.168935652174,South,South,Isolated,Explicit,f,,,,,,44,3
194,186477,508.490133248849,Far,192.694464272841,South,South,Isolated,Explicit,f,,,,,,44,3
194,181402,508.779450731414,Far,192.667704048971,South,South,Isolated,Explicit,f,,,,,,44,3
194,187397,453.49862969398,Medium,194.472017797934,South,South,Isolated,Explicit,f,,,,,,44,3
194,180789,791.594297345539,Far,192.889840390457,South,South,Isolated,Explicit,f,,,,,,44,3
194,189397,533.912255943158,Far,225.047660042369,Southwest,Southwest,Isolated,Explicit,f,,,,,,44,3
194,186812,993.619803306801,Far,207.422857437971,Southwest,Southwest,Isolated,Explicit,f,,,,,,44,3
194,290,941.987501046485,Far,283.0665568548,West,West,Isolated,Explicit,f,,,,,,44,3
194,515,817.229851050249,Far,262.50831190683,West,West,Isolated,Explicit,f,,,,,,44,3
194,514,741.082218898658,Far,262.078400276711,West,West,Isolated,Explicit,f,,,,,,44,3
194,180400,783.774646721021,Far,140.493171122486,Southeast,Southeast,Isolated,Explicit,f,,,,,,44,3
194,188086,820.723312530791,Far,150.679245227259,Southeast,Southeast,Isolated,Explicit,f,,,,,,44,3
194,190274,819.859148085923,Far,153.056991956018,Southeast,Southeast,Isolated,Explicit,f,,,,,,44,3
194,189426,798.724270843572,Far,156.906082086953,Southeast,Southeast,Isolated,Explicit,t,,,,,,44,3
194,189072,766.466386120559,Far,155.81763725827,Southeast,Southeast,Isolated,Explicit,t,,,,,,44,3
194,186922,789.99161524941,Far,157.232711466659,Southeast,Southeast,Isolated,Explicit,t,,,,,,44,3
194,184641,773.281756334888,Far,162.103218586338,South,South,Isolated,Explicit,f,,,,,,44,3
194,185979,739.966144570149,Far,164.578706867232,South,South,Isolated,Explicit,f,,,,,,44,3
194,186000,739.188616233375,Far,165.946727095711,South,South,Isolated,Explicit,f,,,,,,44,3
194,189949,349.567244942184,Medium,155.288545739502,Southeast,Southeast,Isolated,Explicit,t,,,,,,44,3
194,180765,723.041001512102,Far,175.295176460125,South,South,Isolated,Explicit,f,,,,,,44,3
194,180777,719.259336056381,Far,175.191974414942,South,South,Isolated,Explicit,f,,,,,,44,3
194,191056,731.658898307997,Far,177.969134901392,South,South,Isolated,Explicit,t,,,,,,44,3
194,183675,720.093218169087,Far,177.442512052075,South,South,Isolated,Explicit,f,,,,,,44,3
194,187442,718.701803197947,Far,176.024986374642,South,South,Isolated,Explicit,f,,,,,,44,3
194,191288,701.975420147825,Far,178.749310758254,South,South,Isolated,Explicit,t,,,,,,44,3
194,192755,340.443898619894,Medium,187.266798769224,South,South,Isolated,Explicit,f,,,,,,44,3
194,192772,450.279945136866,Medium,185.263410513097,South,South,Isolated,Explicit,f,,,,,,44,3
194,186961,648.660832666551,Far,181.259852241443,South,South,Isolated,Explicit,f,,,,,,44,3
194,280,845.787187472008,Far,331.834883853875,Northwest,Northwest,Isolated,Explicit,f,,,,,,44,3
194,319,822.039123811528,Far,332.106063618917,Northwest,Northwest,Isolated,Explicit,f,,,,,,44,3
194,53,777.905561723517,Far,336.774371642127,Northwest,Northwest,Isolated,Explicit,t,,,,,,44,3
194,101,767.48943021183,Far,334.223884098889,Northwest,Northwest,Isolated,Explicit,f,,,,,,44,3
194,155,435.433697513148,Medium,346.56293083998,North,North,Isolated,Explicit,f,,,,,,44,3
194,189328,306.722751393732,Medium,186.959787594486,South,South,Isolated,Explicit,f,,,,,,44,3
194,368,280.136817648558,Medium,187.535142009069,South,South,Isolated,Explicit,f,,,,,,44,3
194,17,812.084786083058,Far,358.1715220561,North,North,Isolated,Explicit,t,,,,,,44,3
194,191696,976.006415961979,Far,130.620882675952,Southeast,Southeast,Isolated,Explicit,f,,,,,,44,3
195,185085,491.127706316963,Medium,182.266535104296,South,South,Isolated,Explicit,f,,,,,,41,3
195,181273,527.926366649783,Far,182.016921611685,South,South,Isolated,Explicit,f,,,,,,41,3
195,181241,457.578244900835,Medium,190.014718083238,South,South,Isolated,Explicit,f,,,,,,41,3
195,186477,535.164321091726,Far,188.401770304754,South,South,Isolated,Explicit,f,,,,,,41,3
195,181402,535.470601688311,Far,188.378732054926,South,South,Isolated,Explicit,f,,,,,,41,3
195,187397,479.158704815099,Medium,189.585075970337,South,South,Isolated,Explicit,f,,,,,,41,3
195,180789,817.616520838822,Far,190.07558956762,South,South,Isolated,Explicit,f,,,,,,41,3
195,189397,535.833663040007,Far,219.982237611341,Southwest,Southwest,Isolated,Explicit,f,,,,,,41,3
195,290,902.111024705145,Far,281.484106464519,West,West,Isolated,Explicit,f,,,,,,41,3
195,515,789.207928350797,Far,259.788490323479,West,West,Isolated,Explicit,f,,,,,,41,3
195,514,713.448013402422,Far,259.052151653872,West,West,Isolated,Explicit,f,,,,,,41,3
195,180400,830.868402089203,Far,140.171805724232,Southeast,Southeast,Isolated,Explicit,f,,,,,,41,3
195,188086,866.33404118476,Far,149.825215480063,Southeast,Southeast,Isolated,Explicit,f,,,,,,41,3
195,190274,864.925192119131,Far,152.077204536484,Southeast,Southeast,Isolated,Explicit,f,,,,,,41,3
195,189426,842.757089667152,Far,155.697653235949,Southeast,Southeast,Isolated,Explicit,t,,,,,,41,3
195,189072,810.818396975727,Far,154.620694863779,Southeast,Southeast,Isolated,Explicit,f,,,,,,41,3
195,186922,833.929744828242,Far,155.994332027259,Southeast,Southeast,Isolated,Explicit,t,,,,,,41,3
195,184641,815.624901661236,Far,160.580638455135,South,South,Isolated,Explicit,f,,,,,,41,3
195,185979,781.398513875185,Far,162.857656411392,South,South,Isolated,Explicit,f,,,,,,41,3
195,186000,780.079516739141,Far,164.151188610263,South,South,Isolated,Explicit,f,,,,,,41,3
195,189949,394.24348594017,Medium,152.885725410213,Southeast,Southeast,Isolated,Explicit,f,,,,,,41,3
195,180765,759.661035857393,Far,172.979247557592,South,South,Isolated,Explicit,f,,,,,,41,3
195,180777,755.935031262024,Far,172.869546595994,South,South,Isolated,Explicit,f,,,,,,41,3
195,191056,766.86949584364,Far,175.551900862012,South,South,Isolated,Explicit,f,,,,,,41,3
195,183675,755.596234995582,Far,175.013381857979,South,South,Isolated,Explicit,f,,,,,,41,3
195,187442,754.95048644366,Far,173.659959309674,South,South,Isolated,Explicit,f,,,,,,41,3
195,191288,736.790977144148,Far,176.196971464899,South,South,Isolated,Explicit,f,,,,,,41,3
195,192755,371.191765179504,Medium,181.468979676965,South,South,Isolated,Explicit,f,,,,,,41,3
195,192772,481.804170167144,Medium,180.92277890867,South,South,Isolated,Explicit,f,,,,,,41,3
195,186961,682.137038379029,Far,178.379954576782,South,South,Isolated,Explicit,t,,,,,,41,3
195,280,800.661804415183,Far,332.824479316736,Northwest,Northwest,Isolated,Explicit,f,,,,,,41,3
195,319,776.987173113736,Far,333.141597128243,Northwest,Northwest,Isolated,Explicit,f,,,,,,41,3
195,53,734.232151297066,Far,338.153576694423,North,North,Isolated,Explicit,f,,,,,,41,3
195,101,723.030880564694,Far,335.468274293503,Northwest,Northwest,Isolated,Explicit,t,,,,,,41,3
195,155,395.973205037155,Medium,350.164822088521,North,North,Isolated,Explicit,f,,,,,,41,3
195,189328,337.842387896472,Medium,180.613856096046,South,South,Isolated,Explicit,f,,,,,,41,3
195,368,311.094422665023,Medium,180.587273928728,South,South,Isolated,Explicit,f,,,,,,41,3
195,3,218.480263655867,Medium,176.189077352217,South,South,Isolated,Explicit,f,,,,,,41,3
195,168,44.0472877863022,VeryClose,106.879040185146,East,East,Isolated,Explicit,f,,,,,,41,3
195,17,778.348391006276,Far,0.562057589813187,North,North,Isolated,Explicit,f,,,,,,41,3
201,466,382.713816995192,Medium,229.227894562422,Southwest,Southwest,Isolated,Explicit,f,,,,,,48,3
201,458,374.934680593753,Medium,222.533186846915,Southwest,Southwest,Isolated,Explicit,t,,,,,,48,3
201,112,397.835075361621,Medium,230.087614857002,Southwest,Southwest,Isolated,Explicit,f,,,,,,48,3
201,55,398.295152404925,Medium,229.934182880748,Southwest,Southwest,Isolated,Explicit,f,,,,,,48,3
201,44,423.046867894552,Medium,231.917539470383,Southwest,Southwest,Isolated,Explicit,f,,,,,,48,3
201,474,403.524302810243,Medium,236.346880407498,Southwest,Southwest,Isolated,Explicit,f,,,,,,48,3
201,352,273.791722946862,Medium,215.931502515441,Southwest,Southwest,Isolated,Explicit,f,,,,,,48,3
201,476,372.601475946185,Medium,206.47244247776,Southwest,Southwest,Isolated,Explicit,f,,,,,,48,3
201,284,629.57459369902,Far,123.696684806544,Southeast,Southeast,Isolated,Explicit,f,,,,,,48,3
201,413,489.802398642919,Medium,54.1234943035115,Northeast,Northeast,Isolated,Explicit,f,,,,,,48,3
201,91,361.362289520578,Medium,91.3291280502358,East,East,Isolated,Explicit,f,,,,,,48,3
201,129,366.407713220546,Medium,93.8697885721242,East,East,Isolated,Explicit,f,,,,,,48,3
201,52,363.951853839014,Medium,97.4204739476836,East,East,Isolated,Explicit,f,,,,,,48,3
201,85,356.785636699371,Medium,96.8260816753989,East,East,Isolated,Explicit,f,,,,,,48,3
201,71,356.63957468973,Medium,96.8646079685761,East,East,Isolated,Explicit,f,,,,,,48,3
201,79,355.917822898447,Medium,93.3276322246516,East,East,Isolated,Explicit,f,,,,,,48,3
201,107,350.360276097323,Medium,95.302502998105,East,East,Isolated,Explicit,f,,,,,,48,3
201,158,354.269636458336,Medium,104.18853147719,East,East,Isolated,Explicit,f,,,,,,48,3
201,75,360.254303884602,Medium,103.031004612521,East,East,Isolated,Explicit,f,,,,,,48,3
201,220,352.147877443445,Medium,96.9836407454846,East,East,Isolated,Explicit,f,,,,,,48,3
201,123,360.488328398666,Medium,102.625296758325,East,East,Isolated,Explicit,f,,,,,,48,3
201,64,373.356398697138,Medium,91.146301078974,East,East,Isolated,Explicit,f,,,,,,48,3
201,69,390.26056359626,Medium,93.5601770088541,East,East,Isolated,Explicit,f,,,,,,48,3
201,219,337.455337718587,Medium,100.185329150821,East,East,Isolated,Explicit,f,,,,,,48,3
201,58,326.528408105485,Medium,92.0115171120135,East,East,Isolated,Explicit,f,,,,,,48,3
201,99,326.889360969602,Medium,93.6063910476354,East,East,Isolated,Explicit,f,,,,,,48,3
201,59,319.112190068077,Medium,93.4448517914365,East,East,Isolated,Explicit,f,,,,,,48,3
201,343,277.294673135426,Medium,119.749958494588,Southeast,Southeast,Isolated,Explicit,f,,,,,,48,3
201,403,277.287520504392,Medium,119.856073856711,Southeast,Southeast,Isolated,Explicit,f,,,,,,48,3
201,51,276.280598438959,Medium,115.009105858536,Southeast,Southeast,Isolated,Explicit,f,,,,,,48,3
201,447,238.587138016295,Medium,43.304905080394,Northeast,Northeast,Isolated,Explicit,t,,,,,,48,3
201,205,997.577498412474,Far,74.4182535750265,East,East,Isolated,Explicit,f,,,,,,48,3
201,244,777.719880717002,Far,69.5957912046671,East,East,Isolated,Explicit,f,,,,,,48,3
201,338,791.125956931073,Far,69.3884881385282,East,East,Isolated,Explicit,f,,,,,,48,3
201,130,752.136425798114,Far,68.7805605562926,East,East,Isolated,Explicit,f,,,,,,48,3
201,198,811.280893525074,Far,95.09458123708,East,East,Isolated,Explicit,f,,,,,,48,3
201,359,617.351946909546,Far,236.825307651192,Southwest,Southwest,Isolated,Explicit,f,,,,,,48,3
201,492,891.322558034512,Far,234.217493306465,Southwest,Southwest,Isolated,Explicit,f,,,,,,48,3
204,296,331.478185660619,Medium,99.0699221191407,East,East,Isolated,Explicit,f,,,,,,11,3
204,177,403.281688803833,Medium,77.0548153783017,East,East,Isolated,Explicit,f,,,,,,11,3
204,292,440.987325307625,Medium,61.5051686441655,Northeast,Northeast,Isolated,Explicit,f,,,,,,11,3
204,356,484.31264180768,Medium,114.358431142208,Southeast,Southeast,Isolated,Explicit,f,,,,,,11,3
204,464,787.068674643418,Far,105.762995732912,East,East,Isolated,Explicit,f,,,,,,11,3
204,146,583.759248776187,Far,88.9663120334842,East,East,Isolated,Explicit,t,,,,,,11,3
204,423,614.901633667381,Far,96.5160609942931,East,East,Isolated,Explicit,f,,,,,,11,3
204,199,112.915501666552,Close,270.796612868214,West,West,Isolated,Explicit,f,,,,,,11,3
210,395,144.496253615898,Close,214.479368160457,Southwest,Southwest,Isolated,Explicit,f,,,,,,3,3
210,269,373.682868991091,Medium,254.883684492957,West,West,Isolated,Explicit,f,,,,,,3,3
213,216,685.642082892391,Far,183.276520619486,South,South,Isolated,Explicit,f,,,,,,11,3
213,176,642.352849709073,Far,30.7290633528112,Northeast,Northeast,Isolated,Explicit,f,,,,,,11,3
213,445,577.357049213482,Far,37.5096462098785,Northeast,Northeast,Isolated,Explicit,f,,,,,,11,3
213,440,548.197924053,Far,29.1936809659583,Northeast,Northeast,Isolated,Explicit,f,,,,,,11,3
213,165,640.236837125885,Far,44.5016095519043,Northeast,Northeast,Isolated,Explicit,t,,,,,,11,3
213,87,780.429962805072,Far,39.3255089041423,Northeast,Northeast,Isolated,Explicit,f,,,,,,11,3
213,28,828.527945540866,Far,63.1818146085587,Northeast,Northeast,Isolated,Explicit,f,,,,,,11,3
213,503,917.17610758334,Far,65.9803224430841,Northeast,Northeast,Isolated,Explicit,t,,,,,,11,3
213,211,894.12045836465,Far,69.785251422458,East,East,Isolated,Explicit,f,,,,,,11,3
213,430,946.029955885141,Far,91.4320739711103,East,East,Isolated,Explicit,f,,,,,,11,3
221,212,697.693448212699,Far,70.0032032592843,East,East,Isolated,Explicit,f,,,,,,5,3
221,214,843.408724892734,Far,61.07747996487,Northeast,Northeast,Isolated,Explicit,f,,,,,,5,3
221,224,824.779959516885,Far,48.029691718809,Northeast,Northeast,Isolated,Explicit,f,,,,,,5,3
221,225,984.115877244147,Far,30.130521378387,Northeast,Northeast,Isolated,Explicit,f,,,,,,5,3
221,478,343.889759303432,Medium,120.440032697072,Southeast,Southeast,Isolated,Explicit,f,,,,,,5,3
223,134,387.659828137467,Medium,248.804286000447,West,West,Isolated,Explicit,f,,,,,,4,3
223,260,929.691623848337,Far,118.967693016795,Southeast,Southeast,Isolated,Explicit,f,,,,,,4,3
223,199,745.913084059655,Far,96.1035273931764,East,East,Isolated,Explicit,f,,,,,,4,3
252,470,410.661080563032,Medium,64.3598997534872,Northeast,Northeast,Isolated,Explicit,f,,,,,,30,3
252,389,568.854912730661,Far,127.351828190641,Southeast,Southeast,Isolated,Explicit,f,,,,,,30,3
252,240,631.595239673191,Far,129.160043796995,Southeast,Southeast,Isolated,Explicit,f,,,,,,30,3
252,335,569.221993686909,Far,110.855384112962,East,East,Isolated,Explicit,t,,,,,,30,3
252,114,344.752301364945,Medium,359.836232691438,North,North,Isolated,Explicit,t,,,,,,30,3
252,209,455.008415564828,Medium,139.197042673656,Southeast,Southeast,Isolated,Explicit,f,,,,,,30,3
252,369,240.496483638859,Medium,106.923331076134,East,East,Isolated,Explicit,f,,,,,,30,3
252,354,251.176095429012,Medium,108.801728729287,East,East,Isolated,Explicit,f,,,,,,30,3
252,113,709.735203676149,Far,19.5268460448266,North,North,Isolated,Explicit,f,,,,,,30,3
252,167,706.517703949519,Far,19.6533037346979,North,North,Isolated,Explicit,f,,,,,,30,3
252,16,747.715350385157,Far,14.5471518706547,North,North,Isolated,Explicit,f,,,,,,30,3
252,102,614.348167805909,Far,17.7096276080942,North,North,Isolated,Explicit,f,,,,,,30,3
252,89,574.723169514946,Far,17.3287859644572,North,North,Isolated,Explicit,f,,,,,,30,3
252,57,558.370111042609,Far,14.7291771364261,North,North,Isolated,Explicit,f,,,,,,30,3
252,49,527.458051567903,Far,8.70540033420897,North,North,Isolated,Explicit,f,,,,,,30,3
252,472,573.317033044465,Far,10.527891566365,North,North,Isolated,Explicit,f,,,,,,30,3
259,228,970.582953100595,Far,359.570126970048,North,North,Isolated,Explicit,t,,,,,,9,3
259,337,663.224638457561,Far,346.42500147631,North,North,Isolated,Explicit,f,,,,,,9,3
259,224,243.296532511395,Medium,338.466501062196,North,North,Isolated,Explicit,f,,,,,,9,3
259,225,565.724738044895,Far,338.37141819708,North,North,Isolated,Explicit,f,,,,,,9,3
259,478,643.692513826572,Far,219.107849487272,Southwest,Southwest,Isolated,Explicit,f,,,,,,9,3
259,382,968.340651372099,Far,12.4944126103294,North,North,Isolated,Explicit,f,,,,,,9,3
259,490,988.36145790173,Far,142.04357493142,Southeast,Southeast,Isolated,Explicit,f,,,,,,9,3
263,398,210.153078296178,Medium,131.584629022736,Southeast,Southeast,Isolated,Explicit,f,,,,,,24,3
263,385,162.621918100577,Close,349.699320771636,North,North,Isolated,Explicit,f,,,,,,24,3
263,290,842.380853219494,Far,76.144469333642,East,East,Isolated,Explicit,f,,,,,,24,3
263,193208,559.556798042712,Far,221.790782600404,Southwest,Southwest,Isolated,Explicit,f,,,,,,24,3
263,182648,521.879466323297,Far,229.662188380781,Southwest,Southwest,Isolated,Explicit,f,,,,,,24,3
263,186523,530.098176027976,Far,228.855565917535,Southwest,Southwest,Isolated,Explicit,f,,,,,,24,3
263,180100,538.551833594076,Far,229.995448866679,Southwest,Southwest,Isolated,Explicit,f,,,,,,24,3
263,190612,730.384750783206,Far,205.734813146797,Southwest,Southwest,Isolated,Explicit,f,,,,,,24,3
263,188861,774.673295000162,Far,196.458308376857,South,South,Isolated,Explicit,f,,,,,,24,3
263,190611,693.358559971639,Far,198.841992208407,South,South,Isolated,Explicit,f,,,,,,24,3
263,190614,699.065136601411,Far,192.778767864281,South,South,Isolated,Explicit,f,,,,,,24,3
263,181729,672.744830716418,Far,190.474145148136,South,South,Isolated,Explicit,f,,,,,,24,3
263,181756,689.915876957428,Far,189.482770271581,South,South,Isolated,Explicit,f,,,,,,24,3
263,190613,701.386322107193,Far,171.864060224979,South,South,Isolated,Explicit,f,,,,,,24,3
263,190610,702.180989869615,Far,171.980049260112,South,South,Isolated,Explicit,f,,,,,,24,3
263,190084,702.683535871557,Far,172.134566842422,South,South,Isolated,Explicit,f,,,,,,24,3
263,181809,702.730744329816,Far,172.170443182808,South,South,Isolated,Explicit,f,,,,,,24,3
263,190258,564.747240477658,Far,152.033026515365,Southeast,Southeast,Isolated,Explicit,f,,,,,,24,3
267,121,912.070373761951,Far,199.462405527382,South,South,Isolated,Explicit,f,,,,,,19,3
267,88,917.062868942487,Far,193.356428181138,South,South,Isolated,Explicit,f,,,,,,19,3
267,81,904.719485867219,Far,193.746405460632,South,South,Isolated,Explicit,f,,,,,,19,3
267,322,414.725169558852,Medium,196.906224795223,South,South,Isolated,Explicit,f,,,,,,19,3
267,490,744.412386574615,Far,350.446082833865,North,North,Isolated,Explicit,f,,,,,,19,3
267,420,919.615114791492,Far,183.84824746962,South,South,Isolated,Explicit,f,,,,,,19,3
267,417,917.248110893828,Far,183.695715954932,South,South,Isolated,Explicit,f,,,,,,19,3
267,200,788.373460428877,Far,176.766442473512,South,South,Isolated,Explicit,f,,,,,,19,3
267,216,123.525552686086,Close,13.054551819813,North,North,Isolated,Explicit,f,,,,,,19,3
267,412,972.188445237093,Far,166.052861457045,South,South,Isolated,Explicit,f,,,,,,19,3
267,424,962.692840510186,Far,164.481941418777,South,South,Isolated,Explicit,f,,,,,,19,3
267,180,888.674956493675,Far,160.196931878331,South,South,Isolated,Explicit,f,,,,,,19,3
267,363,828.743169293353,Far,156.286215022187,Southeast,Southeast,Isolated,Explicit,t,,,,,,19,3
267,367,838.425192217861,Far,156.667290285921,Southeast,Southeast,Isolated,Explicit,t,,,,,,19,3
267,184,833.592842701061,Far,156.158077704406,Southeast,Southeast,Isolated,Explicit,t,,,,,,19,3
267,372,837.005409498006,Far,135.228231827009,Southeast,Southeast,Isolated,Explicit,f,,,,,,19,3
278,138,487.425577196951,Medium,216.399946203413,Southwest,Southwest,Isolated,Explicit,f,,,,,,2,3
278,104,512.481462222359,Far,215.30587279845,Southwest,Southwest,Isolated,Explicit,f,,,,,,2,3
288,208,257.54470200396,Medium,113.103924744904,Southeast,Southeast,Isolated,Explicit,f,,,,,,5,3
288,448,943.955760573469,Far,142.268106830761,Southeast,Southeast,Isolated,Explicit,f,,,,,,5,3
288,429,827.118103941696,Far,139.15712637498,Southeast,Southeast,Isolated,Explicit,f,,,,,,5,3
288,144,776.623326811321,Far,137.333356722429,Southeast,Southeast,Isolated,Explicit,f,,,,,,5,3
288,147,766.075628584024,Far,138.795427975227,Southeast,Southeast,Isolated,Explicit,f,,,,,,5,3
291,406,911.203952579376,Far,68.809009855085,East,East,Isolated,Explicit,f,,,,,,5,3
291,413,895.20394604293,Far,133.671446566015,Southeast,Southeast,Isolated,Explicit,t,,,,,,5,3
291,447,840.732729189259,Far,150.478166823423,Southeast,Southeast,Isolated,Explicit,f,,,,,,5,3
291,23,919.252404475876,Far,277.983917450885,West,West,Isolated,Explicit,f,,,,,,5,3
295,12722,948.21384620609,Far,292.051370712114,West,West,Isolated,Explicit,t,,,,,,2,3
295,533,566.978162575801,Far,301.451016600059,Northwest,Northwest,Isolated,Explicit,f,,,,,,2,3
311,378,721.676428624911,Far,214.161763915879,Southwest,Southwest,Isolated,Explicit,f,,,,,,59,4
311,246,769.28393004002,Far,210.20916571575,Southwest,Southwest,Isolated,Explicit,f,,,,,,59,4
311,481,375.744360393035,Medium,256.444526044139,West,West,Isolated,Explicit,f,,,,,,59,4
311,35,732.128719681269,Far,207.69203446298,Southwest,Southwest,Isolated,Explicit,f,,,,,,59,4
311,266,605.267057745036,Far,338.83114071724,North,North,Isolated,Explicit,f,,,,,,59,4
311,323,747.187548188762,Far,345.571667566467,North,North,Isolated,Explicit,f,,,,,,59,4
311,488,464.463913071043,Medium,206.031757347173,Southwest,Southwest,Isolated,Explicit,f,,,,,,59,4
311,410,876.169293790317,Far,228.069559932612,Southwest,Southwest,Isolated,Explicit,f,,,,,,59,4
311,468,737.390039209218,Far,276.058848924606,West,West,Isolated,Explicit,f,,,,,,59,4
311,437,992.787260216248,Far,130.762504161389,Southeast,Southeast,Isolated,Explicit,f,,,,,,59,4
311,297,952.627485459164,Far,130.160470730972,Southeast,Southeast,Isolated,Explicit,f,,,,,,59,4
311,60,986.295753256472,Far,134.018109157502,Southeast,Southeast,Isolated,Explicit,t,,,,,,59,4
311,248,927.748533822782,Far,138.114250998688,Southeast,Southeast,Isolated,Explicit,f,,,,,,59,4
311,207,939.411068734585,Far,27.7891790619903,Northeast,Northeast,Isolated,Explicit,f,,,,,,59,4
311,427,513.865210387035,Far,55.9760512911369,Northeast,Northeast,Isolated,Explicit,f,,,,,,59,4
311,444,395.834276439028,Medium,66.5094294298928,Northeast,Northeast,Isolated,Explicit,t,,,,,,59,4
311,118,879.584284576024,Far,154.749223834749,Southeast,Southeast,Isolated,Explicit,f,,,,,,59,4
311,133,570.771256389718,Far,131.414125669453,Southeast,Southeast,Isolated,Explicit,f,,,,,,59,4
311,24,690.331821109907,Far,134.826435964356,Southeast,Southeast,Isolated,Explicit,t,,,,,,59,4
311,202,977.393689107169,Far,29.7558994671155,Northeast,Northeast,Isolated,Explicit,f,,,,,,59,4
311,446,675.164464918556,Far,48.0357828278413,Northeast,Northeast,Isolated,Explicit,f,,,,,,59,4
311,37,897.284803837991,Far,143.48305061322,Southeast,Southeast,Isolated,Explicit,f,,,,,,59,4
311,161,911.553531318076,Far,141.21696249173,Southeast,Southeast,Isolated,Explicit,f,,,,,,59,4
311,95,918.13018186216,Far,140.631370940788,Southeast,Southeast,Isolated,Explicit,f,,,,,,59,4
311,435,907.295816531103,Far,172.027648420189,South,South,Isolated,Explicit,f,,,,,,59,4
311,443,916.649200676944,Far,5.93987727560288,North,North,Isolated,Explicit,f,,,,,,59,4
311,442,174.31177754768,Close,110.010744475949,East,East,Isolated,Explicit,t,,,,,,59,4
311,111,910.081956805264,Far,171.092961299837,South,South,Isolated,Explicit,f,,,,,,59,4
311,236,906.278808046884,Far,169.141683185174,South,South,Isolated,Explicit,f,,,,,,59,4
311,304,211.458202899784,Medium,86.6372118302429,East,East,Isolated,Explicit,f,,,,,,59,4
311,302,229.825604724438,Medium,85.5601783803712,East,East,Isolated,Explicit,f,,,,,,59,4
311,301,248.688420318542,Medium,84.6528707030296,East,East,Isolated,Explicit,f,,,,,,59,4
311,148,258.074915799326,Medium,88.4730197788675,East,East,Isolated,Explicit,t,,,,,,59,4
311,145,260.572452413791,Medium,88.9809150441037,East,East,Isolated,Explicit,t,,,,,,59,4
311,160,843.259988089871,Far,159.411421402218,South,South,Isolated,Explicit,f,,,,,,59,4
311,227,290.037652341073,Medium,93.3914397874711,East,East,Isolated,Explicit,f,,,,,,59,4
311,150,994.280735065733,Far,14.8906530029654,North,North,Isolated,Explicit,f,,,,,,59,4
311,439,968.162465316478,Far,14.6787393704691,North,North,Isolated,Explicit,f,,,,,,59,4
311,303,233.729701503307,Medium,81.8064618556768,East,East,Isolated,Explicit,f,,,,,,59,4
311,300,970.300803869891,Far,13.2018442136543,North,North,Isolated,Explicit,f,,,,,,59,4
311,283,790.510879140279,Far,1.13403727064234,North,North,Isolated,Explicit,f,,,,,,59,4
311,276,891.715793545564,Far,354.510155984317,North,North,Isolated,Explicit,f,,,,,,59,4
311,262,738.052691137669,Far,351.207576477965,North,North,Isolated,Explicit,f,,,,,,59,4
311,256,621.278020902639,Far,351.610017424233,North,North,Isolated,Explicit,f,,,,,,59,4
311,218,510.659088922452,Far,350.811130603434,North,North,Isolated,Explicit,f,,,,,,59,4
311,494,725.491396134564,Far,184.964178914602,South,South,Isolated,Explicit,f,,,,,,59,4
311,33,838.636743921337,Far,183.75974414731,South,South,Isolated,Explicit,f,,,,,,59,4
311,482,446.313549800264,Medium,200.80565278788,South,South,Isolated,Explicit,t,,,,,,59,4
311,268,537.612496029624,Far,347.386573967469,North,North,Isolated,Explicit,f,,,,,,59,4
326,134,312.509933939397,Medium,246.947206354443,Southwest,Southwest,Isolated,Explicit,t,,,,,,3,3
326,260,987.050651878614,Far,115.985950087762,Southeast,Southeast,Isolated,Explicit,f,,,,,,3,3
326,199,817.882615792973,Far,94.3138898269349,East,East,Isolated,Explicit,f,,,,,,3,3
328,488,945.719914446566,Far,282.495499416718,West,West,Isolated,Explicit,f,,,,,,37,3
328,162,116.084715639367,Close,64.8883220168064,Northeast,Northeast,Isolated,Explicit,f,,,,,,37,3
328,437,41.7627028922898,VeryClose,128.947691956278,Southeast,Southeast,Isolated,Explicit,f,,,,,,37,3
328,60,64.2171743950573,Close,189.152457158831,South,South,Isolated,Explicit,f,,,,,,37,3
328,248,121.397158694692,Close,235.5202056958,Southwest,Southwest,Isolated,Explicit,f,,,,,,37,3
328,427,955.702280149216,Far,342.109772555755,North,North,Isolated,Explicit,f,,,,,,37,3
328,444,857.353001188518,Far,335.433044690783,Northwest,Northwest,Isolated,Explicit,t,,,,,,37,3
328,118,385.548493891194,Medium,243.243099399077,Southwest,Southwest,Isolated,Explicit,f,,,,,,37,3
328,133,380.346281718265,Medium,309.983873875271,Northwest,Northwest,Isolated,Explicit,f,,,,,,37,3
328,24,266.73125900659,Medium,300.482422659858,Northwest,Northwest,Isolated,Explicit,f,,,,,,37,3
328,37,210.379682280865,Medium,241.876506669371,Southwest,Southwest,Isolated,Explicit,f,,,,,,37,3
328,161,172.935933412049,Close,239.175495449651,Southwest,Southwest,Isolated,Explicit,f,,,,,,37,3
328,95,162.820778022939,Close,237.357090934862,Southwest,Southwest,Isolated,Explicit,f,,,,,,37,3
328,245,483.754542393481,Medium,54.7133231762932,Northeast,Northeast,Isolated,Explicit,f,,,,,,37,3
328,381,797.750339163774,Far,45.6133108722624,Northeast,Northeast,Isolated,Explicit,f,,,,,,37,3
328,100,213.497009833297,Medium,54.2208885686616,Northeast,Northeast,Isolated,Explicit,f,,,,,,37,3
328,484,923.193894689643,Far,245.468101603338,Southwest,Southwest,Isolated,Explicit,t,,,,,,37,3
328,353,795.699813738814,Far,230.873907144658,Southwest,Southwest,Isolated,Explicit,f,,,,,,37,3
328,435,654.903388402029,Far,245.020312099803,Southwest,Southwest,Isolated,Explicit,t,,,,,,37,3
328,442,790.563330252728,Far,315.339409850836,Northwest,Northwest,Isolated,Explicit,f,,,,,,37,3
328,111,641.523313260244,Far,244.404867047302,Southwest,Southwest,Isolated,Explicit,f,,,,,,37,3
328,236,610.739708943404,Far,243.962529239921,Southwest,Southwest,Isolated,Explicit,f,,,,,,37,3
328,304,812.943628627365,Far,321.291096252011,Northwest,Northwest,Isolated,Explicit,f,,,,,,37,3
328,302,806.053841905415,Far,322.531415813576,Northwest,Northwest,Isolated,Explicit,f,,,,,,37,3
328,301,799.292269549257,Far,323.817146664053,Northwest,Northwest,Isolated,Explicit,f,,,,,,37,3
328,148,780.012246598588,Far,323.725614264735,Northwest,Northwest,Isolated,Explicit,f,,,,,,37,3
328,145,776.697027672093,Far,323.779262663722,Northwest,Northwest,Isolated,Explicit,f,,,,,,37,3
328,160,454.880385124967,Medium,248.402054663028,West,West,Isolated,Explicit,f,,,,,,37,3
328,227,742.055638794018,Far,324.591364716642,Northwest,Northwest,Isolated,Explicit,f,,,,,,37,3
328,303,817.104820064847,Far,323.316311406513,Northwest,Northwest,Isolated,Explicit,f,,,,,,37,3
328,494,788.727166847083,Far,262.656967194142,West,West,Isolated,Explicit,f,,,,,,37,3
328,33,803.72547175923,Far,254.493910089507,West,West,Isolated,Explicit,f,,,,,,37,3
328,482,901.568316631864,Far,283.126873987922,West,West,Isolated,Explicit,f,,,,,,37,3
342,380,990.084205384894,Far,279.378698224512,West,West,Isolated,Explicit,f,,,,,,87,4
342,529,606.68307015411,Far,296.518150904102,Northwest,Northwest,Isolated,Explicit,f,,,,,,87,4
342,284,487.78615143143,Medium,258.320279780909,West,West,Isolated,Explicit,f,,,,,,87,4
342,413,809.037762108569,Far,311.641719041601,Northwest,Northwest,Isolated,Explicit,f,,,,,,87,4
342,91,684.484745593398,Far,290.718590149939,West,West,Isolated,Explicit,t,,,,,,87,4
342,129,674.813415422615,Far,289.5497248923,West,West,Isolated,Explicit,f,,,,,,87,4
342,52,672.137276372035,Far,287.626781506333,West,West,Isolated,Explicit,f,,,,,,87,4
342,85,679.8689586241,Far,287.826470048679,West,West,Isolated,Explicit,f,,,,,,87,4
342,71,679.966707827212,Far,287.804284687092,West,West,Isolated,Explicit,f,,,,,,87,4
342,79,685.83858944007,Far,289.583402434796,West,West,Isolated,Explicit,f,,,,,,87,4
342,107,688.120676967245,Far,288.483824620763,West,West,Isolated,Explicit,f,,,,,,87,4
342,158,678.078323217238,Far,283.970365400548,West,West,Isolated,Explicit,f,,,,,,87,4
342,75,672.178657686644,Far,284.588788944734,West,West,Isolated,Explicit,f,,,,,,87,4
342,220,684.240491057933,Far,287.672746992403,West,West,Isolated,Explicit,f,,,,,,87,4
342,123,672.028013121279,Far,284.806857925526,West,West,Isolated,Explicit,f,,,,,,87,4
342,64,673.587550572095,Far,291.152832981003,West,West,Isolated,Explicit,t,,,,,,87,4
342,122,653.163125785182,Far,289.302132611139,West,West,Isolated,Explicit,f,,,,,,87,4
342,69,652.478694833906,Far,290.293990868301,West,West,Isolated,Explicit,t,,,,,,87,4
342,219,696.027210479185,Far,285.915549921869,West,West,Isolated,Explicit,f,,,,,,87,4
342,58,716.235941266059,Far,289.499333080134,West,West,Isolated,Explicit,f,,,,,,87,4
342,99,713.33038980295,Far,288.807978177938,West,West,Isolated,Explicit,f,,,,,,87,4
342,59,721.073522894177,Far,288.714899022976,West,West,Isolated,Explicit,f,,,,,,87,4
342,343,769.074590742817,Far,278.444518329282,West,West,Isolated,Explicit,f,,,,,,87,4
342,403,769.268439051341,Far,278.409088973686,West,West,Isolated,Explicit,f,,,,,,87,4
342,54,762.052921205854,Far,280.327191423133,West,West,Isolated,Explicit,f,,,,,,87,4
342,447,939.09043060007,Far,296.851024972165,Northwest,Northwest,Isolated,Explicit,f,,,,,,87,4
342,189,655.058300784732,Far,10.9108317484174,North,North,Isolated,Explicit,f,,,,,,87,4
342,434,149.608501832016,Close,82.9822684689614,East,East,Isolated,Explicit,f,,,,,,87,4
342,247,917.916382631103,Far,170.857023698642,South,South,Isolated,Explicit,f,,,,,,87,4
342,132,898.638967223963,Far,170.491965488992,South,South,Isolated,Explicit,f,,,,,,87,4
342,231,429.799633015034,Medium,162.305597458941,South,South,Isolated,Explicit,f,,,,,,87,4
342,242,427.266323187289,Medium,166.257660179296,South,South,Isolated,Explicit,f,,,,,,87,4
342,42,888.710303007181,Far,176.029845989652,South,South,Isolated,Explicit,f,,,,,,87,4
342,116,525.868034767316,Far,3.04584709988097,North,North,Isolated,Explicit,f,,,,,,87,4
342,416,590.85434659663,Far,358.61778610725,North,North,Isolated,Explicit,t,,,,,,87,4
342,451,32.098243517748,VeryClose,202.998113940762,Southwest,Southwest,Isolated,Explicit,f,,,,,,87,4
342,72,30.8176272320487,VeryClose,171.079016516093,South,South,Isolated,Explicit,f,,,,,,87,4
342,159,37.8001794493006,VeryClose,137.62626062183,Southeast,Southeast,Isolated,Explicit,f,,,,,,87,4
342,38,35.1471654252983,VeryClose,121.589886476155,Southeast,Southeast,Isolated,Explicit,f,,,,,,87,4
342,205,520.084822995706,Far,355.526124382714,North,North,Isolated,Explicit,f,,,,,,87,4
342,364,522.446364772472,Far,356.812948164535,North,North,Isolated,Explicit,f,,,,,,87,4
342,191,959.53199734534,Far,356.877143565269,North,North,Isolated,Explicit,f,,,,,,87,4
342,43,952.0406215612,Far,358.28525269886,North,North,Isolated,Explicit,t,,,,,,87,4
342,251,959.878416854074,Far,358.559751863891,North,North,Isolated,Explicit,t,,,,,,87,4
342,190,956.945916288389,Far,358.646193761939,North,North,Isolated,Explicit,t,,,,,,87,4
342,239,886.074073279863,Far,358.706210794118,North,North,Isolated,Explicit,t,,,,,,87,4
342,232,891.498147360239,Far,359.345935775745,North,North,Isolated,Explicit,t,,,,,,87,4
342,332,988.906234329787,Far,0.411901084694339,North,North,Isolated,Explicit,f,,,,,,87,4
342,56,983.691602101716,Far,0.511180462385073,North,North,Isolated,Explicit,f,,,,,,87,4
342,103,994.242027740696,Far,0.634957516933969,North,North,Isolated,Explicit,f,,,,,,87,4
342,537,993.859725727091,Far,1.08000894366871,North,North,Isolated,Explicit,f,,,,,,87,4
342,397,970.093581228988,Far,1.01240252677672,North,North,Isolated,Explicit,f,,,,,,87,4
342,419,898.558788624527,Far,1.95323446770758,North,North,Isolated,Explicit,f,,,,,,87,4
342,244,588.593546219181,Far,332.414529177598,Northwest,Northwest,Isolated,Explicit,f,,,,,,87,4
342,338,589.916273456721,Far,333.740757189254,Northwest,Northwest,Isolated,Explicit,f,,,,,,87,4
342,130,602.901349081391,Far,330.121659860024,Northwest,Northwest,Isolated,Explicit,f,,,,,,87,4
342,185,829.470361163141,Far,192.771747453511,South,South,Isolated,Explicit,f,,,,,,87,4
342,198,263.187042949858,Medium,312.703917702672,Northwest,Northwest,Isolated,Explicit,t,,,,,,87,4
342,418,924.08467874795,Far,189.466099353507,South,South,Isolated,Explicit,f,,,,,,87,4
342,450,619.649637055947,Far,159.943160316088,South,South,Isolated,Explicit,f,,,,,,87,4
342,374,389.169600603623,Medium,147.227106124612,Southeast,Southeast,Isolated,Explicit,f,,,,,,87,4
342,186,491.608627572083,Medium,143.366441600659,Southeast,Southeast,Isolated,Explicit,f,,,,,,87,4
342,181,492.358318685788,Medium,143.144131383493,Southeast,Southeast,Isolated,Explicit,f,,,,,,87,4
342,48,379.342405616864,Medium,129.42093548783,Southeast,Southeast,Isolated,Explicit,f,,,,,,87,4
342,401,272.455213672617,Medium,69.216265059757,East,East,Isolated,Explicit,f,,,,,,87,4
342,117,264.84538274729,Medium,103.723927513218,East,East,Isolated,Explicit,f,,,,,,87,4
342,405,322.232574971997,Medium,120.839872818059,Southeast,Southeast,Isolated,Explicit,f,,,,,,87,4
342,169,308.254992746974,Medium,115.448862023751,Southeast,Southeast,Isolated,Explicit,f,,,,,,87,4
342,47,323.011149594388,Medium,116.753315685165,Southeast,Southeast,Isolated,Explicit,f,,,,,,87,4
342,534,756.041679905875,Far,16.2767862134753,North,North,Isolated,Explicit,f,,,,,,87,4
342,108,340.195156785323,Medium,111.589106831178,East,East,Isolated,Explicit,t,,,,,,87,4
342,255,376.357891708312,Medium,126.206660514966,Southeast,Southeast,Isolated,Explicit,f,,,,,,87,4
342,193042,742.128780049292,Far,99.4388153289214,East,East,Isolated,Explicit,f,,,,,,87,4
347,497,475.499006841429,Medium,327.539724026558,Northwest,Northwest,Isolated,Explicit,f,,,,,,28,3
347,479,754.348939946884,Far,326.184631242898,Northwest,Northwest,Isolated,Explicit,f,,,,,,28,3
347,207,654.963345709881,Far,307.176081530005,Northwest,Northwest,Isolated,Explicit,f,,,,,,28,3
347,427,554.011613153036,Far,254.530642040269,West,West,Isolated,Explicit,f,,,,,,28,3
347,444,658.173184446788,Far,245.06139668669,Southwest,Southwest,Isolated,Explicit,t,,,,,,28,3
347,133,971.357817500557,Far,213.193402386315,Southwest,Southwest,Isolated,Explicit,f,,,,,,28,3
347,202,629.398622693859,Far,311.036678389372,Northwest,Northwest,Isolated,Explicit,f,,,,,,28,3
347,446,458.093237683367,Medium,272.022163234264,West,West,Isolated,Explicit,f,,,,,,28,3
347,245,793.009216092909,Far,168.763880731125,South,South,Isolated,Explicit,f,,,,,,28,3
347,381,598.303362467856,Far,146.55516816432,Southeast,Southeast,Isolated,Explicit,f,,,,,,28,3
347,100,934.849888693708,Far,184.119089600374,South,South,Isolated,Explicit,f,,,,,,28,3
347,443,987.507323314407,Far,298.846159500094,Northwest,Northwest,Isolated,Explicit,f,,,,,,28,3
347,442,937.368753892441,Far,238.128598625474,Southwest,Southwest,Isolated,Explicit,f,,,,,,28,3
347,304,859.912977645139,Far,240.542071901178,Southwest,Southwest,Isolated,Explicit,f,,,,,,28,3
347,302,841.564524187096,Far,240.25737177279,Southwest,Southwest,Isolated,Explicit,f,,,,,,28,3
347,301,822.868722521681,Far,239.944836375489,Southwest,Southwest,Isolated,Explicit,f,,,,,,28,3
347,148,822.276181312114,Far,238.599629082663,Southwest,Southwest,Isolated,Explicit,f,,,,,,28,3
347,145,821.276249207981,Far,238.373467985503,Southwest,Southwest,Isolated,Explicit,f,,,,,,28,3
347,227,808.716971970137,Far,235.980813888991,Southwest,Southwest,Isolated,Explicit,f,,,,,,28,3
347,150,878.823423128771,Far,306.73158780958,Northwest,Northwest,Isolated,Explicit,f,,,,,,28,3
347,487,926.94904651424,Far,310.909778400313,Northwest,Northwest,Isolated,Explicit,f,,,,,,28,3
347,439,872.80293060524,Far,305.05200930896,Northwest,Northwest,Isolated,Explicit,f,,,,,,28,3
347,303,832.040383216972,Far,241.109873811029,Southwest,Southwest,Isolated,Explicit,f,,,,,,28,3
347,300,896.906447664147,Far,304.604586134929,Northwest,Northwest,Isolated,Explicit,f,,,,,,28,3
347,465,989.376445701687,Far,314.542050059369,Northwest,Northwest,Isolated,Explicit,t,,,,,,28,3
361,323,875.92190444844,Far,194.023715909299,South,South,Isolated,Explicit,f,,,,,,16,3
361,320,652.788491020453,Far,260.312840855771,West,West,Isolated,Explicit,f,,,,,,16,3
361,479,725.031979564237,Far,134.857868476388,Southeast,Southeast,Isolated,Explicit,t,,,,,,16,3
361,207,848.979361423318,Far,150.977015646201,Southeast,Southeast,Isolated,Explicit,f,,,,,,16,3
361,202,858.013685342525,Far,147.658593913743,Southeast,Southeast,Isolated,Explicit,f,,,,,,16,3
361,443,665.273912238191,Far,174.065932813816,South,South,Isolated,Explicit,f,,,,,,16,3
361,150,654.101158335669,Far,159.466914736712,South,South,Isolated,Explicit,f,,,,,,16,3
361,487,580.060319026329,Far,156.292843258961,Southeast,Southeast,Isolated,Explicit,t,,,,,,16,3
361,439,673.556672336988,Far,161.003402737688,South,South,Isolated,Explicit,f,,,,,,16,3
361,300,658.4765107545,Far,162.726933668234,South,South,Isolated,Explicit,f,,,,,,16,3
361,465,499.531868878321,Medium,152.767069613621,Southeast,Southeast,Isolated,Explicit,f,,,,,,16,3
361,283,783.150283420919,Far,180.763476958443,South,South,Isolated,Explicit,f,,,,,,16,3
361,276,694.79836765786,Far,189.225503015932,South,South,Isolated,Explicit,f,,,,,,16,3
361,262,855.409079988873,Far,189.344690898317,South,South,Isolated,Explicit,f,,,,,,16,3
361,256,965.887452729305,Far,186.941390680943,South,South,Isolated,Explicit,f,,,,,,16,3
361,271,566.102464333554,Far,195.33875386263,South,South,Isolated,Explicit,f,,,,,,16,3
387,363,940.387017180114,Far,238.782528669479,Southwest,Southwest,Isolated,Explicit,f,,,,,,74,4
387,367,947.218925211442,Far,238.24704644039,Southwest,Southwest,Isolated,Explicit,f,,,,,,74,4
387,184,939.185342309039,Far,238.474476425722,Southwest,Southwest,Isolated,Explicit,f,,,,,,74,4
387,234,941.626898765856,Far,225.86787184342,Southwest,Southwest,Isolated,Explicit,f,,,,,,74,4
387,191556,965.608805771087,Far,124.310833495563,Southeast,Southeast,Isolated,Explicit,f,,,,,,74,4
387,187015,676.223521092262,Far,123.837154710232,Southeast,Southeast,Isolated,Explicit,f,,,,,,74,4
387,186495,663.009905929228,Far,122.634107013209,Southeast,Southeast,Isolated,Explicit,f,,,,,,74,4
387,182669,618.573896184713,Far,119.969210486169,Southeast,Southeast,Isolated,Explicit,f,,,,,,74,4
387,185628,620.701639724751,Far,120.010880185006,Southeast,Southeast,Isolated,Explicit,f,,,,,,74,4
387,184012,637.62803229666,Far,121.160374624216,Southeast,Southeast,Isolated,Explicit,f,,,,,,74,4
387,180987,790.439172284904,Far,135.734475998915,Southeast,Southeast,Isolated,Explicit,f,,,,,,74,4
387,185762,543.100944592729,Far,113.468743160518,Southeast,Southeast,Isolated,Explicit,f,,,,,,74,4
387,184688,556.268515911348,Far,115.47845924052,Southeast,Southeast,Isolated,Explicit,f,,,,,,74,4
387,192171,586.310630670755,Far,117.717710185043,Southeast,Southeast,Isolated,Explicit,f,,,,,,74,4
387,190732,571.113427727937,Far,116.358067029833,Southeast,Southeast,Isolated,Explicit,f,,,,,,74,4
387,185009,708.090646303768,Far,140.569315904928,Southeast,Southeast,Isolated,Explicit,f,,,,,,74,4
387,191866,699.423311461621,Far,140.75394888789,Southeast,Southeast,Isolated,Explicit,f,,,,,,74,4
387,191946,693.960271966472,Far,141.243528868022,Southeast,Southeast,Isolated,Explicit,f,,,,,,74,4
387,190572,613.502724898479,Far,136.761988753782,Southeast,Southeast,Isolated,Explicit,f,,,,,,74,4
387,183023,380.03611043983,Medium,107.180991233286,East,East,Isolated,Explicit,f,,,,,,74,4
387,431,671.942729696106,Far,353.779935289675,North,North,Isolated,Explicit,f,,,,,,74,4
387,189827,960.326193765014,Far,13.154086993497,North,North,Isolated,Explicit,f,,,,,,74,4
387,270,973.26961502024,Far,215.573896762486,Southwest,Southwest,Isolated,Explicit,f,,,,,,74,4
387,372,636.044960449059,Far,239.498950236074,Southwest,Southwest,Isolated,Explicit,f,,,,,,74,4
387,141,825.294079735004,Far,213.474141799408,Southwest,Southwest,Isolated,Explicit,f,,,,,,74,4
387,82,265.427437865479,Medium,205.81645673358,Southwest,Southwest,Isolated,Explicit,f,,,,,,74,4
387,164,231.968474349692,Medium,208.245225753998,Southwest,Southwest,Isolated,Explicit,f,,,,,,74,4
387,83,266.78027658769,Medium,206.312226168054,Southwest,Southwest,Isolated,Explicit,f,,,,,,74,4
387,67,330.905921090408,Medium,184.97615624053,South,South,Isolated,Explicit,f,,,,,,74,4
387,94,312.476786249965,Medium,185.096953514304,South,South,Isolated,Explicit,f,,,,,,74,4
387,106,348.007933381385,Medium,185.111498690021,South,South,Isolated,Explicit,f,,,,,,74,4
387,344,263.243297162193,Medium,192.630119023639,South,South,Isolated,Explicit,f,,,,,,74,4
387,153,211.104556994394,Medium,177.708081723507,South,South,Isolated,Explicit,t,,,,,,74,4
387,62,262.751933583533,Medium,178.393792461156,South,South,Isolated,Explicit,t,,,,,,74,4
387,179,198.778497374312,Close,180.057924326024,South,South,Isolated,Explicit,f,,,,,,74,4
387,63,273.690255342123,Medium,180.366269912835,South,South,Isolated,Explicit,f,,,,,,74,4
387,229,225.98633424328,Medium,179.635729236758,South,South,Isolated,Explicit,t,,,,,,74,4
387,345,186.431019219396,Close,172.535746717346,South,South,Isolated,Explicit,f,,,,,,74,4
387,287,683.136498027999,Far,177.437961633631,South,South,Isolated,Explicit,f,,,,,,74,4
387,241,661.743430652433,Far,172.504894673351,South,South,Isolated,Explicit,f,,,,,,74,4
387,25,197.690878145813,Close,162.285572973117,South,South,Isolated,Explicit,f,,,,,,74,4
387,453,209.841100501204,Medium,166.079447783841,South,South,Isolated,Explicit,f,,,,,,74,4
387,10,211.91361350674,Medium,167.203604465276,South,South,Isolated,Explicit,f,,,,,,74,4
387,171,623.785150922678,Far,169.765862594471,South,South,Isolated,Explicit,f,,,,,,74,4
387,294,682.617450027289,Far,167.031399316683,South,South,Isolated,Explicit,f,,,,,,74,4
387,192283,793.113870198142,Far,158.100788646175,South,South,Isolated,Explicit,f,,,,,,74,4
387,190495,796.309919007262,Far,156.401084688058,Southeast,Southeast,Isolated,Explicit,t,,,,,,74,4
387,189341,811.272581283426,Far,154.501807294771,Southeast,Southeast,Isolated,Explicit,f,,,,,,74,4
396,378,928.567308071336,Far,91.2051009839704,East,East,Isolated,Explicit,f,,,,,,15,3
396,246,950.541102919102,Far,95.2626345481761,East,East,Isolated,Explicit,f,,,,,,15,3
396,35,995.88046484015,Far,94.0677268906145,East,East,Isolated,Explicit,f,,,,,,15,3
396,410,681.819114983069,Far,90.660077252594,East,East,Isolated,Explicit,f,,,,,,15,3
396,468,888.834300176819,Far,42.4866326002851,Northeast,Northeast,Isolated,Explicit,f,,,,,,15,3
396,215,862.323089643969,Far,12.2416860813767,North,North,Isolated,Explicit,f,,,,,,15,3
402,208,704.450943577946,Far,333.107581713818,Northwest,Northwest,Isolated,Explicit,f,,,,,,5,3
402,429,104.63406081304,Close,351.979800130026,North,North,Isolated,Explicit,f,,,,,,5,3
402,144,160.939599427522,Close,349.553583133747,North,North,Isolated,Explicit,f,,,,,,5,3
402,147,161.201224170408,Close,341.604416818843,North,North,Isolated,Explicit,f,,,,,,5,3
414,191618,284.644700945628,Medium,223.665371837891,Southwest,Southwest,Isolated,Explicit,t,,,,,,28,3
414,398,247.845983406683,Medium,257.949386641908,West,West,Isolated,Explicit,f,,,,,,28,3
414,318,418.534655775665,Medium,282.377909448666,West,West,Isolated,Explicit,f,,,,,,28,3
414,385,495.094687441541,Medium,300.025839841398,Northwest,Northwest,Isolated,Explicit,f,,,,,,28,3
414,193208,839.792025181855,Far,246.901867934036,Southwest,Southwest,Isolated,Explicit,t,,,,,,28,3
414,190612,915.862590766333,Far,231.494986564274,Southwest,Southwest,Isolated,Explicit,f,,,,,,28,3
414,188861,901.389300155842,Far,223.37542777961,Southwest,Southwest,Isolated,Explicit,t,,,,,,28,3
414,190611,843.743932673777,Far,227.643653700941,Southwest,Southwest,Isolated,Explicit,f,,,,,,28,3
414,188832,636.181357958116,Far,244.138148424011,Southwest,Southwest,Isolated,Explicit,f,,,,,,28,3
414,190614,812.393959368554,Far,223.014147698501,Southwest,Southwest,Isolated,Explicit,t,,,,,,28,3
414,181729,775.62404275011,Far,222.286882813006,Southwest,Southwest,Isolated,Explicit,f,,,,,,28,3
414,181756,784.069040665381,Far,220.888029304017,Southwest,Southwest,Isolated,Explicit,f,,,,,,28,3
414,190613,676.856957338454,Far,206.339312747722,Southwest,Southwest,Isolated,Explicit,f,,,,,,28,3
414,190610,678.31589057818,Far,206.400368153343,Southwest,Southwest,Isolated,Explicit,f,,,,,,28,3
414,190084,679.800725659177,Far,206.508301692319,Southwest,Southwest,Isolated,Explicit,f,,,,,,28,3
414,181809,680.088091285007,Far,206.536659975225,Southwest,Southwest,Isolated,Explicit,f,,,,,,28,3
414,190258,432.57156415675,Medium,198.147210860807,South,South,Isolated,Explicit,f,,,,,,28,3
414,192929,889.460809620881,Far,143.97825837239,Southeast,Southeast,Isolated,Explicit,f,,,,,,28,3
414,192930,839.572176346426,Far,150.107119345622,Southeast,Southeast,Isolated,Explicit,f,,,,,,28,3
414,290,508.688064721222,Far,55.31604855708,Northeast,Northeast,Isolated,Explicit,f,,,,,,28,3
414,515,526.498115763948,Far,93.2720515475322,East,East,Isolated,Explicit,f,,,,,,28,3
414,514,602.428692064636,Far,92.4386413458145,East,East,Isolated,Explicit,f,,,,,,28,3
415,378,222.940118863569,Medium,278.059589630674,West,West,Isolated,Explicit,f,,,,,,51,4
415,481,569.77924872236,Far,341.502333543247,North,North,Isolated,Explicit,f,,,,,,51,4
415,488,211.95108041337,Medium,354.766491195027,North,North,Isolated,Explicit,f,,,,,,51,4
415,491,941.055937659054,Far,193.309643728239,South,South,Isolated,Explicit,f,,,,,,51,4
415,459,790.949847502455,Far,196.251572961526,South,South,Isolated,Explicit,f,,,,,,51,4
415,500,855.964232072258,Far,200.100067446446,South,South,Isolated,Explicit,t,,,,,,51,4
415,468,894.384136907508,Far,322.152083416963,Northwest,Northwest,Isolated,Explicit,f,,,,,,51,4
415,437,936.674605369744,Far,91.2114699497154,East,East,Isolated,Explicit,f,,,,,,51,4
415,297,912.650845706811,Far,89.1189558458015,East,East,Isolated,Explicit,t,,,,,,51,4
415,60,895.583627608504,Far,93.6459408937465,East,East,Isolated,Explicit,f,,,,,,51,4
415,248,806.323244341348,Far,94.4296274201705,East,East,Isolated,Explicit,f,,,,,,51,4
415,444,958.066380718407,Far,34.8549397703602,Northeast,Northeast,Isolated,Explicit,f,,,,,,51,4
415,118,584.138501231911,Far,106.625168791068,East,East,Isolated,Explicit,f,,,,,,51,4
415,133,661.927604603115,Far,67.7302965051768,East,East,Isolated,Explicit,f,,,,,,51,4
415,24,688.863506988608,Far,78.1248130296526,East,East,Isolated,Explicit,f,,,,,,51,4
415,37,724.402792865477,Far,97.3536430617505,East,East,Isolated,Explicit,f,,,,,,51,4
415,161,759.933379738318,Far,96.2070562437468,East,East,Isolated,Explicit,f,,,,,,51,4
415,95,771.188049863124,Far,96.0572194908219,East,East,Isolated,Explicit,f,,,,,,51,4
415,19,681.991476677371,Far,176.567136030122,South,South,Isolated,Explicit,f,,,,,,51,4
415,351,819.304102953107,Far,175.038669268513,South,South,Isolated,Explicit,f,,,,,,51,4
415,2,941.45480315238,Far,172.061658773729,South,South,Isolated,Explicit,f,,,,,,51,4
415,353,572.612294542475,Far,149.952847895625,Southeast,Southeast,Isolated,Explicit,f,,,,,,51,4
415,435,411.430555917874,Medium,131.035472242489,Southeast,Southeast,Isolated,Explicit,f,,,,,,51,4
415,442,666.933500858895,Far,31.4820997827808,Northeast,Northeast,Isolated,Explicit,f,,,,,,51,4
415,111,423.286016202734,Medium,129.755206315691,Southeast,Southeast,Isolated,Explicit,f,,,,,,51,4
415,236,441.186312414619,Medium,126.372984771087,Southeast,Southeast,Isolated,Explicit,f,,,,,,51,4
415,304,753.089678879985,Far,31.6886117330623,Northeast,Northeast,Isolated,Explicit,f,,,,,,51,4
415,302,767.253628480944,Far,32.623751705695,Northeast,Northeast,Isolated,Explicit,f,,,,,,51,4
415,301,781.848220561937,Far,33.5510814429152,Northeast,Northeast,Isolated,Explicit,f,,,,,,51,4
415,148,774.202046255137,Far,34.8578331168888,Northeast,Northeast,Isolated,Explicit,f,,,,,,51,4
415,145,773.825368429812,Far,35.10754799922,Northeast,Northeast,Isolated,Explicit,f,,,,,,51,4
415,160,507.2663925732,Far,108.503657341027,East,East,Isolated,Explicit,f,,,,,,51,4
415,227,773.525255279361,Far,37.7940412041494,Northeast,Northeast,Isolated,Explicit,f,,,,,,51,4
415,303,781.541832822408,Far,32.1466972393882,Northeast,Northeast,Isolated,Explicit,f,,,,,,51,4
415,33,245.382782643444,Medium,148.142796508568,Southeast,Southeast,Isolated,Explicit,f,,,,,,51,4
415,482,212.793622422906,Medium,7.01155207028207,North,North,Isolated,Explicit,f,,,,,,51,4
457,471,994.490089644191,Far,321.451475327459,Northwest,Northwest,Isolated,Explicit,f,,,,,,17,3
457,193,263.255987423358,Medium,69.9251984663669,East,East,Isolated,Explicit,f,,,,,,17,3
457,154,267.019462059031,Medium,87.1451612554167,East,East,Isolated,Explicit,f,,,,,,17,3
457,228,442.109797447838,Medium,146.269509392117,Southeast,Southeast,Isolated,Explicit,f,,,,,,17,3
457,337,700.309178820742,Far,172.029341540703,South,South,Isolated,Explicit,f,,,,,,17,3
457,225,813.551361000692,Far,176.881354558749,South,South,Isolated,Explicit,f,,,,,,17,3
457,492,976.466986868974,Far,4.66371367174411,North,North,Isolated,Explicit,f,,,,,,17,3
457,496,169.754315404884,Close,70.040319492601,East,East,Isolated,Explicit,f,,,,,,17,3
457,483,424.88119450307,Medium,206.972129098637,Southwest,Southwest,Isolated,Explicit,f,,,,,,17,3
457,480,728.734784290633,Far,113.850865670637,Southeast,Southeast,Isolated,Explicit,f,,,,,,17,3
457,382,606.642792628946,Far,130.357263215168,Southeast,Southeast,Isolated,Explicit,f,,,,,,17,3
457,493,496.240341337517,Medium,114.633625799693,Southeast,Southeast,Isolated,Explicit,f,,,,,,17,3
457,477,863.391764170346,Far,86.3127413707049,East,East,Isolated,Explicit,f,,,,,,17,3
457,349,865.934580662475,Far,91.3440452752814,East,East,Isolated,Explicit,f,,,,,,17,3
457,506,882.076676153135,Far,111.634136367644,East,East,Isolated,Explicit,t,,,,,,17,3
457,501,966.574567168574,Far,85.7552233163169,East,East,Isolated,Explicit,f,,,,,,17,3
473,212,591.56218641528,Far,130.985813159444,Southeast,Southeast,Isolated,Explicit,f,,,,,,10,3
473,214,572.545516995429,Far,112.454434855867,East,East,Isolated,Explicit,t,,,,,,10,3
473,228,827.175831565146,Far,35.9963196880015,Northeast,Northeast,Isolated,Explicit,f,,,,,,10,3
473,337,481.655935319043,Medium,44.5288344343872,Northeast,Northeast,Isolated,Explicit,t,,,,,,10,3
473,224,411.042004565326,Medium,100.514666054047,East,East,Isolated,Explicit,f,,,,,,10,3
473,483,659.993672573106,Far,4.16660201791491,North,North,Isolated,Explicit,f,,,,,,10,3
473,478,805.561241346157,Far,173.770604012743,South,South,Isolated,Explicit,f,,,,,,10,3
473,382,953.394409331696,Far,47.5017510986068,Northeast,Northeast,Isolated,Explicit,f,,,,,,10,3
495,320,917.355584095762,Far,48.0088326879938,Northeast,Northeast,Isolated,Explicit,f,,,,,,6,3
495,468,957.256940822679,Far,143.756210940185,Southeast,Southeast,Isolated,Explicit,f,,,,,,6,3
495,215,603.328898215227,Far,165.755020021281,South,South,Isolated,Explicit,f,,,,,,6,3
495,505,539.873835619607,Far,16.6946644156147,North,North,Isolated,Explicit,f,,,,,,6,3
502,476,457.164036539511,Medium,152.69529245925,Southeast,Southeast,Isolated,Explicit,f,,,,,,43,3
502,380,431.92482117728,Medium,112.012237905076,East,East,Isolated,Explicit,t,,,,,,43,3
502,529,836.074015250791,Far,93.5904240368666,East,East,Isolated,Explicit,f,,,,,,43,3
502,284,993.655035372995,Far,115.129967569363,Southeast,Southeast,Isolated,Explicit,f,,,,,,43,3
502,413,801.863791321166,Far,74.4953827004283,East,East,Isolated,Explicit,f,,,,,,43,3
502,91,741.51563690109,Far,96.2770774475538,East,East,Isolated,Explicit,f,,,,,,43,3
502,129,747.750806705084,Far,97.4861140812183,East,East,Isolated,Explicit,f,,,,,,43,3
502,52,746.369400875397,Far,99.228522812112,East,East,Isolated,Explicit,f,,,,,,43,3
502,85,739.07894172069,Far,98.9593059054538,East,East,Isolated,Explicit,f,,,,,,43,3
502,71,738.941867435487,Far,98.9783089711984,East,East,Isolated,Explicit,f,,,,,,43,3
502,79,737.058418324846,Far,97.2763490392693,East,East,Isolated,Explicit,f,,,,,,43,3
502,107,732.243620446958,Far,98.2499597750222,East,East,Isolated,Explicit,f,,,,,,43,3
502,158,736.746357422449,Far,102.505411774519,East,East,Isolated,Explicit,f,,,,,,43,3
502,75,742.902650968371,Far,101.957756953804,East,East,Isolated,Explicit,f,,,,,,43,3
502,220,734.479997434434,Far,99.0482661651239,East,East,Isolated,Explicit,f,,,,,,43,3
502,123,743.179777569902,Far,101.761324133451,East,East,Isolated,Explicit,f,,,,,,43,3
502,64,753.36367548906,Far,96.1081438556159,East,East,Isolated,Explicit,f,,,,,,43,3
502,122,768.373590129929,Far,98.0294445508634,East,East,Isolated,Explicit,f,,,,,,43,3
502,69,771.425900031273,Far,97.2180772243953,East,East,Isolated,Explicit,f,,,,,,43,3
502,219,720.210493600628,Far,100.5904722787,East,East,Isolated,Explicit,f,,,,,,43,3
502,58,707.157385141631,Far,96.8345864634441,East,East,Isolated,Explicit,f,,,,,,43,3
502,99,708.213606316016,Far,97.566455322186,East,East,Isolated,Explicit,f,,,,,,43,3
502,59,700.391697002779,Far,97.5369755310757,East,East,Isolated,Explicit,f,,,,,,43,3
502,343,651.428155687926,Far,108.833255645626,East,East,Isolated,Explicit,f,,,,,,43,3
502,403,651.323601982934,Far,108.877487424702,East,East,Isolated,Explicit,f,,,,,,43,3
502,54,654.739830249685,Far,106.560427468782,East,East,Isolated,Explicit,f,,,,,,43,3
502,51,654.225850378852,Far,106.836758469161,East,East,Isolated,Explicit,f,,,,,,43,3
502,447,548.808125959718,Far,79.4025075597671,East,East,Isolated,Explicit,f,,,,,,43,3
502,359,434.019010726469,Medium,198.946890458452,South,South,Isolated,Explicit,f,,,,,,43,3
502,492,687.943562617714,Far,210.318047773219,Southwest,Southwest,Isolated,Explicit,f,,,,,,43,3
502,285,842.277261805382,Far,230.828291693023,Southwest,Southwest,Isolated,Explicit,f,,,,,,43,3
549,601,359.345183000372,Medium,212.8595273998,Southwest,Southwest,Isolated,Explicit,f,,,,,,5,3
549,691,254.160428909569,Medium,85.9707541750166,East,East,Isolated,Explicit,f,,,,,,5,3
549,631,341.24974620451,Medium,42.777513418265,Northeast,Northeast,Isolated,Explicit,t,,,,,,5,3
549,743,658.902442037609,Far,27.6639147459328,Northeast,Northeast,Isolated,Explicit,f,,,,,,5,3
549,657,584.003506737868,Far,50.7542439913489,Northeast,Northeast,Isolated,Explicit,f,,,,,,5,3
556,285357,487.199818240892,Medium,211.222277360167,Southwest,Southwest,Isolated,Explicit,f,,,,,,3,3
556,278112,581.269695424608,Far,211.510749849946,Southwest,Southwest,Isolated,Explicit,f,,,,,,3,3
556,281415,709.559259967733,Far,220.634907388446,Southwest,Southwest,Isolated,Explicit,f,,,,,,3,3
574,617,216.464666827678,Medium,79.1647812912856,East,East,Isolated,Explicit,f,,,,,,12,3
574,652,808.746493069994,Far,292.445592676305,West,West,Isolated,Explicit,t,,,,,,12,3
574,548,751.357428753292,Far,264.428818010029,West,West,Isolated,Explicit,f,,,,,,12,3
574,771,633.271965893837,Far,279.510956068391,West,West,Isolated,Explicit,f,,,,,,12,3
574,767,629.015599426339,Far,279.396274078295,West,West,Isolated,Explicit,f,,,,,,12,3
574,277807,918.804709431873,Far,159.898461375931,South,South,Isolated,Explicit,f,,,,,,12,3
574,745,554.902185996429,Far,60.3053215174583,Northeast,Northeast,Isolated,Explicit,f,,,,,,12,3
596,601,19.9070089587631,VeryClose,177.424648786939,South,South,Isolated,Explicit,f,,,,,,4,3
596,691,540.23586054135,Far,56.2902925368372,Northeast,Northeast,Isolated,Explicit,f,,,,,,4,3
596,631,682.905245260024,Far,38.7696791488004,Northeast,Northeast,Isolated,Explicit,f,,,,,,4,3
596,657,918.942444771325,Far,44.8549921411715,Northeast,Northeast,Isolated,Explicit,t,,,,,,4,3
597,790,31.4291353333582,VeryClose,91.5996572282327,East,East,Isolated,Explicit,f,,,,,,4,3
597,788,628.130403529731,Far,328.610870386201,Northwest,Northwest,Isolated,Explicit,f,,,,,,4,3
597,743,910.534615666153,Far,232.814057066476,Southwest,Southwest,Isolated,Explicit,f,,,,,,4,3
597,657,958.9924844054,Far,217.142999622208,Southwest,Southwest,Isolated,Explicit,f,,,,,,4,3
598,765,513.184727809591,Far,140.625094484099,Southeast,Southeast,Isolated,Explicit,f,,,,,,5,3
599,790,423.624646327737,Medium,164.058771231756,South,South,Isolated,Explicit,f,,,,,,2,3
599,788,274.78853746582,Medium,298.175258401627,Northwest,Northwest,Isolated,Explicit,f,,,,,,2,3
614,780,983.21514337903,Far,310.330396055305,Northwest,Northwest,Isolated,Explicit,f,,,,,,10,3
614,560,946.07315756188,Far,305.627223276001,Northwest,Northwest,Isolated,Explicit,f,,,,,,10,3
614,595,987.317034969417,Far,307.1756754223,Northwest,Northwest,Isolated,Explicit,f,,,,,,10,3
614,608,907.145738598202,Far,298.645367822221,Northwest,Northwest,Isolated,Explicit,f,,,,,,10,3
614,644,612.427160849392,Far,350.712694792273,North,North,Isolated,Explicit,f,,,,,,10,3
614,770,590.112952657752,Far,351.89926300403,North,North,Isolated,Explicit,f,,,,,,10,3
614,661,943.205284512331,Far,3.49979145785978,North,North,Isolated,Explicit,f,,,,,,10,3
614,628,767.407362282587,Far,9.44801383068809,North,North,Isolated,Explicit,f,,,,,,10,3
622,780,633.481478834914,Far,51.3190214533483,Northeast,Northeast,Isolated,Explicit,f,,,,,,15,3
622,560,567.629053502572,Far,56.8159433270808,Northeast,Northeast,Isolated,Explicit,f,,,,,,15,3
622,565,648.827128717573,Far,47.0339180022483,Northeast,Northeast,Isolated,Explicit,f,,,,,,15,3
622,643,672.965765406735,Far,44.9619331482803,Northeast,Northeast,Isolated,Explicit,t,,,,,,15,3
622,595,579.699013230666,Far,52.0898767400077,Northeast,Northeast,Isolated,Explicit,f,,,,,,15,3
622,729,693.512576699051,Far,39.256661947454,Northeast,Northeast,Isolated,Explicit,f,,,,,,15,3
622,552,38.959477576205,VeryClose,82.487925180787,East,East,Isolated,Explicit,f,,,,,,15,3
622,659,38.959477576205,VeryClose,82.487925180787,East,East,Isolated,Explicit,f,,,,,,15,3
622,632,104.318954861921,Close,100.417666430079,East,East,Isolated,Explicit,f,,,,,,15,3
622,590,116.875216690627,Close,82.488780410346,East,East,Isolated,Explicit,f,,,,,,15,3
622,555,217.572309531479,Medium,95.0390004539153,East,East,Isolated,Explicit,f,,,,,,15,3
622,727,650.593466271608,Far,289.767951456478,West,West,Isolated,Explicit,f,,,,,,15,3
622,794,703.582693959308,Far,288.944609998876,West,West,Isolated,Explicit,f,,,,,,15,3
637,552,791.322708119061,Far,108.387567244127,East,East,Isolated,Explicit,f,,,,,,10,3
637,659,791.322708119061,Far,108.387567244127,East,East,Isolated,Explicit,f,,,,,,10,3
637,632,859.591435257813,Far,108.557752095115,East,East,Isolated,Explicit,f,,,,,,10,3
637,590,862.085372965963,Far,106.125168209389,East,East,Isolated,Explicit,f,,,,,,10,3
637,555,968.540260687904,Far,106.422313392227,East,East,Isolated,Explicit,f,,,,,,10,3
637,826,586.619249702769,Far,249.303301627159,West,West,Isolated,Explicit,f,,,,,,10,3
637,711,541.418243347058,Far,245.55518442003,Southwest,Southwest,Isolated,Explicit,t,,,,,,10,3
665,790,228.614517020821,Medium,160.00721398915,South,South,Isolated,Explicit,f,,,,,,2,3
665,788,427.168026905776,Medium,318.970493016689,Northwest,Northwest,Isolated,Explicit,f,,,,,,2,3
666,710,606.46503889639,Far,131.812236839478,Southeast,Southeast,Isolated,Explicit,f,,,,,,5,3
666,826,581.675131088824,Far,204.258452395067,Southwest,Southwest,Isolated,Explicit,f,,,,,,5,3
666,711,576.870291032344,Far,198.506679896037,South,South,Isolated,Explicit,f,,,,,,5,3
666,727,543.944450230766,Far,131.112211359009,Southeast,Southeast,Isolated,Explicit,f,,,,,,5,3
666,794,499.161615344654,Medium,134.405662223427,Southeast,Southeast,Isolated,Explicit,t,,,,,,5,3
667,660,981.033634312519,Far,225.502327510829,Southwest,Southwest,Isolated,Explicit,f,,,,,,7,3
667,676,476.591776209259,Medium,313.979857338357,Northwest,Northwest,Isolated,Explicit,t,,,,,,7,3
667,679,443.116923923222,Medium,312.561437099495,Northwest,Northwest,Isolated,Explicit,t,,,,,,7,3
667,700,398.602222962819,Medium,332.86550834441,Northwest,Northwest,Isolated,Explicit,f,,,,,,7,3
667,681,962.212670596755,Far,15.0023351017364,North,North,Isolated,Explicit,f,,,,,,7,3
667,787,920.45446142315,Far,235.77898387452,Southwest,Southwest,Isolated,Explicit,f,,,,,,7,3
667,687,909.056000675819,Far,44.4152743134516,Northeast,Northeast,Isolated,Explicit,t,,,,,,7,3
669,788,938.431806323318,Far,117.329976619341,Southeast,Southeast,Isolated,Explicit,f,,,,,,1,3
675,660,551.070581994486,Far,188.348115281833,South,South,Isolated,Explicit,f,,,,,,7,3
675,676,548.298621723029,Far,30.3196885703057,Northeast,Northeast,Isolated,Explicit,f,,,,,,7,3
675,679,530.555371354574,Far,33.568697501087,Northeast,Northeast,Isolated,Explicit,f,,,,,,7,3
675,700,662.4903620539,Far,41.3809477974155,Northeast,Northeast,Isolated,Explicit,f,,,,,,7,3
675,600,627.016430960678,Far,194.836170045384,South,South,Isolated,Explicit,f,,,,,,7,3
675,782,567.781614571423,Far,198.765714552963,South,South,Isolated,Explicit,f,,,,,,7,3
675,787,401.034889998247,Medium,200.639252778822,South,South,Isolated,Explicit,t,,,,,,7,3
677,648,104.370545414108,Close,222.595570986458,Southwest,Southwest,Isolated,Explicit,t,,,,,,2,3
677,663,553.194968571122,Far,207.894189290397,Southwest,Southwest,Isolated,Explicit,f,,,,,,2,3
682,789,874.592283429765,Far,0.541559612033373,North,North,Isolated,Explicit,f,,,,,,1,3
683,789,51.9873514974926,Close,358.715450845329,North,North,Isolated,Explicit,t,,,,,,1,3
690,710,759.403897300827,Far,70.1627568688375,East,East,Isolated,Explicit,f,,,,,,10,3
690,281882,968.252612143125,Far,199.669685659213,South,South,Isolated,Explicit,f,,,,,,10,3
690,813,416.401382717639,Medium,217.110891565678,Southwest,Southwest,Isolated,Explicit,f,,,,,,10,3
690,727,737.844344798596,Far,65.6376204568017,Northeast,Northeast,Isolated,Explicit,t,,,,,,10,3
690,794,693.45497385255,Far,63.1921432812216,Northeast,Northeast,Isolated,Explicit,f,,,,,,10,3
690,810,711.644949727898,Far,232.688993929961,Southwest,Southwest,Isolated,Explicit,f,,,,,,10,3
690,812,715.352952053774,Far,232.310860984586,Southwest,Southwest,Isolated,Explicit,f,,,,,,10,3
690,814,590.227763732129,Far,224.224359776666,Southwest,Southwest,Isolated,Explicit,t,,,,,,10,3
693,558,270.417550445776,Medium,88.0698027479925,East,East,Isolated,Explicit,t,,,,,,3,3
693,732,160.470963954705,Close,139.576422297818,Southeast,Southeast,Isolated,Explicit,f,,,,,,3,3
694,789,256.86672719258,Medium,59.1185930611938,Northeast,Northeast,Isolated,Explicit,f,,,,,,1,3
696,558,147.100005249327,Close,55.9975121095392,Northeast,Northeast,Isolated,Explicit,f,,,,,,3,3
696,732,66.0365698209516,Close,222.086995613605,Southwest,Southwest,Isolated,Explicit,f,,,,,,3,3
696,688,165.560222081471,Close,296.181417202262,Northwest,Northwest,Isolated,Explicit,f,,,,,,3,3
705,779,990.172389996344,Far,231.941542170469,Southwest,Southwest,Isolated,Explicit,f,,,,,,34,3
705,708,879.167987622496,Far,248.924938096361,West,West,Isolated,Explicit,f,,,,,,34,3
705,635,831.274888763683,Far,225.529661142818,Southwest,Southwest,Isolated,Explicit,f,,,,,,34,3
705,638,828.393648036949,Far,220.219265635613,Southwest,Southwest,Isolated,Explicit,f,,,,,,34,3
705,650,814.616991152369,Far,217.952974465443,Southwest,Southwest,Isolated,Explicit,f,,,,,,34,3
705,540,515.506132978925,Far,205.079987407309,Southwest,Southwest,Isolated,Explicit,f,,,,,,34,3
705,541,384.577793364412,Medium,106.640693157946,East,East,Isolated,Explicit,f,,,,,,34,3
705,803,469.98039684698,Medium,98.291941443246,East,East,Isolated,Explicit,f,,,,,,34,3
705,654,528.598669659536,Far,78.4613947179244,East,East,Isolated,Explicit,f,,,,,,34,3
705,564,654.114712282123,Far,78.6615435366538,East,East,Isolated,Explicit,f,,,,,,34,3
705,737,737.971229302975,Far,47.2312957248658,Northeast,Northeast,Isolated,Explicit,f,,,,,,34,3
705,802,573.58164783406,Far,77.879210082095,East,East,Isolated,Explicit,f,,,,,,34,3
705,594,688.065723468255,Far,78.1642991147538,East,East,Isolated,Explicit,f,,,,,,34,3
705,547,788.510979113847,Far,77.9856132557861,East,East,Isolated,Explicit,f,,,,,,34,3
705,713,859.970879998367,Far,76.9300081630034,East,East,Isolated,Explicit,f,,,,,,34,3
705,642,851.956737728123,Far,79.5204654394874,East,East,Isolated,Explicit,f,,,,,,34,3
705,707,856.261420528204,Far,74.072529905854,East,East,Isolated,Explicit,f,,,,,,34,3
705,793,792.041207661908,Far,79.8244066261793,East,East,Isolated,Explicit,f,,,,,,34,3
705,652,987.062612213313,Far,102.84761336986,East,East,Isolated,Explicit,f,,,,,,34,3
731,617,959.126740023856,Far,293.257215415387,Northwest,Northwest,Isolated,Explicit,f,,,,,,5,3
731,277807,938.472901777916,Far,235.998518332679,Southwest,Southwest,Isolated,Explicit,f,,,,,,5,3
731,280972,642.601162483582,Far,221.61324976858,Southwest,Southwest,Isolated,Explicit,f,,,,,,5,3
731,745,865.978887697539,Far,315.053829209337,Northwest,Northwest,Isolated,Explicit,f,,,,,,5,3
731,285011,946.777991732555,Far,142.043038642162,Southeast,Southeast,Isolated,Explicit,f,,,,,,5,3
763,653,206.021763630637,Medium,122.534799801134,Southeast,Southeast,Isolated,Explicit,f,,,,,,6,3
763,827,259.811055524449,Medium,125.679652601005,Southeast,Southeast,Isolated,Explicit,f,,,,,,6,3
763,804,742.910902355221,Far,114.474674034115,Southeast,Southeast,Isolated,Explicit,f,,,,,,6,3
763,605,971.428005771802,Far,126.410642166094,Southeast,Southeast,Isolated,Explicit,f,,,,,,6,3
764,780,814.479268322833,Far,170.004492396352,South,South,Isolated,Explicit,f,,,,,,10,3
764,560,895.686491791421,Far,172.177409403565,South,South,Isolated,Explicit,f,,,,,,10,3
764,565,765.538850634527,Far,170.857693270486,South,South,Isolated,Explicit,f,,,,,,10,3
764,643,732.1598353497,Far,170.376880206771,South,South,Isolated,Explicit,f,,,,,,10,3
764,595,848.277184009073,Far,172.942858724506,South,South,Isolated,Explicit,f,,,,,,10,3
764,729,666.564465327514,Far,172.612893181978,South,South,Isolated,Explicit,f,,,,,,10,3
764,756,44.7203495649131,VeryClose,175.096615025851,South,South,Isolated,Explicit,f,,,,,,10,3
766,722,991.963698555559,Far,82.0872364666549,East,East,Isolated,Explicit,f,,,,,,8,3
766,692,635.802692684553,Far,76.2155348274475,East,East,Isolated,Explicit,f,,,,,,8,3
766,695,635.802692684553,Far,76.2155348274475,East,East,Isolated,Explicit,f,,,,,,8,3
766,754,881.752194608534,Far,65.5392084054571,Northeast,Northeast,Isolated,Explicit,t,,,,,,8,3
766,757,890.771000658101,Far,66.5100187824105,Northeast,Northeast,Isolated,Explicit,t,,,,,,8,3
766,728,918.53027634108,Far,71.8155377528556,East,East,Isolated,Explicit,f,,,,,,8,3
766,798,903.644327554508,Far,72.6583353305387,East,East,Isolated,Explicit,f,,,,,,8,3
766,712,915.453837810557,Far,75.5147488195814,East,East,Isolated,Explicit,f,,,,,,8,3
778,709,980.029111632249,Far,170.109657131055,South,South,Isolated,Explicit,f,,,,,,4,3
778,775,862.275883108976,Far,187.11335160805,South,South,Isolated,Explicit,f,,,,,,4,3
778,636,874.292649755891,Far,178.881081763387,South,South,Isolated,Explicit,t,,,,,,4,3
778,645,876.963720538239,Far,178.869608234054,South,South,Isolated,Explicit,t,,,,,,4,3
791,789,778.915230567681,Far,29.3621327766288,Northeast,Northeast,Isolated,Explicit,f,,,,,,1,3
800,617,829.141662502257,Far,76.0546019194197,East,East,Isolated,Explicit,f,,,,,,21,3
800,606,730.849699130055,Far,78.5236859717648,East,East,Isolated,Explicit,f,,,,,,21,3
800,541,945.845606898635,Far,307.612282534191,Northwest,Northwest,Isolated,Explicit,f,,,,,,21,3
800,803,899.941170754022,Far,313.512033363047,Northwest,Northwest,Isolated,Explicit,t,,,,,,21,3
800,654,994.400923403844,Far,322.901079783314,Northwest,Northwest,Isolated,Explicit,f,,,,,,21,3
800,564,944.876377731691,Far,329.723394025616,Northwest,Northwest,Isolated,Explicit,f,,,,,,21,3
800,802,981.208660513708,Far,325.416786457929,Northwest,Northwest,Isolated,Explicit,f,,,,,,21,3
800,594,940.13016269881,Far,331.797587769626,Northwest,Northwest,Isolated,Explicit,f,,,,,,21,3
800,547,919.325297446905,Far,337.858289877099,North,North,Isolated,Explicit,f,,,,,,21,3
800,713,925.265211183255,Far,342.382710599749,North,North,Isolated,Explicit,f,,,,,,21,3
800,642,887.665162316645,Far,341.613964595944,North,North,Isolated,Explicit,f,,,,,,21,3
800,707,968.196437207164,Far,342.301350479711,North,North,Isolated,Explicit,f,,,,,,21,3
800,793,893.75871897973,Far,337.768856114158,North,North,Isolated,Explicit,f,,,,,,21,3
800,652,493.036889159048,Medium,341.630201894708,North,North,Isolated,Explicit,f,,,,,,21,3
800,771,265.758988524312,Medium,352.982349494508,North,North,Isolated,Explicit,f,,,,,,21,3
800,767,263.367044622446,Medium,353.792429479191,North,North,Isolated,Explicit,f,,,,,,21,3
811,539,526.862243086998,Far,221.731522020101,Southwest,Southwest,Isolated,Explicit,f,,,,,,2,3
819,199741,998.760993853145,Far,209.788263156547,Southwest,Southwest,Isolated,Explicit,f,,,,,,4,3
819,199789,967.370768518531,Far,216.16966235168,Southwest,Southwest,Isolated,Explicit,f,,,,,,4,3
819,817,751.268693231536,Far,88.8330892605865,East,East,Isolated,Explicit,t,,,,,,4,3
841,1067,544.770380389468,Far,241.829310172626,Southwest,Southwest,Isolated,Explicit,f,,,,,,15,3
841,1124,934.028596083291,Far,240.792456978724,Southwest,Southwest,Isolated,Explicit,f,,,,,,15,3
914,1167,187.511063189768,Close,168.424214172937,South,South,Isolated,Explicit,f,,,,,,2,3
951,1093,983.768647708451,Far,249.167037363156,West,West,Isolated,Explicit,f,,,,,,19,3
951,1396,993.923813141433,Far,253.816579362315,West,West,Isolated,Explicit,f,,,,,,19,3
951,1358,631.752168602079,Far,344.03040429781,North,North,Isolated,Explicit,f,,,,,,19,3
951,1251,902.899659361957,Far,201.409200217431,South,South,Isolated,Explicit,t,,,,,,19,3
951,1252,903.160013866623,Far,201.530527965518,South,South,Isolated,Explicit,t,,,,,,19,3
951,1222,965.405200108779,Far,203.862034436974,Southwest,Southwest,Isolated,Explicit,f,,,,,,19,3
951,1235,864.685821655727,Far,164.786770194961,South,South,Isolated,Explicit,f,,,,,,19,3
951,1113,883.418475321977,Far,164.092085582386,South,South,Isolated,Explicit,f,,,,,,19,3
951,1390,834.642302853998,Far,7.22483758062127,North,North,Isolated,Explicit,f,,,,,,19,3
951,1216,906.554380756757,Far,109.290866175029,East,East,Isolated,Explicit,f,,,,,,19,3
951,1088,911.042160216384,Far,113.675061509785,Southeast,Southeast,Isolated,Explicit,f,,,,,,19,3
951,1036,796.331718255492,Far,92.0736548967963,East,East,Isolated,Explicit,f,,,,,,19,3
951,1085,896.234492701907,Far,114.082920010074,Southeast,Southeast,Isolated,Explicit,f,,,,,,19,3
951,1076,955.355791078262,Far,134.133382793264,Southeast,Southeast,Isolated,Explicit,t,,,,,,19,3
951,1292,661.916520748677,Far,137.679711746562,Southeast,Southeast,Isolated,Explicit,f,,,,,,19,3
951,1244,927.568615064779,Far,144.275120066775,Southeast,Southeast,Isolated,Explicit,f,,,,,,19,3
951,1204,931.485697151729,Far,144.373585753877,Southeast,Southeast,Isolated,Explicit,f,,,,,,19,3
951,1240,535.270274110582,Far,94.4966169868081,East,East,Isolated,Explicit,f,,,,,,19,3
951,1217,518.71100775617,Far,93.1045502464809,East,East,Isolated,Explicit,f,,,,,,19,3
985,1170,787.48802123906,Far,253.147120507939,West,West,Isolated,Explicit,f,,,,,,9,3
985,1030,884.756990732739,Far,258.023199145964,West,West,Isolated,Explicit,f,,,,,,9,3
985,1376,708.241385574434,Far,230.014020858957,Southwest,Southwest,Isolated,Explicit,f,,,,,,9,3
985,1068,479.372614732129,Medium,144.09742867167,Southeast,Southeast,Isolated,Explicit,f,,,,,,9,3
985,1358,980.574979577144,Far,159.926962546587,South,South,Isolated,Explicit,f,,,,,,9,3
985,1390,932.279497277724,Far,138.698013216607,Southeast,Southeast,Isolated,Explicit,f,,,,,,9,3
985,1315,991.76814966522,Far,48.2610137913114,Northeast,Northeast,Isolated,Explicit,f,,,,,,9,3
987,1299,537.482071040411,Far,320.310886847068,Northwest,Northwest,Isolated,Explicit,f,,,,,,27,3
987,1368,111.095836090772,Close,267.603839820582,West,West,Isolated,Explicit,t,,,,,,27,3
987,1364,514.4780094575,Far,344.699576417311,North,North,Isolated,Explicit,f,,,,,,27,3
987,1185,369.056330799817,Medium,210.354008451188,Southwest,Southwest,Isolated,Explicit,f,,,,,,27,3
987,1322,495.678058248446,Medium,196.187044835667,South,South,Isolated,Explicit,f,,,,,,27,3
987,1330,534.342751769242,Far,193.729558913361,South,South,Isolated,Explicit,f,,,,,,27,3
987,860,527.834899110547,Far,193.352856732473,South,South,Isolated,Explicit,f,,,,,,27,3
987,1082,555.318790467058,Far,23.6269984626711,Northeast,Northeast,Isolated,Explicit,f,,,,,,27,3
987,1394,576.879699610676,Far,23.8943920249606,Northeast,Northeast,Isolated,Explicit,f,,,,,,27,3
987,1275,298.436197717179,Medium,63.7172673303611,Northeast,Northeast,Isolated,Explicit,f,,,,,,27,3
987,1255,635.917146421852,Far,24.784618437211,Northeast,Northeast,Isolated,Explicit,f,,,,,,27,3
987,1083,357.897881799291,Medium,52.0602364214753,Northeast,Northeast,Isolated,Explicit,f,,,,,,27,3
987,962,700.128476830677,Far,34.5186982655414,Northeast,Northeast,Isolated,Explicit,f,,,,,,27,3
987,1128,272.565972812509,Medium,23.498381706725,Northeast,Northeast,Isolated,Explicit,f,,,,,,27,3
987,1337,469.238298376138,Medium,166.338826304099,South,South,Isolated,Explicit,f,,,,,,27,3
987,1098,243.606534149385,Medium,9.44186787451315,North,North,Isolated,Explicit,f,,,,,,27,3
987,1200,430.199255346802,Medium,188.91597754428,South,South,Isolated,Explicit,f,,,,,,27,3
987,1339,154.731640806965,Close,217.630204151797,Southwest,Southwest,Isolated,Explicit,f,,,,,,27,3
987,1402,956.218910203329,Far,105.128334498357,East,East,Isolated,Explicit,f,,,,,,27,3
987,928,893.105282602203,Far,44.7152977499053,Northeast,Northeast,Isolated,Explicit,t,,,,,,27,3
987,1202,859.684114154607,Far,41.7795968090553,Northeast,Northeast,Isolated,Explicit,f,,,,,,27,3
987,1261,832.360272167797,Far,40.5870329695782,Northeast,Northeast,Isolated,Explicit,f,,,,,,27,3
987,849,786.084042192556,Far,35.874973565712,Northeast,Northeast,Isolated,Explicit,f,,,,,,27,3
987,1247,754.675690413467,Far,127.149050895276,Southeast,Southeast,Isolated,Explicit,f,,,,,,27,3
1021,1314,641.556846269663,Far,39.0488004392563,Northeast,Northeast,Isolated,Explicit,f,,,,,,14,3
1021,1349,587.083859208038,Far,10.6618785373791,North,North,Isolated,Explicit,f,,,,,,14,3
1021,1944,409.391390848883,Medium,173.219934425904,South,South,Isolated,Explicit,f,,,,,,14,3
1021,1063,297.614863317738,Medium,168.50817128425,South,South,Isolated,Explicit,f,,,,,,14,3
1021,1887,950.580205588821,Far,231.083090213863,Southwest,Southwest,Isolated,Explicit,f,,,,,,14,3
1021,1881,967.92503139488,Far,231.849956090404,Southwest,Southwest,Isolated,Explicit,f,,,,,,14,3
1021,1884,981.267282720991,Far,232.473182363426,Southwest,Southwest,Isolated,Explicit,f,,,,,,14,3
1021,1894,962.81063469476,Far,233.633817255677,Southwest,Southwest,Isolated,Explicit,f,,,,,,14,3
1021,1154,776.577728374857,Far,330.061993226694,Northwest,Northwest,Isolated,Explicit,f,,,,,,14,3
1021,1174,897.85243372724,Far,336.411810579608,Northwest,Northwest,Isolated,Explicit,t,,,,,,14,3
1021,1305,621.150125115016,Far,338.009734393162,North,North,Isolated,Explicit,f,,,,,,14,3
1021,1321,727.105322577691,Far,338.047524961148,North,North,Isolated,Explicit,f,,,,,,14,3
1021,1351,544.566930058191,Far,355.909157163502,North,North,Isolated,Explicit,f,,,,,,14,3
1021,1310,47.9051243044562,VeryClose,143.22069312719,Southeast,Southeast,Isolated,Explicit,f,,,,,,14,3
1043,1358,892.55103746451,Far,313.666574147292,Northwest,Northwest,Isolated,Explicit,t,,,,,,17,3
1043,1235,861.05384844805,Far,196.52609986828,South,South,Isolated,Explicit,f,,,,,,17,3
1043,1113,871.50095179925,Far,195.281521997082,South,South,Isolated,Explicit,f,,,,,,17,3
1043,1390,913.792728534105,Far,336.32956675662,Northwest,Northwest,Isolated,Explicit,t,,,,,,17,3
1043,1242,712.596692996678,Far,147.177163513515,Southeast,Southeast,Isolated,Explicit,f,,,,,,17,3
1043,1088,508.752258340654,Far,134.553598440324,Southeast,Southeast,Isolated,Explicit,t,,,,,,17,3
1043,1036,324.589238395781,Medium,93.5175359726361,East,East,Isolated,Explicit,f,,,,,,17,3
1043,1165,910.555964133885,Far,161.377058682656,South,South,Isolated,Explicit,f,,,,,,17,3
1043,1076,690.302710704918,Far,161.953663530365,South,South,Isolated,Explicit,f,,,,,,17,3
1043,1292,481.229207123275,Medium,183.118691790717,South,South,Isolated,Explicit,f,,,,,,17,3
1043,1244,747.391904302243,Far,174.643638244987,South,South,Isolated,Explicit,f,,,,,,17,3
1043,1204,751.579883524806,Far,174.598015127526,South,South,Isolated,Explicit,f,,,,,,17,3
1043,1240,70.0810847350624,Close,118.152393522421,Southeast,Southeast,Isolated,Explicit,f,,,,,,17,3
1043,1217,49.9515448149564,VeryClose,112.59564057239,Southeast,Southeast,Isolated,Explicit,f,,,,,,17,3
1043,48996,947.881786671895,Far,102.743231609662,East,East,Isolated,Explicit,f,,,,,,17,3
1057,1266,262.246307183149,Medium,320.769410169434,Northwest,Northwest,Isolated,Explicit,f,,,,,,129,6
1057,1322,848.460933475309,Far,350.666378407863,North,North,Isolated,Explicit,f,,,,,,129,6
1057,1330,804.152208913011,Far,350.967742780524,North,North,Isolated,Explicit,f,,,,,,129,6
1057,860,808.84132637636,Far,351.373101032299,North,North,Isolated,Explicit,f,,,,,,129,6
1057,1354,862.052692799931,Far,189.624674634338,South,South,Isolated,Explicit,f,,,,,,129,6
1057,1362,605.729886146329,Far,187.368933859465,South,South,Isolated,Explicit,f,,,,,,129,6
1057,1158,821.999668956942,Far,172.132882931608,South,South,Isolated,Explicit,f,,,,,,129,6
1057,912,828.144391833811,Far,171.986793060687,South,South,Isolated,Explicit,f,,,,,,129,6
1057,933,764.000174257452,Far,170.755063982771,South,South,Isolated,Explicit,f,,,,,,129,6
1057,911,771.904560989553,Far,170.84350948222,South,South,Isolated,Explicit,f,,,,,,129,6
1057,918,745.219466964799,Far,170.445614377607,South,South,Isolated,Explicit,f,,,,,,129,6
1057,1375,749.585846664661,Far,171.32589100347,South,South,Isolated,Explicit,f,,,,,,129,6
1057,1024,856.457149697332,Far,173.102273567762,South,South,Isolated,Explicit,f,,,,,,129,6
1057,1071,632.360688162744,Far,170.759860739379,South,South,Isolated,Explicit,f,,,,,,129,6
1057,1303,648.206657948451,Far,170.319774095737,South,South,Isolated,Explicit,f,,,,,,129,6
1057,1114,585.888579697357,Far,169.76207002997,South,South,Isolated,Explicit,f,,,,,,129,6
1057,992,440.206439858399,Medium,163.816350523211,South,South,Isolated,Explicit,f,,,,,,129,6
1057,845,638.211667571869,Far,169.643018764011,South,South,Isolated,Explicit,f,,,,,,129,6
1057,1101,571.372496698942,Far,168.015152126443,South,South,Isolated,Explicit,f,,,,,,129,6
1057,1430,594.836632041697,Far,166.720036258263,South,South,Isolated,Explicit,f,,,,,,129,6
1057,1009,540.171888780443,Far,165.099965344052,South,South,Isolated,Explicit,f,,,,,,129,6
1057,861,520.402654654107,Far,164.634282214322,South,South,Isolated,Explicit,f,,,,,,129,6
1057,993,497.046080650367,Medium,164.797592414751,South,South,Isolated,Explicit,f,,,,,,129,6
1057,1312,375.094217834439,Medium,159.743676322179,South,South,Isolated,Explicit,f,,,,,,129,6
1057,1100,581.598157381395,Far,165.564432126846,South,South,Isolated,Explicit,f,,,,,,129,6
1057,835,565.101839931627,Far,164.369456704715,South,South,Isolated,Explicit,f,,,,,,129,6
1057,1425,780.362676309031,Far,170.73988282578,South,South,Isolated,Explicit,f,,,,,,129,6
1057,1326,781.243395127053,Far,151.891628663571,Southeast,Southeast,Isolated,Explicit,f,,,,,,129,6
1057,1026,793.5380072751,Far,151.059680077077,Southeast,Southeast,Isolated,Explicit,f,,,,,,129,6
1057,1267,730.151430425676,Far,150.229037424804,Southeast,Southeast,Isolated,Explicit,f,,,,,,129,6
1057,1196,387.044884622893,Medium,116.922327927722,Southeast,Southeast,Isolated,Explicit,f,,,,,,129,6
1057,988,833.818943863069,Far,155.517624470857,Southeast,Southeast,Isolated,Explicit,t,,,,,,129,6
1057,1136,885.207719635129,Far,158.500002485719,South,South,Isolated,Explicit,f,,,,,,129,6
1057,973,845.027985526212,Far,156.881049279543,Southeast,Southeast,Isolated,Explicit,t,,,,,,129,6
1057,1051,761.712768624157,Far,154.432846265046,Southeast,Southeast,Isolated,Explicit,f,,,,,,129,6
1057,999,801.818881072087,Far,156.406070922064,Southeast,Southeast,Isolated,Explicit,t,,,,,,129,6
1057,1328,753.643396774988,Far,156.393251948798,Southeast,Southeast,Isolated,Explicit,t,,,,,,129,6
1057,1324,751.90970909813,Far,156.732858651458,Southeast,Southeast,Isolated,Explicit,t,,,,,,129,6
1057,875,788.675490510585,Far,158.235637387483,South,South,Isolated,Explicit,f,,,,,,129,6
1057,1105,330.259531823148,Medium,114.812451844548,Southeast,Southeast,Isolated,Explicit,f,,,,,,129,6
1057,1316,334.96717573306,Medium,116.206226171617,Southeast,Southeast,Isolated,Explicit,f,,,,,,129,6
1057,1107,327.377356989748,Medium,114.380549453691,Southeast,Southeast,Isolated,Explicit,f,,,,,,129,6
1057,1195,606.759363787982,Far,156.020886128016,Southeast,Southeast,Isolated,Explicit,t,,,,,,129,6
1057,905,724.633964236055,Far,161.72743142163,South,South,Isolated,Explicit,f,,,,,,129,6
1057,1108,787.811729516376,Far,159.513011827988,South,South,Isolated,Explicit,f,,,,,,129,6
1057,1308,825.2019970876,Far,168.405904587543,South,South,Isolated,Explicit,f,,,,,,129,6
1057,1317,885.553509100206,Far,168.517389914675,South,South,Isolated,Explicit,f,,,,,,129,6
1057,847,878.204742498096,Far,166.476222094083,South,South,Isolated,Explicit,f,,,,,,129,6
1057,922,813.33221253678,Far,164.315105033931,South,South,Isolated,Explicit,f,,,,,,129,6
1057,935,785.72609952538,Far,164.052901540269,South,South,Isolated,Explicit,f,,,,,,129,6
1057,1041,755.392183744728,Far,163.674967393413,South,South,Isolated,Explicit,f,,,,,,129,6
1057,959,602.35235538269,Far,161.029702234188,South,South,Isolated,Explicit,f,,,,,,129,6
1057,1039,582.202167553923,Far,160.074122027858,South,South,Isolated,Explicit,f,,,,,,129,6
1057,859,511.618994110268,Far,158.965385423274,South,South,Isolated,Explicit,f,,,,,,129,6
1057,836,519.594206638889,Far,159.171456714128,South,South,Isolated,Explicit,f,,,,,,129,6
1057,839,530.3215109015,Far,159.169550375277,South,South,Isolated,Explicit,f,,,,,,129,6
1057,1014,542.295760469346,Far,159.741298874305,South,South,Isolated,Explicit,f,,,,,,129,6
1057,842,533.767256931965,Far,160.42124208688,South,South,Isolated,Explicit,f,,,,,,129,6
1057,882,433.546528232397,Medium,155.97931218885,Southeast,Southeast,Isolated,Explicit,t,,,,,,129,6
1057,1344,467.182053404818,Medium,157.931355805166,South,South,Isolated,Explicit,f,,,,,,129,6
1057,873,428.865588371897,Medium,157.391197832117,Southeast,Southeast,Isolated,Explicit,t,,,,,,129,6
1057,1211,329.973268004102,Medium,99.71145117573,East,East,Isolated,Explicit,f,,,,,,129,6
1057,1337,864.500117498768,Far,7.4038133630602,North,North,Isolated,Explicit,f,,,,,,129,6
1057,1309,45.589493449777,VeryClose,101.694749749681,East,East,Isolated,Explicit,f,,,,,,129,6
1057,1200,890.71059221367,Far,355.744239822192,North,North,Isolated,Explicit,f,,,,,,129,6
1057,1277,652.632065059924,Far,89.450597365704,East,East,Isolated,Explicit,t,,,,,,129,6
1057,1016,966.59057437506,Far,140.954898267528,Southeast,Southeast,Isolated,Explicit,f,,,,,,129,6
1057,994,971.985151511005,Far,145.231375367722,Southeast,Southeast,Isolated,Explicit,f,,,,,,129,6
1057,946,937.149900735521,Far,143.2039071486,Southeast,Southeast,Isolated,Explicit,f,,,,,,129,6
1057,1111,934.629394443104,Far,143.092505796959,Southeast,Southeast,Isolated,Explicit,f,,,,,,129,6
1057,1426,979.767966455501,Far,144.00840370101,Southeast,Southeast,Isolated,Explicit,f,,,,,,129,6
1057,1365,827.868164772873,Far,133.297219931829,Southeast,Southeast,Isolated,Explicit,t,,,,,,129,6
1057,1270,796.611957737975,Far,139.751001106974,Southeast,Southeast,Isolated,Explicit,f,,,,,,129,6
1057,964,919.049590015164,Far,144.395916370942,Southeast,Southeast,Isolated,Explicit,f,,,,,,129,6
1057,1413,998.503897282472,Far,148.271511347927,Southeast,Southeast,Isolated,Explicit,f,,,,,,129,6
1057,877,893.867239171083,Far,144.619393683639,Southeast,Southeast,Isolated,Explicit,f,,,,,,129,6
1057,1010,891.863911986947,Far,145.154362542974,Southeast,Southeast,Isolated,Explicit,f,,,,,,129,6
1057,981,956.51713214388,Far,148.049895350489,Southeast,Southeast,Isolated,Explicit,f,,,,,,129,6
1057,998,998.585225771226,Far,150.818298938566,Southeast,Southeast,Isolated,Explicit,f,,,,,,129,6
1057,1007,864.875287141942,Far,146.126479753775,Southeast,Southeast,Isolated,Explicit,f,,,,,,129,6
1057,1006,871.275069612909,Far,146.692092163097,Southeast,Southeast,Isolated,Explicit,f,,,,,,129,6
1057,1205,572.234726800436,Far,126.808364267722,Southeast,Southeast,Isolated,Explicit,f,,,,,,129,6
1057,1008,839.986641915371,Far,148.900362414218,Southeast,Southeast,Isolated,Explicit,f,,,,,,129,6
1057,970,827.837222381812,Far,148.177886712684,Southeast,Southeast,Isolated,Explicit,f,,,,,,129,6
1057,864,832.686138486754,Far,146.954971445362,Southeast,Southeast,Isolated,Explicit,f,,,,,,129,6
1057,1064,878.457696791324,Far,147.698001528466,Southeast,Southeast,Isolated,Explicit,f,,,,,,129,6
1057,991,990.195653704255,Far,151.364607761266,Southeast,Southeast,Isolated,Explicit,f,,,,,,129,6
1057,1159,940.903276832133,Far,130.681251242539,Southeast,Southeast,Isolated,Explicit,f,,,,,,129,6
1057,1198,955.82090602067,Far,182.386188896041,South,South,Isolated,Explicit,f,,,,,,129,6
1057,1227,948.395384435251,Far,182.204458855533,South,South,Isolated,Explicit,f,,,,,,129,6
1057,1248,983.487924660549,Far,181.374462853175,South,South,Isolated,Explicit,f,,,,,,129,6
1057,1249,956.575436889145,Far,181.16230987086,South,South,Isolated,Explicit,f,,,,,,129,6
1057,1221,951.125834213265,Far,176.306966987,South,South,Isolated,Explicit,f,,,,,,129,6
1057,1226,950.227988702534,Far,176.313271546715,South,South,Isolated,Explicit,f,,,,,,129,6
1057,889,927.69069387462,Far,176.363411148344,South,South,Isolated,Explicit,f,,,,,,129,6
1057,1129,927.69069387462,Far,176.363411148344,South,South,Isolated,Explicit,f,,,,,,129,6
1057,1224,956.373707560604,Far,176.576450171103,South,South,Isolated,Explicit,f,,,,,,129,6
1057,869,967.106355177847,Far,161.322554280645,South,South,Isolated,Explicit,f,,,,,,129,6
1057,1017,975.394016368159,Far,161.571849778314,South,South,Isolated,Explicit,f,,,,,,129,6
1057,1019,969.980044634446,Far,162.276415259845,South,South,Isolated,Explicit,f,,,,,,129,6
1057,942,956.823625268468,Far,166.006327912434,South,South,Isolated,Explicit,f,,,,,,129,6
1057,894,909.037438443355,Far,169.540854999709,South,South,Isolated,Explicit,f,,,,,,129,6
1066,834,610.041685419104,Far,25.9087482784484,Northeast,Northeast,Isolated,Explicit,f,,,,,,8,3
1066,855,536.431064732125,Far,44.892377357666,Northeast,Northeast,Isolated,Explicit,t,,,,,,8,3
1066,852,691.665745480022,Far,34.7303834057271,Northeast,Northeast,Isolated,Explicit,f,,,,,,8,3
1066,851,721.49335285319,Far,32.0856159896656,Northeast,Northeast,Isolated,Explicit,f,,,,,,8,3
1066,850,593.225860358538,Far,51.8247785519366,Northeast,Northeast,Isolated,Explicit,f,,,,,,8,3
1066,1407,623.12124058825,Far,46.6798634866944,Northeast,Northeast,Isolated,Explicit,f,,,,,,8,3
1066,853,575.71552297354,Far,49.0808870371166,Northeast,Northeast,Isolated,Explicit,f,,,,,,8,3
1066,1391,569.231056223185,Far,72.2547568457072,East,East,Isolated,Explicit,f,,,,,,8,3
1074,1631,863.428895691573,Far,219.032359040206,Southwest,Southwest,Isolated,Explicit,f,,,,,,21,3
1074,1379,966.300527755018,Far,336.396969942849,Northwest,Northwest,Isolated,Explicit,t,,,,,,21,3
1074,857,561.643294046525,Far,316.420438700914,Northwest,Northwest,Isolated,Explicit,f,,,,,,21,3
1074,829,593.267127814848,Far,313.650748947285,Northwest,Northwest,Isolated,Explicit,t,,,,,,21,3
1074,1360,710.502907954253,Far,350.507581424627,North,North,Isolated,Explicit,f,,,,,,21,3
1074,982,843.043912588043,Far,2.82883180291532,North,North,Isolated,Explicit,f,,,,,,21,3
1074,1153,957.338924743405,Far,5.39329562745758,North,North,Isolated,Explicit,f,,,,,,21,3
1074,1207,836.696346901005,Far,11.0118150959571,North,North,Isolated,Explicit,f,,,,,,21,3
1074,1102,781.546990189213,Far,10.4476186692278,North,North,Isolated,Explicit,f,,,,,,21,3
1074,1366,783.185114311568,Far,17.3619027140297,North,North,Isolated,Explicit,f,,,,,,21,3
1074,1357,787.464429448067,Far,17.4691005092501,North,North,Isolated,Explicit,f,,,,,,21,3
1074,1018,956.737023949704,Far,29.2110871462816,Northeast,Northeast,Isolated,Explicit,f,,,,,,21,3
1074,902,665.417440093864,Far,43.2407673215069,Northeast,Northeast,Isolated,Explicit,t,,,,,,21,3
1078,1296,655.832123969323,Far,204.305517710377,Southwest,Southwest,Isolated,Explicit,f,,,,,,24,3
1078,1338,936.632892000077,Far,198.182074303577,South,South,Isolated,Explicit,f,,,,,,24,3
1078,1359,648.968277981759,Far,209.817554029583,Southwest,Southwest,Isolated,Explicit,f,,,,,,24,3
1078,1332,648.90005972584,Far,209.846845843898,Southwest,Southwest,Isolated,Explicit,f,,,,,,24,3
1078,1297,776.821180244615,Far,204.554844825609,Southwest,Southwest,Isolated,Explicit,f,,,,,,24,3
1078,1278,986.96660593014,Far,21.9424721444965,North,North,Isolated,Explicit,t,,,,,,24,3
1078,1069,834.607783958819,Far,232.884712911021,Southwest,Southwest,Isolated,Explicit,f,,,,,,24,3
1078,1035,616.675496106259,Far,266.208456063296,West,West,Isolated,Explicit,f,,,,,,24,3
1078,1343,574.63383125738,Far,232.182221297573,Southwest,Southwest,Isolated,Explicit,f,,,,,,24,3
1078,1333,842.278235538082,Far,216.027398427077,Southwest,Southwest,Isolated,Explicit,f,,,,,,24,3
1078,984,438.013321175266,Medium,265.876954940337,West,West,Isolated,Explicit,f,,,,,,24,3
1078,1087,943.418134855208,Far,321.301520674851,Northwest,Northwest,Isolated,Explicit,f,,,,,,24,3
1078,1282,690.461067509879,Far,295.268328195533,Northwest,Northwest,Isolated,Explicit,f,,,,,,24,3
1078,1132,896.824517659425,Far,317.904024935322,Northwest,Northwest,Isolated,Explicit,f,,,,,,24,3
1078,1081,875.053674978382,Far,56.9905049158345,Northeast,Northeast,Isolated,Explicit,f,,,,,,24,3
1080,1284,971.117291558444,Far,312.174718447686,Northwest,Northwest,Isolated,Explicit,f,,,,,,3,3
1080,1315,890.575074804326,Far,301.412314787542,Northwest,Northwest,Isolated,Explicit,f,,,,,,3,3
1086,1410,432.735578944623,Medium,81.1635732288274,East,East,Isolated,Explicit,f,,,,,,9,3
1086,1290,953.256133813385,Far,230.062779063847,Southwest,Southwest,Isolated,Explicit,f,,,,,,9,3
1096,219221,690.432312688132,Far,80.9019359602394,East,East,Isolated,Explicit,f,,,,,,5,3
1096,218964,689.76677864049,Far,81.2757443640092,East,East,Isolated,Explicit,f,,,,,,5,3
1096,1355,309.039988380511,Medium,80.7286924061943,East,East,Isolated,Explicit,f,,,,,,5,3
1096,1084,248.962736970741,Medium,257.416365529942,West,West,Isolated,Explicit,f,,,,,,5,3
1139,1180,340.853121793163,Medium,239.542469013936,Southwest,Southwest,Isolated,Explicit,f,,,,,,1,3
1140,1401,587.265516310467,Far,191.756589478701,South,South,Isolated,Explicit,f,,,,,,11,3
1140,1304,763.282378317171,Far,206.177121212396,Southwest,Southwest,Isolated,Explicit,f,,,,,,11,3
1140,1378,822.671238578019,Far,181.523748866261,South,South,Isolated,Explicit,f,,,,,,11,3
1140,1065,28.0100510022135,VeryClose,208.929899757682,Southwest,Southwest,Isolated,Explicit,f,,,,,,11,3
1140,1087,487.682580893161,Medium,110.650892816762,East,East,Isolated,Explicit,t,,,,,,11,3
1140,1282,744.551849804191,Far,145.492769688072,Southeast,Southeast,Isolated,Explicit,f,,,,,,11,3
1140,1132,506.923107673911,Far,118.620083090801,Southeast,Southeast,Isolated,Explicit,f,,,,,,11,3
1143,1233,416.385326058471,Medium,229.624702673145,Southwest,Southwest,Isolated,Explicit,f,,,,,,2,3
1143,1289,510.374859516498,Far,245.778285632389,Southwest,Southwest,Isolated,Explicit,t,,,,,,2,3
1148,1233,899.915193863295,Far,238.389973879454,Southwest,Southwest,Isolated,Explicit,f,,,,,,1,3
1152,1144,799.707619453725,Far,17.8142455504351,North,North,Isolated,Explicit,f,,,,,,2,3
1152,1301,710.061342550168,Far,353.591839475947,North,North,Isolated,Explicit,f,,,,,,2,3
1157,1231,770.831100369012,Far,11.7019555370432,North,North,Isolated,Explicit,f,,,,,,2,3
1157,1167,762.044524588775,Far,23.2579602743861,Northeast,Northeast,Isolated,Explicit,f,,,,,,2,3
1168,1144,864.676846681651,Far,42.8569905147599,Northeast,Northeast,Isolated,Explicit,t,,,,,,2,3
1168,1301,635.633609819985,Far,24.5622755705339,Northeast,Northeast,Isolated,Explicit,f,,,,,,2,3
1172,1296,999.466957349531,Far,90.9788935525899,East,East,Isolated,Explicit,f,,,,,,35,3
1172,1359,946.733241584067,Far,88.9364207082775,East,East,Isolated,Explicit,t,,,,,,35,3
1172,1332,946.483613505511,Far,88.9225647661247,East,East,Isolated,Explicit,t,,,,,,35,3
1172,1297,954.786688230601,Far,97.5797366219848,East,East,Isolated,Explicit,f,,,,,,35,3
1172,1770,752.482874323044,Far,183.759620240503,South,South,Isolated,Explicit,f,,,,,,35,3
1172,1401,919.792782756332,Far,6.45539628742746,North,North,Isolated,Explicit,f,,,,,,35,3
1172,1304,811.904593408344,Far,351.953325144252,North,North,Isolated,Explicit,f,,,,,,35,3
1172,1378,696.230343260344,Far,16.7966754921369,North,North,Isolated,Explicit,f,,,,,,35,3
1172,1038,414.345319107133,Medium,126.852187702731,Southeast,Southeast,Isolated,Explicit,f,,,,,,35,3
1172,1052,641.17129747723,Far,127.016268843618,Southeast,Southeast,Isolated,Explicit,f,,,,,,35,3
1172,1370,640.163652936793,Far,126.984143361092,Southeast,Southeast,Isolated,Explicit,f,,,,,,35,3
1172,1194,533.059304826226,Far,113.692350737359,Southeast,Southeast,Isolated,Explicit,f,,,,,,35,3
1172,1380,713.625738016389,Far,124.93448340243,Southeast,Southeast,Isolated,Explicit,f,,,,,,35,3
1172,1069,608.618973227162,Far,82.7310370682848,East,East,Isolated,Explicit,f,,,,,,35,3
1172,1361,693.084292040138,Far,124.232326351719,Southeast,Southeast,Isolated,Explicit,f,,,,,,35,3
1172,995,913.148541339059,Far,129.584274051435,Southeast,Southeast,Isolated,Explicit,f,,,,,,35,3
1172,1367,885.870629239312,Far,128.382261813556,Southeast,Southeast,Isolated,Explicit,f,,,,,,35,3
1172,1356,832.300848987101,Far,128.027705051374,Southeast,Southeast,Isolated,Explicit,f,,,,,,35,3
1172,1035,847.979762592853,Far,50.4591441076163,Northeast,Northeast,Isolated,Explicit,f,,,,,,35,3
1172,1182,887.249825570015,Far,126.157841023772,Southeast,Southeast,Isolated,Explicit,f,,,,,,35,3
1172,1343,846.679657458862,Far,74.3578659143349,East,East,Isolated,Explicit,f,,,,,,35,3
1172,1333,780.364044738772,Far,97.4034470417732,East,East,Isolated,Explicit,f,,,,,,35,3
1172,984,997.20112410239,Far,56.5866467308264,Northeast,Northeast,Isolated,Explicit,f,,,,,,35,3
1172,1314,795.244815692961,Far,281.102066074606,West,West,Isolated,Explicit,f,,,,,,35,3
1176,1144,311.461168018374,Medium,128.869460392255,Southeast,Southeast,Isolated,Explicit,f,,,,,,14,3
1176,1273,825.694268372622,Far,293.126591522889,Northwest,Northwest,Isolated,Explicit,f,,,,,,14,3
1176,1323,615.478014232011,Far,311.919802958177,Northwest,Northwest,Isolated,Explicit,f,,,,,,14,3
1176,1077,579.68171921994,Far,314.076783269831,Northwest,Northwest,Isolated,Explicit,t,,,,,,14,3
1176,1115,631.621102517776,Far,305.387039368729,Northwest,Northwest,Isolated,Explicit,f,,,,,,14,3
1176,1103,615.68016303564,Far,306.70618717137,Northwest,Northwest,Isolated,Explicit,f,,,,,,14,3
1176,1072,722.004438668552,Far,300.972990360723,Northwest,Northwest,Isolated,Explicit,f,,,,,,14,3
1176,1301,264.058940651982,Medium,197.956889132378,South,South,Isolated,Explicit,f,,,,,,14,3
1176,1348,390.342716070022,Medium,345.062661179479,North,North,Isolated,Explicit,f,,,,,,14,3
1176,1156,947.724340510297,Far,276.810453809649,West,West,Isolated,Explicit,f,,,,,,14,3
1184,215905,886.13210316195,Far,339.51084851778,North,North,Isolated,Explicit,f,,,,,,11,3
1184,217706,904.960208726795,Far,339.32726397164,North,North,Isolated,Explicit,f,,,,,,11,3
1184,218025,962.693830179648,Far,340.413313181517,North,North,Isolated,Explicit,f,,,,,,11,3
1184,210864,976.768148670984,Far,335.826785896091,Northwest,Northwest,Isolated,Explicit,t,,,,,,11,3
1184,1372,834.096230016113,Far,318.617564351178,Northwest,Northwest,Isolated,Explicit,f,,,,,,11,3
1184,1262,865.42880604615,Far,309.472909542534,Northwest,Northwest,Isolated,Explicit,f,,,,,,11,3
1184,1274,808.655710328622,Far,80.8276832386329,East,East,Isolated,Explicit,f,,,,,,11,3
1184,1369,880.201528005252,Far,57.3329679528293,Northeast,Northeast,Isolated,Explicit,f,,,,,,11,3
1184,931,984.376451130818,Far,72.4290627772921,East,East,Isolated,Explicit,f,,,,,,11,3
1189,1299,882.96600675237,Far,208.274722573796,Southwest,Southwest,Isolated,Explicit,f,,,,,,22,3
1189,1364,726.236160634772,Far,196.871570652352,South,South,Isolated,Explicit,f,,,,,,22,3
1189,1274,651.230718050437,Far,27.2876030774637,Northeast,Northeast,Isolated,Explicit,f,,,,,,22,3
1189,1369,955.886757640541,Far,14.6166324576161,North,North,Isolated,Explicit,f,,,,,,22,3
1189,892,960.329837420646,Far,43.6962081124976,Northeast,Northeast,Isolated,Explicit,t,,,,,,22,3
1189,965,926.811226693057,Far,34.9543263675277,Northeast,Northeast,Isolated,Explicit,f,,,,,,22,3
1189,1254,904.764724803731,Far,36.2880213334541,Northeast,Northeast,Isolated,Explicit,f,,,,,,22,3
1189,1294,815.017757861374,Far,41.7876271800094,Northeast,Northeast,Isolated,Explicit,f,,,,,,22,3
1189,931,866.314817050922,Far,30.4238093374403,Northeast,Northeast,Isolated,Explicit,f,,,,,,22,3
1189,1082,698.219247841444,Far,167.800253566385,South,South,Isolated,Explicit,f,,,,,,22,3
1189,1394,682.479298858892,Far,166.557699365774,South,South,Isolated,Explicit,f,,,,,,22,3
1189,1255,643.073528033056,Far,162.668754732309,South,South,Isolated,Explicit,f,,,,,,22,3
1189,1083,993.039249297361,Far,167.953908560839,South,South,Isolated,Explicit,f,,,,,,22,3
1189,962,693.501178270993,Far,152.359346811699,Southeast,Southeast,Isolated,Explicit,f,,,,,,22,3
1189,1128,941.859276909433,Far,177.951615761313,South,South,Isolated,Explicit,t,,,,,,22,3
1189,1098,951.559329398954,Far,182.110938258922,South,South,Isolated,Explicit,f,,,,,,22,3
1189,1170,846.139636277524,Far,117.856163813843,Southeast,Southeast,Isolated,Explicit,f,,,,,,22,3
1189,1030,726.491534360182,Far,118.860127773609,Southeast,Southeast,Isolated,Explicit,f,,,,,,22,3
1189,928,784.842849274102,Far,135.165545195541,Southeast,Southeast,Isolated,Explicit,f,,,,,,22,3
1189,1202,741.907834627789,Far,137.861344125932,Southeast,Southeast,Isolated,Explicit,f,,,,,,22,3
1189,1261,728.180773777169,Far,140.158314672279,Southeast,Southeast,Isolated,Explicit,f,,,,,,22,3
1189,849,675.222235253709,Far,145.170212872619,Southeast,Southeast,Isolated,Explicit,f,,,,,,22,3
1190,1144,911.263603361748,Far,115.804530764019,Southeast,Southeast,Isolated,Explicit,f,,,,,,14,3
1190,1077,258.609853990084,Medium,38.6312184083602,Northeast,Northeast,Isolated,Explicit,f,,,,,,14,3
1190,1256,601.850208324881,Far,75.4221926900148,East,East,Isolated,Explicit,f,,,,,,14,3
1190,1229,602.646962152498,Far,73.5071748572909,East,East,Isolated,Explicit,f,,,,,,14,3
1190,1301,671.700202577692,Far,132.340598546643,Southeast,Southeast,Isolated,Explicit,f,,,,,,14,3
1190,1348,508.677444395925,Far,69.7653451240415,East,East,Isolated,Explicit,f,,,,,,14,3
1190,1156,373.84486727802,Medium,256.25401014718,West,West,Isolated,Explicit,f,,,,,,14,3
1191,1408,724.681133045381,Far,315.833283636298,Northwest,Northwest,Isolated,Explicit,f,,,,,,9,3
1191,1299,999.981759331054,Far,183.873035140249,South,South,Isolated,Explicit,f,,,,,,9,3
1191,1364,925.698159293626,Far,171.304962972975,South,South,Isolated,Explicit,f,,,,,,9,3
1191,1274,741.762212078959,Far,61.0826138786067,Northeast,Northeast,Isolated,Explicit,f,,,,,,9,3
1191,1369,920.448910531659,Far,40.0228663633415,Northeast,Northeast,Isolated,Explicit,f,,,,,,9,3
1191,1294,974.247637049063,Far,66.5556952652114,Northeast,Northeast,Isolated,Explicit,t,,,,,,9,3
1191,931,949.126148302559,Far,56.2762711756011,Northeast,Northeast,Isolated,Explicit,f,,,,,,9,3
1191,1255,994.766441722673,Far,146.965908824719,Southeast,Southeast,Isolated,Explicit,f,,,,,,9,3
1206,855,842.091595420614,Far,320.4375738774,Northwest,Northwest,Isolated,Explicit,f,,,,,,6,3
1206,852,986.36547294436,Far,328.123350531387,Northwest,Northwest,Isolated,Explicit,f,,,,,,6,3
1206,850,778.144358185819,Far,324.795687954445,Northwest,Northwest,Isolated,Explicit,f,,,,,,6,3
1206,1407,835.724821392188,Far,326.472308289859,Northwest,Northwest,Isolated,Explicit,f,,,,,,6,3
1206,853,804.964041039483,Far,323.402282469443,Northwest,Northwest,Isolated,Explicit,f,,,,,,6,3
1206,1391,578.728936861996,Far,319.896894598294,Northwest,Northwest,Isolated,Explicit,f,,,,,,6,3
1219,1302,905.601527262997,Far,357.29192379699,North,North,Isolated,Explicit,f,,,,,,10,3
1219,1084,866.951306677701,Far,348.288563306702,North,North,Isolated,Explicit,f,,,,,,10,3
1219,834,872.544895338968,Far,279.425428079916,West,West,Isolated,Explicit,f,,,,,,10,3
1219,855,749.160106510927,Far,268.025665661302,West,West,Isolated,Explicit,t,,,,,,10,3
1219,852,751.076333483077,Far,282.503244670213,West,West,Isolated,Explicit,f,,,,,,10,3
1219,851,771.913189902278,Far,285.435957931538,West,West,Isolated,Explicit,f,,,,,,10,3
1219,850,662.12732460957,Far,266.607522925004,West,West,Isolated,Explicit,f,,,,,,10,3
1219,1407,674.324144953536,Far,271.841698567838,West,West,Isolated,Explicit,f,,,,,,10,3
1219,853,692.882015762559,Far,267.622237489346,West,West,Isolated,Explicit,t,,,,,,10,3
1219,1391,629.607294459688,Far,248.344330264971,West,West,Isolated,Explicit,f,,,,,,10,3
1225,2267,909.423640116955,Far,179.204277549577,South,South,Isolated,Explicit,t,,,,,,27,3
1225,1987,875.049477624468,Far,173.206683997294,South,South,Isolated,Explicit,f,,,,,,27,3
1225,1617,382.085514976766,Medium,95.9010092173196,East,East,Isolated,Explicit,f,,,,,,27,3
1225,2170,714.085655065059,Far,149.541215417179,Southeast,Southeast,Isolated,Explicit,f,,,,,,27,3
1225,1450,870.213199987536,Far,156.87798603661,Southeast,Southeast,Isolated,Explicit,t,,,,,,27,3
1225,2012,960.406425187246,Far,145.616337636451,Southeast,Southeast,Isolated,Explicit,f,,,,,,27,3
1225,2132,942.881309849073,Far,152.215653649474,Southeast,Southeast,Isolated,Explicit,f,,,,,,27,3
1225,64291,869.488385749726,Far,126.455329223903,Southeast,Southeast,Isolated,Explicit,f,,,,,,27,3
1225,71562,872.255813270245,Far,123.61343044398,Southeast,Southeast,Isolated,Explicit,f,,,,,,27,3
1225,66040,907.08216115176,Far,124.719094275369,Southeast,Southeast,Isolated,Explicit,f,,,,,,27,3
1225,75402,894.60550792055,Far,122.412319127525,Southeast,Southeast,Isolated,Explicit,f,,,,,,27,3
1225,71975,886.706699912013,Far,116.452172064584,Southeast,Southeast,Isolated,Explicit,f,,,,,,27,3
1225,62449,984.982765454802,Far,118.812508180907,Southeast,Southeast,Isolated,Explicit,f,,,,,,27,3
1225,71001,947.450309057382,Far,118.629027124051,Southeast,Southeast,Isolated,Explicit,f,,,,,,27,3
1225,1207,977.445390531828,Far,314.656426619084,Northwest,Northwest,Isolated,Explicit,t,,,,,,27,3
1225,1102,954.597372271944,Far,311.641588734956,Northwest,Northwest,Isolated,Explicit,f,,,,,,27,3
1225,1366,873.023385261979,Far,314.619981794129,Northwest,Northwest,Isolated,Explicit,t,,,,,,27,3
1225,1357,873.684449325991,Far,314.913625572039,Northwest,Northwest,Isolated,Explicit,t,,,,,,27,3
1225,1336,508.6412056805,Far,252.736942119136,West,West,Isolated,Explicit,f,,,,,,27,3
1225,1018,801.113481224086,Far,331.015832789116,Northwest,Northwest,Isolated,Explicit,f,,,,,,27,3
1225,902,531.246097402505,Far,311.275785970942,Northwest,Northwest,Isolated,Explicit,f,,,,,,27,3
1237,1323,559.711314707439,Far,93.8490159064821,East,East,Isolated,Explicit,f,,,,,,11,3
1237,1077,601.690918982068,Far,94.339472929119,East,East,Isolated,Explicit,f,,,,,,11,3
1237,1115,508.301217501564,Far,99.3974922118191,East,East,Isolated,Explicit,f,,,,,,11,3
1237,1103,529.018396796629,Far,98.7819174759182,East,East,Isolated,Explicit,f,,,,,,11,3
1237,1072,404.789867647435,Medium,100.994381990097,East,East,Isolated,Explicit,f,,,,,,11,3
1237,1348,918.594214148616,Far,94.4713534964994,East,East,Isolated,Explicit,f,,,,,,11,3
1237,1156,344.722464607444,Medium,167.369654759984,South,South,Isolated,Explicit,f,,,,,,11,3
1258,1230,746.623628664126,Far,14.8864881996644,North,North,Isolated,Explicit,f,,,,,,3,3
1258,1106,665.060867959526,Far,12.8247571467593,North,North,Isolated,Explicit,f,,,,,,3,3
1258,1177,688.196518880242,Far,14.6123521307659,North,North,Isolated,Explicit,f,,,,,,3,3
1268,1290,414.883649544094,Medium,100.731643178378,East,East,Isolated,Explicit,f,,,,,,12,3
1268,1067,379.812126342655,Medium,158.131544177269,South,South,Isolated,Explicit,f,,,,,,12,3
1268,1124,584.0832599997,Far,199.353574482175,South,South,Isolated,Explicit,f,,,,,,12,3
1269,885,863.183812650474,Far,140.786646378364,Southeast,Southeast,Isolated,Explicit,f,,,,,,6,3
1269,1401,912.012817939429,Far,212.335941088026,Southwest,Southwest,Isolated,Explicit,f,,,,,,6,3
1269,1065,440.648060706454,Medium,240.025731687635,Southwest,Southwest,Isolated,Explicit,f,,,,,,6,3
1269,1087,378.059211083916,Medium,166.511002891929,South,South,Isolated,Explicit,f,,,,,,6,3
1269,1282,810.964887012169,Far,176.207882974265,South,South,Isolated,Explicit,f,,,,,,6,3
1298,219768,642.685236204634,Far,297.853570763943,Northwest,Northwest,Isolated,Explicit,f,,,,,,108,6
1298,218452,820.619498549808,Far,311.935456304989,Northwest,Northwest,Isolated,Explicit,f,,,,,,108,6
1298,211887,821.694531205492,Far,312.325067515154,Northwest,Northwest,Isolated,Explicit,f,,,,,,108,6
1298,212210,922.308133243138,Far,329.244332294293,Northwest,Northwest,Isolated,Explicit,f,,,,,,108,6
1298,211716,941.68157785183,Far,329.540975882369,Northwest,Northwest,Isolated,Explicit,f,,,,,,108,6
1298,211599,949.411135111941,Far,329.700892201601,Northwest,Northwest,Isolated,Explicit,f,,,,,,108,6
1298,212228,775.303898629375,Far,322.758222010139,Northwest,Northwest,Isolated,Explicit,f,,,,,,108,6
1298,216173,757.542514431714,Far,321.883300748553,Northwest,Northwest,Isolated,Explicit,f,,,,,,108,6
1298,213593,738.656427654302,Far,322.051163985101,Northwest,Northwest,Isolated,Explicit,f,,,,,,108,6
1298,214110,784.411751967986,Far,324.35354812698,Northwest,Northwest,Isolated,Explicit,f,,,,,,108,6
1298,215437,782.118875004436,Far,324.184006157492,Northwest,Northwest,Isolated,Explicit,f,,,,,,108,6
1298,212287,793.102697480813,Far,324.705047454385,Northwest,Northwest,Isolated,Explicit,f,,,,,,108,6
1298,211434,798.731077986621,Far,324.376506187044,Northwest,Northwest,Isolated,Explicit,f,,,,,,108,6
1298,211570,935.767258068071,Far,330.971455691722,Northwest,Northwest,Isolated,Explicit,f,,,,,,108,6
1298,212182,806.804955343931,Far,326.553095187887,Northwest,Northwest,Isolated,Explicit,f,,,,,,108,6
1298,214981,806.804955343931,Far,326.553095187887,Northwest,Northwest,Isolated,Explicit,f,,,,,,108,6
1298,211761,714.254037002357,Far,321.999650679429,Northwest,Northwest,Isolated,Explicit,f,,,,,,108,6
1298,212196,726.369408980892,Far,323.350949849366,Northwest,Northwest,Isolated,Explicit,f,,,,,,108,6
1298,212530,736.411568799113,Far,323.866933369579,Northwest,Northwest,Isolated,Explicit,f,,,,,,108,6
1298,211448,746.133390921257,Far,324.119970064938,Northwest,Northwest,Isolated,Explicit,f,,,,,,108,6
1298,216460,917.747807211054,Far,339.428663911486,North,North,Isolated,Explicit,f,,,,,,108,6
1298,218325,795.962263637355,Far,338.140109332335,North,North,Isolated,Explicit,f,,,,,,108,6
1298,216579,918.625393852621,Far,343.68487691989,North,North,Isolated,Explicit,f,,,,,,108,6
1298,215417,686.902279091846,Far,340.328314124386,North,North,Isolated,Explicit,f,,,,,,108,6
1298,218301,915.742822130806,Far,350.662819348206,North,North,Isolated,Explicit,f,,,,,,108,6
1298,218236,621.069686096055,Far,355.447852672331,North,North,Isolated,Explicit,f,,,,,,108,6
1298,216416,789.038687086053,Far,356.638481994155,North,North,Isolated,Explicit,f,,,,,,108,6
1298,214560,726.14332724411,Far,358.243723334023,North,North,Isolated,Explicit,t,,,,,,108,6
1298,213071,819.136263590847,Far,1.90238757402822,North,North,Isolated,Explicit,f,,,,,,108,6
1298,211936,729.980102142293,Far,2.89419557692458,North,North,Isolated,Explicit,f,,,,,,108,6
1298,211930,633.728741886836,Far,4.41262166495311,North,North,Isolated,Explicit,f,,,,,,108,6
1298,216299,605.147659489415,Far,5.24467844444318,North,North,Isolated,Explicit,f,,,,,,108,6
1298,211644,597.240549993782,Far,5.11816939987999,North,North,Isolated,Explicit,f,,,,,,108,6
1298,216724,763.984686278862,Far,4.13549513882492,North,North,Isolated,Explicit,f,,,,,,108,6
1298,216436,661.067448578424,Far,3.93320399664786,North,North,Isolated,Explicit,f,,,,,,108,6
1298,212291,766.587755686201,Far,4.43019817573877,North,North,Isolated,Explicit,f,,,,,,108,6
1298,216536,533.107118630825,Far,7.55358549737584,North,North,Isolated,Explicit,f,,,,,,108,6
1298,211112,532.929451244941,Far,7.59293278168368,North,North,Isolated,Explicit,f,,,,,,108,6
1298,219315,540.796647410155,Far,11.1607671670167,North,North,Isolated,Explicit,f,,,,,,108,6
1298,214466,728.998900525354,Far,8.4307152165662,North,North,Isolated,Explicit,f,,,,,,108,6
1298,212650,727.480901926455,Far,8.64422182367506,North,North,Isolated,Explicit,f,,,,,,108,6
1298,219356,535.822576498418,Far,13.6681959078811,North,North,Isolated,Explicit,f,,,,,,108,6
1298,216482,639.524420834696,Far,12.1254626352059,North,North,Isolated,Explicit,f,,,,,,108,6
1298,216481,544.285290676435,Far,13.9311500588377,North,North,Isolated,Explicit,f,,,,,,108,6
1298,215443,550.56833542787,Far,16.5489280503598,North,North,Isolated,Explicit,f,,,,,,108,6
1298,215518,574.403980935011,Far,21.6077109130996,North,North,Isolated,Explicit,t,,,,,,108,6
1298,214555,577.346797389571,Far,22.1408401420001,North,North,Isolated,Explicit,t,,,,,,108,6
1298,216440,585.356571502113,Far,21.9652438195681,North,North,Isolated,Explicit,t,,,,,,108,6
1298,214481,526.171034465641,Far,42.7275027286083,Northeast,Northeast,Isolated,Explicit,t,,,,,,108,6
1298,219926,396.71011265481,Medium,57.5871870458504,Northeast,Northeast,Isolated,Explicit,f,,,,,,108,6
1298,219714,364.89326441453,Medium,57.5800741694294,Northeast,Northeast,Isolated,Explicit,f,,,,,,108,6
1298,219952,440.025563119812,Medium,46.4832659762818,Northeast,Northeast,Isolated,Explicit,f,,,,,,108,6
1298,219726,406.58512531514,Medium,44.5858187697908,Northeast,Northeast,Isolated,Explicit,t,,,,,,108,6
1298,212549,397.297486130516,Medium,46.3714719314853,Northeast,Northeast,Isolated,Explicit,f,,,,,,108,6
1298,219766,379.669813093073,Medium,47.7215982917448,Northeast,Northeast,Isolated,Explicit,f,,,,,,108,6
1298,216884,394.445966674027,Medium,45.2427692254769,Northeast,Northeast,Isolated,Explicit,f,,,,,,108,6
1298,216098,395.925192518106,Medium,41.5309026964946,Northeast,Northeast,Isolated,Explicit,f,,,,,,108,6
1298,219899,288.38510719416,Medium,45.815981387955,Northeast,Northeast,Isolated,Explicit,f,,,,,,108,6
1298,1271,216.080725273398,Medium,63.8921007793505,Northeast,Northeast,Isolated,Explicit,f,,,,,,108,6
1298,214156,514.784663117886,Far,10.2453637300546,North,North,Isolated,Explicit,f,,,,,,108,6
1298,220464,432.654302923518,Medium,357.423883005137,North,North,Isolated,Explicit,f,,,,,,108,6
1298,217639,463.28182831283,Medium,354.356265012178,North,North,Isolated,Explicit,f,,,,,,108,6
1298,217654,463.499049572203,Medium,353.743091121958,North,North,Isolated,Explicit,f,,,,,,108,6
1298,217687,463.499049572203,Medium,353.743091121958,North,North,Isolated,Explicit,f,,,,,,108,6
1298,1283,134.498293811085,Close,243.253372365346,Southwest,Southwest,Isolated,Explicit,f,,,,,,108,6
1298,219415,859.900029303391,Far,34.1509618780143,Northeast,Northeast,Isolated,Explicit,f,,,,,,108,6
1298,1286,762.781443844626,Far,264.722506123833,West,West,Isolated,Explicit,f,,,,,,108,6
1298,219204,482.548835861294,Medium,339.365936326804,North,North,Isolated,Explicit,f,,,,,,108,6
1298,215075,524.059207223254,Far,339.061189443617,North,North,Isolated,Explicit,f,,,,,,108,6
1298,215072,521.306795850539,Far,338.831077260786,North,North,Isolated,Explicit,f,,,,,,108,6
1298,216557,498.215317353549,Medium,337.140350737899,Northwest,Northwest,Isolated,Explicit,t,,,,,,108,6
1298,1287,226.534475136444,Medium,298.74712222586,Northwest,Northwest,Isolated,Explicit,f,,,,,,108,6
1298,1284,366.419362336623,Medium,223.723183226263,Southwest,Southwest,Isolated,Explicit,t,,,,,,108,6
1298,217403,483.326283512408,Medium,321.944929508735,Northwest,Northwest,Isolated,Explicit,f,,,,,,108,6
1298,219518,463.077437240343,Medium,316.043656413242,Northwest,Northwest,Isolated,Explicit,f,,,,,,108,6
1298,211767,467.966386547087,Medium,314.123240587767,Northwest,Northwest,Isolated,Explicit,t,,,,,,108,6
1298,1315,539.536227804129,Far,212.969966720743,Southwest,Southwest,Isolated,Explicit,f,,,,,,108,6
1298,932,385.537916224021,Medium,252.274663077037,West,West,Isolated,Explicit,f,,,,,,108,6
1298,213303,485.677315754597,Medium,311.043839628371,Northwest,Northwest,Isolated,Explicit,f,,,,,,108,6
1298,211689,495.310057329377,Medium,310.22790459627,Northwest,Northwest,Isolated,Explicit,f,,,,,,108,6
1298,214588,491.391460175241,Medium,310.440683863426,Northwest,Northwest,Isolated,Explicit,f,,,,,,108,6
1298,213958,485.400739810954,Medium,305.413280284831,Northwest,Northwest,Isolated,Explicit,f,,,,,,108,6
1298,216521,519.273547264984,Far,307.257256301226,Northwest,Northwest,Isolated,Explicit,f,,,,,,108,6
1298,213675,525.10197824037,Far,306.767103788786,Northwest,Northwest,Isolated,Explicit,f,,,,,,108,6
1298,213400,581.384799213857,Far,314.08986120037,Northwest,Northwest,Isolated,Explicit,t,,,,,,108,6
1298,212499,615.183337859724,Far,315.737584077044,Northwest,Northwest,Isolated,Explicit,f,,,,,,108,6
1298,215423,613.084488001638,Far,315.508609636272,Northwest,Northwest,Isolated,Explicit,f,,,,,,108,6
1298,214579,545.697805719513,Far,306.897299155802,Northwest,Northwest,Isolated,Explicit,f,,,,,,108,6
1298,214602,556.94736625083,Far,309.862757608846,Northwest,Northwest,Isolated,Explicit,f,,,,,,108,6
1298,212599,575.210962858386,Far,312.110703681935,Northwest,Northwest,Isolated,Explicit,f,,,,,,108,6
1298,211898,569.301828772304,Far,311.46196756538,Northwest,Northwest,Isolated,Explicit,f,,,,,,108,6
1298,212249,607.894749252094,Far,313.171672274846,Northwest,Northwest,Isolated,Explicit,t,,,,,,108,6
1298,213469,609.803482624046,Far,314.034519192836,Northwest,Northwest,Isolated,Explicit,t,,,,,,108,6
1298,212130,677.344963669132,Far,318.696549603483,Northwest,Northwest,Isolated,Explicit,f,,,,,,108,6
1298,216172,673.818526029111,Far,317.639724435663,Northwest,Northwest,Isolated,Explicit,f,,,,,,108,6
1298,213197,672.142712422464,Far,316.866313915078,Northwest,Northwest,Isolated,Explicit,f,,,,,,108,6
1331,1371,967.286795188072,Far,148.473619106772,Southeast,Southeast,Isolated,Explicit,f,,,,,,4,3
1331,1299,615.61617858093,Far,130.118147479405,Southeast,Southeast,Isolated,Explicit,f,,,,,,4,3
1331,1364,747.434978549687,Far,114.844764870367,Southeast,Southeast,Isolated,Explicit,f,,,,,,4,3
1345,1170,684.988816682479,Far,247.78957543337,West,West,Isolated,Explicit,f,,,,,,8,3
1345,1030,776.144809617915,Far,253.977440558104,West,West,Isolated,Explicit,f,,,,,,8,3
1345,928,929.29109031279,Far,243.121037100572,Southwest,Southwest,Isolated,Explicit,f,,,,,,8,3
1345,1202,976.462968147174,Far,244.932566226863,Southwest,Southwest,Isolated,Explicit,f,,,,,,8,3
1345,1376,644.208484323229,Far,221.060555893019,Southwest,Southwest,Isolated,Explicit,f,,,,,,8,3
1345,1068,579.645669387613,Far,136.280222049302,Southeast,Southeast,Isolated,Explicit,f,,,,,,8,3
1373,844,333.603651108376,Medium,242.659423275874,Southwest,Southwest,Isolated,Explicit,f,,,,,,3,3
1373,1382,854.613372663461,Far,342.64866921722,North,North,Isolated,Explicit,f,,,,,,3,3
1373,1173,932.021928331504,Far,324.837835417974,Northwest,Northwest,Isolated,Explicit,f,,,,,,3,3
1377,1171,534.6137277054,Far,130.907044709426,Southeast,Southeast,Isolated,Explicit,f,,,,,,16,3
1377,1272,663.776045061398,Far,127.474947830375,Southeast,Southeast,Isolated,Explicit,f,,,,,,16,3
1377,1401,775.177808111425,Far,41.997461616535,Northeast,Northeast,Isolated,Explicit,f,,,,,,16,3
1377,1304,555.123776850479,Far,32.9096363979448,Northeast,Northeast,Isolated,Explicit,f,,,,,,16,3
1377,1378,698.590505919048,Far,61.9359307234453,Northeast,Northeast,Isolated,Explicit,f,,,,,,16,3
1377,1038,949.505130281682,Far,128.137939182758,Southeast,Southeast,Isolated,Explicit,f,,,,,,16,3
1377,1314,409.181804573736,Medium,243.161162509933,Southwest,Southwest,Isolated,Explicit,f,,,,,,16,3
1377,1349,669.110278837753,Far,260.882311489434,West,West,Isolated,Explicit,f,,,,,,16,3
1377,1351,820.125185563054,Far,260.185459888456,West,West,Isolated,Explicit,f,,,,,,16,3
1383,1278,462.629064869578,Medium,218.508259290701,Southwest,Southwest,Isolated,Explicit,f,,,,,,205,10
1383,1354,49.7929454830979,VeryClose,290.001529934495,West,West,Isolated,Explicit,t,,,,,,205,10
1383,1192,600.20586476756,Far,7.24350353673651,North,North,Isolated,Explicit,f,,,,,,205,10
1383,1334,597.73857676896,Far,10.5717000584242,North,North,Isolated,Explicit,f,,,,,,205,10
1383,992,495.698509569695,Medium,26.3519953189192,Northeast,Northeast,Isolated,Explicit,f,,,,,,205,10
1383,1430,371.081852619986,Medium,39.0894745042984,Northeast,Northeast,Isolated,Explicit,f,,,,,,205,10
1383,1312,562.941393521242,Far,23.8036561314932,Northeast,Northeast,Isolated,Explicit,f,,,,,,205,10
1383,1326,498.238366836364,Medium,69.0867773401272,East,East,Isolated,Explicit,f,,,,,,205,10
1383,1026,511.310385169949,Far,70.2826985993182,East,East,Isolated,Explicit,f,,,,,,205,10
1383,1267,515.61667690767,Far,63.1145651333276,Northeast,Northeast,Isolated,Explicit,f,,,,,,205,10
1383,1196,821.099091085022,Far,32.6043962990254,Northeast,Northeast,Isolated,Explicit,f,,,,,,205,10
1383,988,455.887453107674,Medium,76.2832893199813,East,East,Isolated,Explicit,f,,,,,,205,10
1383,1136,423.990169959546,Medium,84.1334008687482,East,East,Isolated,Explicit,f,,,,,,205,10
1383,973,438.424739430457,Medium,78.1828236418907,East,East,Isolated,Explicit,f,,,,,,205,10
1383,1051,462.464488320262,Medium,67.1177434780602,Northeast,Northeast,Isolated,Explicit,t,,,,,,205,10
1383,999,438.651716748327,Medium,72.4652199620746,East,East,Isolated,Explicit,f,,,,,,205,10
1383,1328,436.373806864262,Medium,66.1600697584687,Northeast,Northeast,Isolated,Explicit,t,,,,,,205,10
1383,1324,431.927824966392,Medium,65.9259370341508,Northeast,Northeast,Isolated,Explicit,t,,,,,,205,10
1383,875,412.324698847587,Medium,70.9626448233785,East,East,Isolated,Explicit,f,,,,,,205,10
1383,1105,829.579104669931,Far,28.5999340561267,Northeast,Northeast,Isolated,Explicit,f,,,,,,205,10
1383,1316,821.769783563377,Far,28.958077542873,Northeast,Northeast,Isolated,Explicit,f,,,,,,205,10
1383,1107,831.856086533498,Far,28.3899844905557,Northeast,Northeast,Isolated,Explicit,f,,,,,,205,10
1383,1060,812.850812157062,Far,26.9831319235273,Northeast,Northeast,Isolated,Explicit,f,,,,,,205,10
1383,905,370.560961998229,Medium,61.1406838485108,Northeast,Northeast,Isolated,Explicit,f,,,,,,205,10
1383,1108,394.731913153284,Medium,70.9303092182298,East,East,Isolated,Explicit,f,,,,,,205,10
1383,959,417.531754276141,Medium,44.5961738802848,Northeast,Northeast,Isolated,Explicit,t,,,,,,205,10
1383,882,544.767590703826,Far,30.1748329686408,Northeast,Northeast,Isolated,Explicit,f,,,,,,205,10
1383,1344,512.649828245172,Far,32.1589660942032,Northeast,Northeast,Isolated,Explicit,f,,,,,,205,10
1383,873,539.106451683656,Far,29.1030645463674,Northeast,Northeast,Isolated,Explicit,f,,,,,,205,10
1383,1211,914.749094833929,Far,27.5141536223732,Northeast,Northeast,Isolated,Explicit,f,,,,,,205,10
1383,833,844.662221643306,Far,15.9506207076244,North,North,Isolated,Explicit,f,,,,,,205,10
1383,830,847.694999699385,Far,14.9449584323735,North,North,Isolated,Explicit,f,,,,,,205,10
1383,1309,869.381437679885,Far,9.3993608056892,North,North,Isolated,Explicit,f,,,,,,205,10
1383,1259,721.510020544456,Far,85.3017850923163,East,East,Isolated,Explicit,f,,,,,,205,10
1383,1016,715.729533757726,Far,80.6527480716373,East,East,Isolated,Explicit,f,,,,,,205,10
1383,994,655.218506988983,Far,83.9988995288977,East,East,Isolated,Explicit,f,,,,,,205,10
1383,946,668.888242972181,Far,79.9691069795188,East,East,Isolated,Explicit,f,,,,,,205,10
1383,1111,669.381936444211,Far,79.7062956423432,East,East,Isolated,Explicit,f,,,,,,205,10
1383,1426,677.195899225503,Far,83.7080892296361,East,East,Isolated,Explicit,f,,,,,,205,10
1383,1365,761.14526074598,Far,66.8519934711551,Northeast,Northeast,Isolated,Explicit,t,,,,,,205,10
1383,1270,664.56190902874,Far,67.0678072408851,Northeast,Northeast,Isolated,Explicit,t,,,,,,205,10
1383,964,643.623314145144,Far,79.2810796417526,East,East,Isolated,Explicit,f,,,,,,205,10
1383,1413,622.698542422985,Far,88.3736736808362,East,East,Isolated,Explicit,t,,,,,,205,10
1383,877,630.223827507652,Far,77.336677013713,East,East,Isolated,Explicit,f,,,,,,205,10
1383,1010,621.755413210819,Far,77.4594282200478,East,East,Isolated,Explicit,f,,,,,,205,10
1383,981,606.041743918675,Far,84.7611501299931,East,East,Isolated,Explicit,f,,,,,,205,10
1383,998,584.251385216628,Far,90.4798129304272,East,East,Isolated,Explicit,f,,,,,,205,10
1383,1007,598.207954436076,Far,75.5899385551734,East,East,Isolated,Explicit,f,,,,,,205,10
1383,1006,592.283116629729,Far,76.4470526058697,East,East,Isolated,Explicit,f,,,,,,205,10
1383,1205,763.713164061351,Far,46.6657154253974,Northeast,Northeast,Isolated,Explicit,f,,,,,,205,10
1383,1008,551.366030120807,Far,74.4624508606645,East,East,Isolated,Explicit,f,,,,,,205,10
1383,970,558.33471376845,Far,72.9673405908914,East,East,Isolated,Explicit,f,,,,,,205,10
1383,864,576.706730294342,Far,72.9642034341997,East,East,Isolated,Explicit,f,,,,,,205,10
1383,1064,580.271815236915,Far,77.6167069571461,East,East,Isolated,Explicit,f,,,,,,205,10
1383,991,571.879375667559,Far,90.2136004044951,East,East,Isolated,Explicit,f,,,,,,205,10
1383,1159,849.609895048933,Far,72.6315238519127,East,East,Isolated,Explicit,f,,,,,,205,10
1383,1012,830.967165893945,Far,89.0842818022941,East,East,Isolated,Explicit,t,,,,,,205,10
1383,1142,893.15499505058,Far,83.8027079132129,East,East,Isolated,Explicit,f,,,,,,205,10
1383,1198,105.179743474417,Close,146.831316656662,Southeast,Southeast,Isolated,Explicit,f,,,,,,205,10
1383,1227,101.110679394606,Close,142.993348269592,Southeast,Southeast,Isolated,Explicit,f,,,,,,205,10
1383,1248,137.674190267207,Close,147.609946518881,Southeast,Southeast,Isolated,Explicit,f,,,,,,205,10
1383,1249,118.623342157956,Close,138.928236718031,Southeast,Southeast,Isolated,Explicit,f,,,,,,205,10
1383,1081,804.464946179723,Far,174.510913976909,South,South,Isolated,Explicit,f,,,,,,205,10
1383,840,533.063294336722,Far,154.992457437819,Southeast,Southeast,Isolated,Explicit,f,,,,,,205,10
1383,872,505.874333429609,Far,154.590945589505,Southeast,Southeast,Isolated,Explicit,f,,,,,,205,10
1383,960,470.668996582679,Medium,153.154257973593,Southeast,Southeast,Isolated,Explicit,f,,,,,,205,10
1383,895,497.154726717811,Medium,112.047010542984,East,East,Isolated,Explicit,t,,,,,,205,10
1383,1110,503.22271903651,Far,114.943245454813,Southeast,Southeast,Isolated,Explicit,f,,,,,,205,10
1383,903,500.695649424526,Far,114.587000998544,Southeast,Southeast,Isolated,Explicit,f,,,,,,205,10
1383,1013,508.092614760987,Far,110.130829174766,East,East,Isolated,Explicit,t,,,,,,205,10
1383,963,516.249352910068,Far,110.907883230979,East,East,Isolated,Explicit,t,,,,,,205,10
1383,939,520.725918513423,Far,113.046580283393,Southeast,Southeast,Isolated,Explicit,f,,,,,,205,10
1383,940,526.778844331028,Far,110.301493781185,East,East,Isolated,Explicit,t,,,,,,205,10
1383,927,536.25279894411,Far,113.448570132567,Southeast,Southeast,Isolated,Explicit,f,,,,,,205,10
1383,937,523.030175764865,Far,110.540406583097,East,East,Isolated,Explicit,t,,,,,,205,10
1383,1046,530.113846638419,Far,109.142468750207,East,East,Isolated,Explicit,f,,,,,,205,10
1383,997,482.683615254104,Medium,112.330459024355,East,East,Isolated,Explicit,t,,,,,,205,10
1383,974,486.842533849714,Medium,115.882341721164,Southeast,Southeast,Isolated,Explicit,f,,,,,,205,10
1383,996,472.813684289381,Medium,114.067997065981,Southeast,Southeast,Isolated,Explicit,f,,,,,,205,10
1383,900,483.278158480031,Medium,116.287926626772,Southeast,Southeast,Isolated,Explicit,f,,,,,,205,10
1383,916,478.396854503842,Medium,116.393795871861,Southeast,Southeast,Isolated,Explicit,f,,,,,,205,10
1383,976,464.241075461159,Medium,113.6938820904,Southeast,Southeast,Isolated,Explicit,f,,,,,,205,10
1383,869,410.011758762824,Medium,96.8954338563995,East,East,Isolated,Explicit,f,,,,,,205,10
1383,980,446.801347957847,Medium,115.628995347783,Southeast,Southeast,Isolated,Explicit,f,,,,,,205,10
1383,1017,409.862524120486,Medium,98.1955317461964,East,East,Isolated,Explicit,f,,,,,,205,10
1383,1019,396.740902625604,Medium,98.2590147496556,East,East,Isolated,Explicit,f,,,,,,205,10
1383,1011,444.937369246657,Medium,120.026173446244,Southeast,Southeast,Isolated,Explicit,f,,,,,,205,10
1383,942,334.41339395989,Medium,100.593315528484,East,East,Isolated,Explicit,f,,,,,,205,10
1383,989,388.041992175314,Medium,123.595685107522,Southeast,Southeast,Isolated,Explicit,f,,,,,,205,10
1383,969,379.244448438591,Medium,122.408749774047,Southeast,Southeast,Isolated,Explicit,f,,,,,,205,10
1383,1004,373.023234781979,Medium,115.360892849897,Southeast,Southeast,Isolated,Explicit,f,,,,,,205,10
1383,919,403.423561473785,Medium,119.747175463149,Southeast,Southeast,Isolated,Explicit,f,,,,,,205,10
1383,979,409.130748539771,Medium,119.087073380783,Southeast,Southeast,Isolated,Explicit,f,,,,,,205,10
1383,1000,425.119476670308,Medium,121.309175605787,Southeast,Southeast,Isolated,Explicit,f,,,,,,205,10
1383,947,420.883567528321,Medium,117.995445210917,Southeast,Southeast,Isolated,Explicit,f,,,,,,205,10
1383,904,424.999052791756,Medium,117.102218595977,Southeast,Southeast,Isolated,Explicit,f,,,,,,205,10
1383,1044,425.291248801117,Medium,117.283364006478,Southeast,Southeast,Isolated,Explicit,f,,,,,,205,10
1383,917,426.112494018443,Medium,116.627339709569,Southeast,Southeast,Isolated,Explicit,f,,,,,,205,10
1383,1117,465.091721907334,Medium,135.790396992604,Southeast,Southeast,Isolated,Explicit,f,,,,,,205,10
1383,848,638.958822859768,Far,150.171830893918,Southeast,Southeast,Isolated,Explicit,f,,,,,,205,10
1383,1118,386.953650123631,Medium,125.568320154333,Southeast,Southeast,Isolated,Explicit,f,,,,,,205,10
1383,1003,343.280903692202,Medium,112.970144112261,Southeast,Southeast,Isolated,Explicit,f,,,,,,205,10
1383,1193,782.858075229708,Far,109.916947069179,East,East,Isolated,Explicit,f,,,,,,205,10
1383,1149,805.565238808416,Far,116.186359877406,Southeast,Southeast,Isolated,Explicit,f,,,,,,205,10
1383,898,678.175934430104,Far,103.97213071508,East,East,Isolated,Explicit,f,,,,,,205,10
1383,977,694.445802072546,Far,102.776218189057,East,East,Isolated,Explicit,f,,,,,,205,10
1383,920,593.619305265706,Far,92.1507406841524,East,East,Isolated,Explicit,f,,,,,,205,10
1383,978,532.855146316366,Far,103.839292317061,East,East,Isolated,Explicit,f,,,,,,205,10
1383,868,532.767339316998,Far,103.718873446177,East,East,Isolated,Explicit,f,,,,,,205,10
1383,1055,559.192335582033,Far,109.190955312696,East,East,Isolated,Explicit,f,,,,,,205,10
1383,1058,549.289081530863,Far,104.157418957876,East,East,Isolated,Explicit,f,,,,,,205,10
1383,1059,551.685777512242,Far,102.13543414887,East,East,Isolated,Explicit,f,,,,,,205,10
1383,1047,549.813392063773,Far,97.3804520820527,East,East,Isolated,Explicit,f,,,,,,205,10
1383,1005,576.294871262939,Far,94.9428427496504,East,East,Isolated,Explicit,f,,,,,,205,10
1383,897,579.179427718301,Far,97.2706591329807,East,East,Isolated,Explicit,f,,,,,,205,10
1383,1070,564.071126198619,Far,93.3118166063291,East,East,Isolated,Explicit,f,,,,,,205,10
1383,1210,909.15527042533,Far,121.996256627181,Southeast,Southeast,Isolated,Explicit,f,,,,,,205,10
1383,871,833.832603496104,Far,109.883726957873,East,East,Isolated,Explicit,f,,,,,,205,10
1383,899,817.706845804393,Far,105.045956203708,East,East,Isolated,Explicit,f,,,,,,205,10
1383,1291,911.404891078003,Far,104.571572154957,East,East,Isolated,Explicit,f,,,,,,205,10
1383,1279,949.242926957673,Far,114.397667253864,Southeast,Southeast,Isolated,Explicit,f,,,,,,205,10
1383,1022,959.491213458573,Far,99.7992012279051,East,East,Isolated,Explicit,f,,,,,,205,10
1385,1277,766.096077319027,Far,267.436089665247,West,West,Isolated,Explicit,f,,,,,,17,3
1385,1159,961.096584681964,Far,227.131093340045,Southwest,Southwest,Isolated,Explicit,f,,,,,,17,3
1385,1293,689.865442822294,Far,204.137465898907,Southwest,Southwest,Isolated,Explicit,f,,,,,,17,3
1385,1162,847.048750983063,Far,198.017553454816,South,South,Isolated,Explicit,f,,,,,,17,3
1385,1166,585.288671826287,Far,193.341242157613,South,South,Isolated,Explicit,f,,,,,,17,3
1385,1389,554.110778906975,Far,197.083393774813,South,South,Isolated,Explicit,f,,,,,,17,3
1385,1093,487.433668527875,Medium,329.188509228597,Northwest,Northwest,Isolated,Explicit,f,,,,,,17,3
1385,1392,332.092318387927,Medium,311.224359672246,Northwest,Northwest,Isolated,Explicit,f,,,,,,17,3
1385,1396,568.021430469589,Far,329.912829980942,Northwest,Northwest,Isolated,Explicit,f,,,,,,17,3
1385,1251,347.752135812705,Medium,101.96417534816,East,East,Isolated,Explicit,f,,,,,,17,3
1385,1252,345.823173542405,Medium,101.954397560451,East,East,Isolated,Explicit,f,,,,,,17,3
1385,1094,917.937816495204,Far,141.281416542147,Southeast,Southeast,Isolated,Explicit,f,,,,,,17,3
1385,1235,899.100649180221,Far,94.2017360081166,East,East,Isolated,Explicit,f,,,,,,17,3
1385,1113,915.515407604846,Far,95.0808034913202,East,East,Isolated,Explicit,f,,,,,,17,3
1386,1302,727.642605205757,Far,76.7625924575114,East,East,Isolated,Explicit,f,,,,,,18,3
1386,1084,585.721022597262,Far,79.0824331090001,East,East,Isolated,Explicit,f,,,,,,18,3
1386,220039,940.516500841371,Far,323.599826351103,Northwest,Northwest,Isolated,Explicit,f,,,,,,18,3
1386,834,605.099888328047,Far,190.442074600599,South,South,Isolated,Explicit,f,,,,,,18,3
1386,855,763.78350880457,Far,179.821412522809,South,South,Isolated,Explicit,t,,,,,,18,3
1386,852,575.641951341537,Far,178.224789063165,South,South,Isolated,Explicit,t,,,,,,18,3
1386,851,532.562956166249,Far,179.243992111644,South,South,Isolated,Explicit,t,,,,,,18,3
1386,850,782.36029428104,Far,173.384756886559,South,South,Isolated,Explicit,f,,,,,,18,3
1386,1407,720.437940259528,Far,173.854923753916,South,South,Isolated,Explicit,f,,,,,,18,3
1386,853,768.968285207094,Far,175.613743564817,South,South,Isolated,Explicit,f,,,,,,18,3
1386,1391,984.39736148537,Far,170.296046571682,South,South,Isolated,Explicit,f,,,,,,18,3
1386,213053,938.206884636122,Far,302.256246561133,Northwest,Northwest,Isolated,Explicit,f,,,,,,18,3
1386,211746,885.596703992977,Far,298.01053177884,Northwest,Northwest,Isolated,Explicit,f,,,,,,18,3
1386,219866,935.751441895915,Far,296.598895494584,Northwest,Northwest,Isolated,Explicit,f,,,,,,18,3
1386,219910,977.204776561449,Far,301.244603262507,Northwest,Northwest,Isolated,Explicit,f,,,,,,18,3
1386,219868,999.29385112431,Far,302.552547487988,Northwest,Northwest,Isolated,Explicit,f,,,,,,18,3
1386,219892,996.255110774608,Far,306.595252332572,Northwest,Northwest,Isolated,Explicit,f,,,,,,18,3
1386,219886,979.724182912557,Far,306.031435739376,Northwest,Northwest,Isolated,Explicit,f,,,,,,18,3
1409,1236,665.027525333676,Far,77.9739376231782,East,East,Isolated,Explicit,f,,,,,,5,3
1409,1410,24.9138039907906,VeryClose,247.144896521972,Southwest,Southwest,Isolated,Explicit,t,,,,,,5,3
1418,219768,638.856094424755,Far,51.4489147832156,Northeast,Northeast,Isolated,Explicit,f,,,,,,64,4
1418,218452,791.76372883601,Far,35.2877486544151,Northeast,Northeast,Isolated,Explicit,f,,,,,,64,4
1418,211887,797.435993592939,Far,35.2588574146228,Northeast,Northeast,Isolated,Explicit,f,,,,,,64,4
1418,212228,932.588809632103,Far,39.935154778549,Northeast,Northeast,Isolated,Explicit,f,,,,,,64,4
1418,216173,917.468279870839,Far,40.8617795204304,Northeast,Northeast,Isolated,Explicit,f,,,,,,64,4
1418,213593,916.177341514959,Far,42.0472430474543,Northeast,Northeast,Isolated,Explicit,f,,,,,,64,4
1418,214110,955.843500926612,Far,39.7111204138444,Northeast,Northeast,Isolated,Explicit,f,,,,,,64,4
1418,215437,953.025260642223,Far,39.8095181258378,Northeast,Northeast,Isolated,Explicit,f,,,,,,64,4
1418,212287,962.770824275359,Far,39.2847587794125,Northeast,Northeast,Isolated,Explicit,f,,,,,,64,4
1418,211434,959.871682671166,Far,38.8889489441866,Northeast,Northeast,Isolated,Explicit,f,,,,,,64,4
1418,212182,991.402069111191,Far,38.9445788144516,Northeast,Northeast,Isolated,Explicit,f,,,,,,64,4
1418,214981,991.402069111191,Far,38.9445788144516,Northeast,Northeast,Isolated,Explicit,f,,,,,,64,4
1418,211761,911.619685948231,Far,43.5508067391165,Northeast,Northeast,Isolated,Explicit,t,,,,,,64,4
1418,212196,930.359888254228,Far,42.9800754398747,Northeast,Northeast,Isolated,Explicit,t,,,,,,64,4
1418,212530,938.725597226554,Far,42.4518108171011,Northeast,Northeast,Isolated,Explicit,f,,,,,,64,4
1418,211448,943.919914625059,Far,41.9133821619258,Northeast,Northeast,Isolated,Explicit,f,,,,,,64,4
1418,1283,948.473472762412,Far,87.7436902611688,East,East,Isolated,Explicit,t,,,,,,64,4
1418,1346,738.421894892971,Far,263.759579522117,West,West,Isolated,Explicit,f,,,,,,64,4
1418,1027,813.423382524116,Far,263.481161105491,West,West,Isolated,Explicit,f,,,,,,64,4
1418,892,818.689129142889,Far,259.183000626275,West,West,Isolated,Explicit,f,,,,,,64,4
1418,907,763.3965950111,Far,280.995587687105,West,West,Isolated,Explicit,f,,,,,,64,4
1418,1363,844.171013270498,Far,280.955071333682,West,West,Isolated,Explicit,f,,,,,,64,4
1418,1201,831.953068828029,Far,264.598281476786,West,West,Isolated,Explicit,f,,,,,,64,4
1418,965,940.73792926218,Far,264.610866609389,West,West,Isolated,Explicit,f,,,,,,64,4
1418,1254,939.617526749152,Far,262.743222623714,West,West,Isolated,Explicit,f,,,,,,64,4
1418,1294,955.183117785177,Far,255.430333831655,West,West,Isolated,Explicit,f,,,,,,64,4
1418,218080,473.773435276767,Medium,345.408924987979,North,North,Isolated,Explicit,f,,,,,,64,4
1418,211076,605.47627087847,Far,340.138338527469,North,North,Isolated,Explicit,f,,,,,,64,4
1418,215740,654.521989792487,Far,305.778966409277,Northwest,Northwest,Isolated,Explicit,f,,,,,,64,4
1418,219641,831.506098593399,Far,331.702830670705,Northwest,Northwest,Isolated,Explicit,f,,,,,,64,4
1418,215656,700.898895427629,Far,346.142988932191,North,North,Isolated,Explicit,f,,,,,,64,4
1418,1286,309.540814283876,Medium,84.8637548592226,East,East,Isolated,Explicit,f,,,,,,64,4
1418,210941,978.76356075778,Far,63.0824957987478,Northeast,Northeast,Isolated,Explicit,f,,,,,,64,4
1418,1287,893.498115455269,Far,76.6160895004421,East,East,Isolated,Explicit,f,,,,,,64,4
1418,219366,949.34302132269,Far,60.8913457183808,Northeast,Northeast,Isolated,Explicit,f,,,,,,64,4
1418,1284,831.515253924466,Far,101.581407914743,East,East,Isolated,Explicit,f,,,,,,64,4
1418,219286,944.38871159463,Far,59.2608824479305,Northeast,Northeast,Isolated,Explicit,f,,,,,,64,4
1418,217691,908.405456895399,Far,61.1506880268389,Northeast,Northeast,Isolated,Explicit,f,,,,,,64,4
1418,217937,902.648901602725,Far,61.0266738880586,Northeast,Northeast,Isolated,Explicit,f,,,,,,64,4
1418,217403,906.468142904663,Far,58.1417375996075,Northeast,Northeast,Isolated,Explicit,f,,,,,,64,4
1418,219518,862.031309652095,Far,59.9838008588205,Northeast,Northeast,Isolated,Explicit,f,,,,,,64,4
1418,211767,845.696850192043,Far,59.9355696790611,Northeast,Northeast,Isolated,Explicit,f,,,,,,64,4
1418,1315,851.644646445138,Far,114.618658470106,Southeast,Southeast,Isolated,Explicit,f,,,,,,64,4
1418,932,700.882095998841,Far,91.5948671876823,East,East,Isolated,Explicit,f,,,,,,64,4
1418,213303,816.011230452713,Far,59.2856050798637,Northeast,Northeast,Isolated,Explicit,f,,,,,,64,4
1418,211689,806.342226411236,Far,58.7958038150761,Northeast,Northeast,Isolated,Explicit,f,,,,,,64,4
1418,214588,809.327061459967,Far,59.0178679977745,Northeast,Northeast,Isolated,Explicit,f,,,,,,64,4
1418,213958,771.795893468383,Far,60.5770435260097,Northeast,Northeast,Isolated,Explicit,f,,,,,,64,4
1418,216521,773.541105084336,Far,57.7968955074661,Northeast,Northeast,Isolated,Explicit,f,,,,,,64,4
1418,213675,767.30612710388,Far,57.5083750811328,Northeast,Northeast,Isolated,Explicit,f,,,,,,64,4
1418,213400,821.73181921871,Far,52.3106027305704,Northeast,Northeast,Isolated,Explicit,f,,,,,,64,4
1418,212499,835.207347873542,Far,49.8588348456601,Northeast,Northeast,Isolated,Explicit,f,,,,,,64,4
1418,215423,832.917880791042,Far,50.0152884321683,Northeast,Northeast,Isolated,Explicit,f,,,,,,64,4
1418,214579,761.427141948632,Far,56.0259148544872,Northeast,Northeast,Isolated,Explicit,f,,,,,,64,4
1418,214602,785.446099894438,Far,54.6131174183467,Northeast,Northeast,Isolated,Explicit,f,,,,,,64,4
1418,212599,803.05607799537,Far,52.9734695722183,Northeast,Northeast,Isolated,Explicit,f,,,,,,64,4
1418,211898,797.877427650931,Far,53.4800150682978,Northeast,Northeast,Isolated,Explicit,f,,,,,,64,4
1418,212249,808.690500333264,Far,50.5555558966381,Northeast,Northeast,Isolated,Explicit,f,,,,,,64,4
1418,213469,817.566452577168,Far,50.3449974292427,Northeast,Northeast,Isolated,Explicit,f,,,,,,64,4
1418,212130,868.013589981235,Far,45.6561042495468,Northeast,Northeast,Isolated,Explicit,f,,,,,,64,4
1418,216172,855.415207643933,Far,45.8554872185064,Northeast,Northeast,Isolated,Explicit,f,,,,,,64,4
1418,213197,846.294087368531,Far,45.9539070707675,Northeast,Northeast,Isolated,Explicit,f,,,,,,64,4
1483,1436,629.708829921126,Far,272.036047535656,West,West,Isolated,Explicit,f,,,,,,10,3
1483,1978,575.043362334056,Far,302.595452997279,Northwest,Northwest,Isolated,Explicit,f,,,,,,10,3
1483,1741,792.226203814533,Far,320.051012340745,Northwest,Northwest,Isolated,Explicit,f,,,,,,10,3
1483,1725,835.291806749634,Far,321.28311998991,Northwest,Northwest,Isolated,Explicit,f,,,,,,10,3
1483,2283,656.743998247206,Far,320.28109827379,Northwest,Northwest,Isolated,Explicit,f,,,,,,10,3
1483,1670,308.352207009513,Medium,206.072346961308,Southwest,Southwest,Isolated,Explicit,f,,,,,,10,3
1483,1794,640.017354035528,Far,349.22643983965,North,North,Isolated,Explicit,f,,,,,,10,3
1483,2211,608.342015811622,Far,348.595456721804,North,North,Isolated,Explicit,f,,,,,,10,3
1483,2025,646.958499987397,Far,98.7467715941855,East,East,Isolated,Explicit,f,,,,,,10,3
1496,1439,581.183107208101,Far,142.837868559138,Southeast,Southeast,Isolated,Explicit,f,,,,,,25,3
1496,1656,553.480955455598,Far,146.632387015144,Southeast,Southeast,Isolated,Explicit,f,,,,,,25,3
1496,2194,482.649922606269,Medium,139.31222198394,Southeast,Southeast,Isolated,Explicit,f,,,,,,25,3
1496,1480,564.99807590327,Far,144.732987519509,Southeast,Southeast,Isolated,Explicit,f,,,,,,25,3
1496,1923,454.098808469861,Medium,146.23043793344,Southeast,Southeast,Isolated,Explicit,f,,,,,,25,3
1496,1582,218.243023194286,Medium,160.563115201854,South,South,Isolated,Explicit,f,,,,,,25,3
1496,1482,449.051377169812,Medium,164.759714102376,South,South,Isolated,Explicit,f,,,,,,25,3
1496,1871,385.45394533476,Medium,157.252888806975,Southeast,Southeast,Isolated,Explicit,t,,,,,,25,3
1496,1621,588.476185977272,Far,165.027156493159,South,South,Isolated,Explicit,f,,,,,,25,3
1496,2197,770.706595250994,Far,201.951828482598,South,South,Isolated,Explicit,t,,,,,,25,3
1496,1616,962.987534500024,Far,193.306210220768,South,South,Isolated,Explicit,f,,,,,,25,3
1496,1459,860.789057072296,Far,185.534464643554,South,South,Isolated,Explicit,f,,,,,,25,3
1496,2205,871.777020392141,Far,186.622563069573,South,South,Isolated,Explicit,f,,,,,,25,3
1496,1976,905.466272804658,Far,209.995478004407,Southwest,Southwest,Isolated,Explicit,f,,,,,,25,3
1520,1471,86.4115374605303,Close,198.695415746475,South,South,Isolated,Explicit,f,,,,,,26,3
1520,1879,31.4641025342053,VeryClose,227.408804138876,Southwest,Southwest,Isolated,Explicit,f,,,,,,26,3
1520,1903,80.3369413157755,Close,251.314011106172,West,West,Isolated,Explicit,f,,,,,,26,3
1520,1614,575.938501816811,Far,332.8928503392,Northwest,Northwest,Isolated,Explicit,f,,,,,,26,3
1520,2281,719.696074579318,Far,289.879943428917,West,West,Isolated,Explicit,f,,,,,,26,3
1520,1799,951.51480285546,Far,314.626516412124,Northwest,Northwest,Isolated,Explicit,t,,,,,,26,3
1520,1898,626.258616944522,Far,243.908523345676,Southwest,Southwest,Isolated,Explicit,f,,,,,,26,3
1520,2231,810.476724286618,Far,216.208213277347,Southwest,Southwest,Isolated,Explicit,f,,,,,,26,3
1520,1612,300.457052239597,Medium,68.2224115858718,East,East,Isolated,Explicit,f,,,,,,26,3
1520,1475,244.754043857855,Medium,93.0827255428256,East,East,Isolated,Explicit,f,,,,,,26,3
1520,2227,233.473449855252,Medium,72.8747410839832,East,East,Isolated,Explicit,f,,,,,,26,3
1520,2222,470.06025017209,Medium,28.015911027336,Northeast,Northeast,Isolated,Explicit,f,,,,,,26,3
1520,1696,273.457168584194,Medium,145.542036973578,Southeast,Southeast,Isolated,Explicit,f,,,,,,26,3
1520,1691,294.821554121631,Medium,139.731196047308,Southeast,Southeast,Isolated,Explicit,f,,,,,,26,3
1520,1693,520.137027738742,Far,83.7674033313203,East,East,Isolated,Explicit,f,,,,,,26,3
1520,1702,506.172664155999,Far,87.5397482406544,East,East,Isolated,Explicit,t,,,,,,26,3
1520,1948,575.910764637117,Far,62.4183096017164,Northeast,Northeast,Isolated,Explicit,f,,,,,,26,3
1520,1803,899.079257838203,Far,31.559878611737,Northeast,Northeast,Isolated,Explicit,f,,,,,,26,3
1520,2098,533.005657247573,Far,45.0530365252901,Northeast,Northeast,Isolated,Explicit,f,,,,,,26,3
1520,1609,489.904302569142,Medium,44.9401542528756,Northeast,Northeast,Isolated,Explicit,t,,,,,,26,3
1520,1753,731.534938404008,Far,113.132302904753,Southeast,Southeast,Isolated,Explicit,f,,,,,,26,3
1520,2043,988.323608133539,Far,83.6108676592395,East,East,Isolated,Explicit,f,,,,,,26,3
1520,1699,933.698596081556,Far,96.0153626078218,East,East,Isolated,Explicit,f,,,,,,26,3
1520,2041,864.076428399994,Far,79.727065340159,East,East,Isolated,Explicit,f,,,,,,26,3
1555,1018,951.422113235563,Far,254.540042946267,West,West,Isolated,Explicit,f,,,,,,8,3
1555,1975,546.452792929096,Far,314.493382781679,Northwest,Northwest,Isolated,Explicit,t,,,,,,8,3
1555,68837,804.738514178606,Far,108.66316968373,East,East,Isolated,Explicit,f,,,,,,8,3
1555,61817,975.852543980614,Far,110.641796333859,East,East,Isolated,Explicit,t,,,,,,8,3
1661,1349,998.727332157108,Far,17.5333532849512,North,North,Isolated,Explicit,f,,,,,,13,3
1661,2239,761.033011996159,Far,256.515685014966,West,West,Isolated,Explicit,f,,,,,,13,3
1661,1887,590.56713352949,Far,247.94374329904,West,West,Isolated,Explicit,f,,,,,,13,3
1661,1881,610.885545378622,Far,248.63707797295,West,West,Isolated,Explicit,f,,,,,,13,3
1661,1884,626.718775860206,Far,249.2205264223,West,West,Isolated,Explicit,f,,,,,,13,3
1661,1894,614.945896844154,Far,251.4619114388,West,West,Isolated,Explicit,f,,,,,,13,3
1661,1890,582.910053021672,Far,196.543936572707,South,South,Isolated,Explicit,f,,,,,,13,3
1661,1305,952.19403248289,Far,357.572546910554,North,North,Isolated,Explicit,t,,,,,,13,3
1661,1351,931.281878151678,Far,9.48161875698729,North,North,Isolated,Explicit,f,,,,,,13,3
1661,1310,402.977929811022,Medium,33.2486181039291,Northeast,Northeast,Isolated,Explicit,f,,,,,,13,3
1661,1866,943.107346258949,Far,176.561881755824,South,South,Isolated,Explicit,f,,,,,,13,3
1698,1991,997.352716052359,Far,96.6868650203007,East,East,Isolated,Explicit,f,,,,,,19,3
1698,1992,993.992898896949,Far,97.4608170238135,East,East,Isolated,Explicit,f,,,,,,19,3
1698,1895,835.136781385307,Far,91.8518319139619,East,East,Isolated,Explicit,f,,,,,,19,3
1698,1512,759.163886481517,Far,93.5675764247395,East,East,Isolated,Explicit,f,,,,,,19,3
1698,1613,845.044329346007,Far,43.9023914343713,Northeast,Northeast,Isolated,Explicit,t,,,,,,19,3
1698,1869,585.567593323535,Far,57.6799053220504,Northeast,Northeast,Isolated,Explicit,f,,,,,,19,3
1698,1842,583.761780451952,Far,74.2016877954112,East,East,Isolated,Explicit,f,,,,,,19,3
1698,1726,371.769171218422,Medium,85.461762208975,East,East,Isolated,Explicit,f,,,,,,19,3
1698,1521,302.351418439683,Medium,120.33826356419,Southeast,Southeast,Isolated,Explicit,f,,,,,,19,3
1698,1801,287.568828183679,Medium,86.3374800298908,East,East,Isolated,Explicit,f,,,,,,19,3
1698,1880,98.2501358463117,Close,320.350795895081,Northwest,Northwest,Isolated,Explicit,f,,,,,,19,3
1698,1611,112.694647555159,Close,319.982842466825,Northwest,Northwest,Isolated,Explicit,f,,,,,,19,3
1698,1886,116.626259408974,Close,326.26245054273,Northwest,Northwest,Isolated,Explicit,f,,,,,,19,3
1698,2100,166.635175881624,Close,322.970333744721,Northwest,Northwest,Isolated,Explicit,f,,,,,,19,3
1698,2220,799.856113721976,Far,341.428769832992,North,North,Isolated,Explicit,f,,,,,,19,3
1698,1870,367.575051036921,Medium,299.894728439131,Northwest,Northwest,Isolated,Explicit,f,,,,,,19,3
1701,1570,865.462489535411,Far,241.773324821308,Southwest,Southwest,Isolated,Explicit,f,,,,,,28,3
1701,1559,977.607517152346,Far,236.743968066113,Southwest,Southwest,Isolated,Explicit,f,,,,,,28,3
1701,2215,863.81226704233,Far,288.854159417698,West,West,Isolated,Explicit,f,,,,,,28,3
1701,1635,911.05648864037,Far,288.439716110383,West,West,Isolated,Explicit,f,,,,,,28,3
1701,1847,913.638662215289,Far,251.480207903808,West,West,Isolated,Explicit,f,,,,,,28,3
1701,2059,954.990125686102,Far,307.275291801621,Northwest,Northwest,Isolated,Explicit,f,,,,,,28,3
1701,1965,888.562682509675,Far,308.918466281755,Northwest,Northwest,Isolated,Explicit,f,,,,,,28,3
1701,1601,869.498404607289,Far,316.841671043214,Northwest,Northwest,Isolated,Explicit,f,,,,,,28,3
1701,1633,868.187656304686,Far,316.953869358435,Northwest,Northwest,Isolated,Explicit,f,,,,,,28,3
1701,1591,860.833813964342,Far,316.793852818204,Northwest,Northwest,Isolated,Explicit,f,,,,,,28,3
1701,1561,843.599940592506,Far,318.124699383704,Northwest,Northwest,Isolated,Explicit,f,,,,,,28,3
1701,2102,598.002297171891,Far,316.834212996635,Northwest,Northwest,Isolated,Explicit,f,,,,,,28,3
1701,2005,586.557014159944,Far,203.417721395978,Southwest,Southwest,Isolated,Explicit,f,,,,,,28,3
1701,2047,739.699293776845,Far,203.112396816394,Southwest,Southwest,Isolated,Explicit,f,,,,,,28,3
1707,1727,730.838120601592,Far,167.816107205657,South,South,Isolated,Explicit,f,,,,,,19,3
1707,1766,882.244935285925,Far,16.8793592212614,North,North,Isolated,Explicit,f,,,,,,19,3
1707,2080,978.305674897912,Far,114.643845637605,Southeast,Southeast,Isolated,Explicit,f,,,,,,19,3
1707,2111,933.338941365063,Far,111.169035130222,East,East,Isolated,Explicit,t,,,,,,19,3
1707,2021,892.466998561022,Far,106.090518721197,East,East,Isolated,Explicit,f,,,,,,19,3
1707,2246,771.013904342013,Far,94.9373316473455,East,East,Isolated,Explicit,f,,,,,,19,3
1707,1782,913.109280093414,Far,62.1281656764153,Northeast,Northeast,Isolated,Explicit,f,,,,,,19,3
1707,1722,908.366613671266,Far,70.7765190105489,East,East,Isolated,Explicit,f,,,,,,19,3
1707,1832,568.973090730561,Far,228.860729540124,Southwest,Southwest,Isolated,Explicit,f,,,,,,19,3
1707,1873,695.477026313499,Far,297.278580289064,Northwest,Northwest,Isolated,Explicit,f,,,,,,19,3
1707,1777,921.764567747359,Far,306.994259377396,Northwest,Northwest,Isolated,Explicit,f,,,,,,19,3
1707,1991,777.691731321954,Far,283.838474164869,West,West,Isolated,Explicit,f,,,,,,19,3
1707,1992,779.565156194114,Far,282.82772088657,West,West,Isolated,Explicit,f,,,,,,19,3
1707,1895,951.634500519757,Far,286.806753018446,West,West,Isolated,Explicit,f,,,,,,19,3
1749,2179,602.036298054121,Far,259.350858795003,West,West,Isolated,Explicit,f,,,,,,3,3
1749,1435,674.26054004328,Far,267.264744061346,West,West,Isolated,Explicit,f,,,,,,3,3
1749,2284,722.591688737696,Far,4.83174198330878,North,North,Isolated,Explicit,f,,,,,,3,3
1773,1439,560.913506176948,Far,259.370672536729,West,West,Isolated,Explicit,f,,,,,,25,3
1773,1656,606.675601074982,Far,260.26864217825,West,West,Isolated,Explicit,f,,,,,,25,3
1773,2194,587.741965105538,Far,269.387616514167,West,West,Isolated,Explicit,t,,,,,,25,3
1773,1480,585.033323005596,Far,259.998486789476,West,West,Isolated,Explicit,f,,,,,,25,3
1773,1923,650.196166774363,Far,268.432636295138,West,West,Isolated,Explicit,t,,,,,,25,3
1773,1582,843.892058756301,Far,280.507368553912,West,West,Isolated,Explicit,f,,,,,,25,3
1773,2064,936.410157486832,Far,278.077598237646,West,West,Isolated,Explicit,f,,,,,,25,3
1773,1482,787.766482699205,Far,264.642017305442,West,West,Isolated,Explicit,f,,,,,,25,3
1773,1871,753.336083903515,Far,270.321365930139,West,West,Isolated,Explicit,f,,,,,,25,3
1773,1621,778.836177386961,Far,254.449403252776,West,West,Isolated,Explicit,f,,,,,,25,3
1773,1836,681.397639705452,Far,116.409304320449,Southeast,Southeast,Isolated,Explicit,f,,,,,,25,3
1773,1850,788.184771965708,Far,113.038457942512,Southeast,Southeast,Isolated,Explicit,f,,,,,,25,3
1773,1852,787.107243896515,Far,114.24947174063,Southeast,Southeast,Isolated,Explicit,f,,,,,,25,3
1773,2039,396.362517837705,Medium,106.853760561629,East,East,Isolated,Explicit,f,,,,,,25,3
1773,2044,434.690830297564,Medium,99.7108075243431,East,East,Isolated,Explicit,f,,,,,,25,3
1773,1950,514.620760735761,Far,123.449839086644,Southeast,Southeast,Isolated,Explicit,f,,,,,,25,3
1773,1998,531.190230612806,Far,112.40010346371,East,East,Isolated,Explicit,t,,,,,,25,3
1773,2119,795.810055628417,Far,136.657165799283,Southeast,Southeast,Isolated,Explicit,f,,,,,,25,3
1773,2115,786.9123590413,Far,136.179006382212,Southeast,Southeast,Isolated,Explicit,f,,,,,,25,3
1788,2072,949.370175923825,Far,98.7970429467759,East,East,Isolated,Explicit,f,,,,,,25,3
1788,1471,881.557853088246,Far,205.778496423085,Southwest,Southwest,Isolated,Explicit,f,,,,,,25,3
1788,1879,825.354282878844,Far,207.323509912748,Southwest,Southwest,Isolated,Explicit,f,,,,,,25,3
1788,1903,854.787455122174,Far,210.340670859024,Southwest,Southwest,Isolated,Explicit,f,,,,,,25,3
1788,1614,649.45117526561,Far,252.129042490758,West,West,Isolated,Explicit,f,,,,,,25,3
1788,1612,605.378842795352,Far,187.276090249739,South,South,Isolated,Explicit,f,,,,,,25,3
1788,1475,733.626932829736,Far,188.725006931639,South,South,Isolated,Explicit,f,,,,,,25,3
1788,2227,656.743975713968,Far,191.645127309078,South,South,Isolated,Explicit,f,,,,,,25,3
1788,1696,958.750121212168,Far,192.099455847639,South,South,Isolated,Explicit,f,,,,,,25,3
1788,1691,951.368534839761,Far,189.994915214444,South,South,Isolated,Explicit,f,,,,,,25,3
1788,1693,675.078595170254,Far,166.169542830202,South,South,Isolated,Explicit,f,,,,,,25,3
1788,1702,706.361700557982,Far,167.737836694961,South,South,Isolated,Explicit,f,,,,,,25,3
1788,1746,859.051383623689,Far,176.09036004586,South,South,Isolated,Explicit,f,,,,,,25,3
1788,2096,549.704699516721,Far,182.041753061211,South,South,Isolated,Explicit,f,,,,,,25,3
1788,2043,868.848989849932,Far,133.857216591578,Southeast,Southeast,Isolated,Explicit,t,,,,,,25,3
1788,2084,617.26419252736,Far,92.7171161700491,East,East,Isolated,Explicit,f,,,,,,25,3
1788,2081,619.318632218894,Far,108.313028709261,East,East,Isolated,Explicit,f,,,,,,25,3
1788,1699,991.964759092706,Far,144.724220449865,Southeast,Southeast,Isolated,Explicit,f,,,,,,25,3
1788,1687,629.305002550667,Far,114.121309191051,Southeast,Southeast,Isolated,Explicit,f,,,,,,25,3
1788,2041,745.517790183757,Far,138.444118286941,Southeast,Southeast,Isolated,Explicit,f,,,,,,25,3
1835,1959,380.468198506803,Medium,330.242054066076,Northwest,Northwest,Isolated,Explicit,f,,,,,,53,4
1835,2058,421.79983391961,Medium,330.339195185641,Northwest,Northwest,Isolated,Explicit,f,,,,,,53,4
1835,2031,683.484532652408,Far,340.886722779859,North,North,Isolated,Explicit,f,,,,,,53,4
1835,1951,257.597744321884,Medium,276.400682437523,West,West,Isolated,Explicit,f,,,,,,53,4
1835,1936,474.799803861286,Medium,329.600237179382,Northwest,Northwest,Isolated,Explicit,f,,,,,,53,4
1835,1745,322.761242483764,Medium,225.0244234787,Southwest,Southwest,Isolated,Explicit,f,,,,,,53,4
1835,1823,810.764758127921,Far,246.044496024629,Southwest,Southwest,Isolated,Explicit,t,,,,,,53,4
1835,1814,754.407354176867,Far,269.108101059422,West,West,Isolated,Explicit,t,,,,,,53,4
1835,1578,771.270353137333,Far,265.711074597636,West,West,Isolated,Explicit,f,,,,,,53,4
1835,1816,784.300227952024,Far,265.782480264769,West,West,Isolated,Explicit,f,,,,,,53,4
1835,1729,842.98268348228,Far,268.906089970718,West,West,Isolated,Explicit,t,,,,,,53,4
1835,1584,813.736610189749,Far,266.196078160806,West,West,Isolated,Explicit,f,,,,,,53,4
1835,1743,955.123141562124,Far,267.859869289875,West,West,Isolated,Explicit,t,,,,,,53,4
1835,1824,955.184503963942,Far,270.277712267365,West,West,Isolated,Explicit,f,,,,,,53,4
1835,1774,969.326836932781,Far,267.951047322557,West,West,Isolated,Explicit,t,,,,,,53,4
1835,1570,529.625922730582,Far,75.6893451034941,East,East,Isolated,Explicit,f,,,,,,53,4
1835,2215,938.838396588904,Far,29.2175486164896,Northeast,Northeast,Isolated,Explicit,f,,,,,,53,4
1835,1635,924.969622049412,Far,26.4125850527046,Northeast,Northeast,Isolated,Explicit,f,,,,,,53,4
1835,1847,479.727231923814,Medium,58.5861530286441,Northeast,Northeast,Isolated,Explicit,f,,,,,,53,4
1835,1642,933.04784906811,Far,20.4470608775606,North,North,Isolated,Explicit,t,,,,,,53,4
1835,2062,567.942197546072,Far,17.4363284121991,North,North,Isolated,Explicit,f,,,,,,53,4
1835,1600,513.163037189356,Far,6.82153042512386,North,North,Isolated,Explicit,f,,,,,,53,4
1835,1542,533.839709433797,Far,358.911347421134,North,North,Isolated,Explicit,t,,,,,,53,4
1835,1851,528.002643696618,Far,359.977896964941,North,North,Isolated,Explicit,t,,,,,,53,4
1835,1649,546.947493948569,Far,356.16381696385,North,North,Isolated,Explicit,f,,,,,,53,4
1835,1679,414.8989703563,Medium,343.578985484241,North,North,Isolated,Explicit,f,,,,,,53,4
1835,1596,434.382073113929,Medium,344.619743001918,North,North,Isolated,Explicit,f,,,,,,53,4
1835,1846,419.966627358863,Medium,344.178962525047,North,North,Isolated,Explicit,f,,,,,,53,4
1835,1837,393.312924622954,Medium,342.98244197391,North,North,Isolated,Explicit,f,,,,,,53,4
1835,1704,359.284190019618,Medium,346.616618696246,North,North,Isolated,Explicit,f,,,,,,53,4
1835,1494,399.661252077126,Medium,348.073845920066,North,North,Isolated,Explicit,f,,,,,,53,4
1835,1586,409.310832148542,Medium,348.299219093309,North,North,Isolated,Explicit,f,,,,,,53,4
1835,1543,453.915593101448,Medium,349.497385415054,North,North,Isolated,Explicit,f,,,,,,53,4
1835,1531,548.421262378449,Far,347.802687530683,North,North,Isolated,Explicit,f,,,,,,53,4
1835,2218,517.644651444562,Far,347.06950783337,North,North,Isolated,Explicit,f,,,,,,53,4
1835,1568,468.056169739667,Medium,345.814861753412,North,North,Isolated,Explicit,f,,,,,,53,4
1835,2047,995.285245457578,Far,98.0912225764239,East,East,Isolated,Explicit,f,,,,,,53,4
1872,1832,695.650904148161,Far,150.04705790587,Southeast,Southeast,Isolated,Explicit,f,,,,,,23,3
1872,2094,979.198136830083,Far,7.84708904544202,North,North,Isolated,Explicit,f,,,,,,23,3
1872,1777,328.640990127193,Medium,6.92458357782664,North,North,Isolated,Explicit,f,,,,,,23,3
1872,1991,47.1903126734628,VeryClose,153.964694880623,Southeast,Southeast,Isolated,Explicit,f,,,,,,23,3
1872,1733,993.692586900991,Far,359.174875195355,North,North,Isolated,Explicit,t,,,,,,23,3
1872,1512,213.810178108778,Medium,277.117930557741,West,West,Isolated,Explicit,f,,,,,,23,3
1872,1517,985.569582730345,Far,340.639310185855,North,North,Isolated,Explicit,f,,,,,,23,3
1872,1613,783.141736720301,Far,330.64809230108,Northwest,Northwest,Isolated,Explicit,f,,,,,,23,3
1872,2112,982.089495354487,Far,339.397119781666,North,North,Isolated,Explicit,f,,,,,,23,3
1872,1869,612.577006543034,Far,309.156508584389,Northwest,Northwest,Isolated,Explicit,f,,,,,,23,3
1872,1697,483.486716657007,Medium,274.390862126263,West,West,Isolated,Explicit,f,,,,,,23,3
1872,1842,469.80214859838,Medium,299.685383076914,Northwest,Northwest,Isolated,Explicit,f,,,,,,23,3
1872,1726,608.064245630819,Far,279.766617866788,West,West,Isolated,Explicit,f,,,,,,23,3
1872,1521,713.294835104418,Far,263.642388838014,West,West,Isolated,Explicit,f,,,,,,23,3
1872,1801,689.056810583066,Far,277.68144322593,West,West,Isolated,Explicit,f,,,,,,23,3
1872,1709,867.200034634938,Far,107.623727004736,East,East,Isolated,Explicit,f,,,,,,23,3
1874,1444,952.083551038078,Far,251.563365873566,West,West,Isolated,Explicit,f,,,,,,26,3
1874,1447,925.667833906033,Far,251.199625813968,West,West,Isolated,Explicit,f,,,,,,26,3
1874,2059,811.483411788684,Far,243.402650988422,Southwest,Southwest,Isolated,Explicit,f,,,,,,26,3
1874,1965,760.757536647754,Far,239.728763537292,Southwest,Southwest,Isolated,Explicit,f,,,,,,26,3
1874,1601,639.22430277141,Far,241.252935405894,Southwest,Southwest,Isolated,Explicit,f,,,,,,26,3
1874,1633,637.251618455773,Far,241.176691690546,Southwest,Southwest,Isolated,Explicit,f,,,,,,26,3
1874,1591,637.821206787235,Far,240.482970900921,Southwest,Southwest,Isolated,Explicit,f,,,,,,26,3
1874,1561,614.77599990912,Far,239.333890493496,Southwest,Southwest,Isolated,Explicit,f,,,,,,26,3
1874,1632,522.888439805128,Far,288.166554918996,West,West,Isolated,Explicit,f,,,,,,26,3
1874,2244,659.258016788797,Far,309.743346259135,Northwest,Northwest,Isolated,Explicit,f,,,,,,26,3
1874,1634,656.493348394425,Far,311.786286837082,Northwest,Northwest,Isolated,Explicit,f,,,,,,26,3
1874,2102,629.308684486142,Far,216.552406460313,Southwest,Southwest,Isolated,Explicit,f,,,,,,26,3
1874,1631,867.511646245964,Far,350.539374887411,North,North,Isolated,Explicit,f,,,,,,26,3
1888,2239,933.600064702196,Far,30.1897658888578,Northeast,Northeast,Isolated,Explicit,f,,,,,,15,3
1888,1881,995.428887266467,Far,40.0576940190677,Northeast,Northeast,Isolated,Explicit,f,,,,,,15,3
1888,1884,984.694283036447,Far,39.2917683744995,Northeast,Northeast,Isolated,Explicit,f,,,,,,15,3
1888,2186,993.200129641923,Far,108.663136386491,East,East,Isolated,Explicit,f,,,,,,15,3
1888,1733,998.914612110403,Far,112.635168683072,Southeast,Southeast,Isolated,Explicit,f,,,,,,15,3
1888,1996,938.184357591202,Far,111.666908373651,East,East,Isolated,Explicit,t,,,,,,15,3
1888,1945,915.130424441626,Far,105.71841933091,East,East,Isolated,Explicit,f,,,,,,15,3
1888,1517,756.594410117473,Far,126.326684622758,Southeast,Southeast,Isolated,Explicit,f,,,,,,15,3
1888,1613,888.129290798514,Far,141.538377876822,Southeast,Southeast,Isolated,Explicit,f,,,,,,15,3
1888,2187,687.323426083073,Far,126.968895152919,Southeast,Southeast,Isolated,Explicit,f,,,,,,15,3
1888,1883,722.804382552692,Far,127.435455263515,Southeast,Southeast,Isolated,Explicit,f,,,,,,15,3
1888,2112,747.916860546429,Far,127.834267102865,Southeast,Southeast,Isolated,Explicit,f,,,,,,15,3
1888,2233,413.765647896551,Medium,134.108027380329,Southeast,Southeast,Isolated,Explicit,t,,,,,,15,3
1888,1917,75.4428309104151,Close,137.768433171662,Southeast,Southeast,Isolated,Explicit,f,,,,,,15,3
1888,2220,617.530332417445,Far,207.832087248238,Southwest,Southwest,Isolated,Explicit,f,,,,,,15,3
1889,1810,982.75576151095,Far,68.5041316385464,East,East,Isolated,Explicit,f,,,,,,6,3
1889,2251,694.595790680991,Far,48.5945410285454,Northeast,Northeast,Isolated,Explicit,f,,,,,,6,3
1889,1971,571.250624393272,Far,8.02557562650657,North,North,Isolated,Explicit,f,,,,,,6,3
1889,2228,253.535461665165,Medium,158.046037820927,South,South,Isolated,Explicit,f,,,,,,6,3
1889,1778,153.57056813653,Close,79.8456868950335,East,East,Isolated,Explicit,f,,,,,,6,3
1889,1799,789.990189784265,Far,160.275779004397,South,South,Isolated,Explicit,f,,,,,,6,3
1907,1813,613.194218716483,Far,36.1746441241481,Northeast,Northeast,Isolated,Explicit,f,,,,,,20,3
1907,1436,550.428902068675,Far,97.6858439740905,East,East,Isolated,Explicit,f,,,,,,20,3
1907,1978,722.67120721679,Far,72.7924581776211,East,East,Isolated,Explicit,f,,,,,,20,3
1907,1741,839.742521323206,Far,52.487682086536,Northeast,Northeast,Isolated,Explicit,f,,,,,,20,3
1907,1725,856.974258727978,Far,49.5715834121513,Northeast,Northeast,Isolated,Explicit,f,,,,,,20,3
1907,2283,858.854427078455,Far,61.5483707713574,Northeast,Northeast,Isolated,Explicit,f,,,,,,20,3
1907,1780,305.529583979768,Medium,223.347757055095,Southwest,Southwest,Isolated,Explicit,t,,,,,,20,3
1907,1804,886.85687956517,Far,356.514780704097,North,North,Isolated,Explicit,f,,,,,,20,3
1907,2051,63.9308322516807,Close,344.974751416063,North,North,Isolated,Explicit,f,,,,,,20,3
1907,1787,735.216276806418,Far,13.4584716359255,North,North,Isolated,Explicit,f,,,,,,20,3
1907,1713,921.340021544029,Far,7.43447613132895,North,North,Isolated,Explicit,f,,,,,,20,3
1907,1767,485.19599997945,Medium,4.25392907700263,North,North,Isolated,Explicit,f,,,,,,20,3
1907,1738,519.492095246475,Far,359.719783321327,North,North,Isolated,Explicit,t,,,,,,20,3
1907,1989,923.231319120105,Far,319.307062805322,Northwest,Northwest,Isolated,Explicit,f,,,,,,20,3
1907,1735,425.476431364551,Medium,278.762831246787,West,West,Isolated,Explicit,f,,,,,,20,3
1907,1808,798.509158378702,Far,273.701380407009,West,West,Isolated,Explicit,f,,,,,,20,3
1907,1742,970.061805729545,Far,286.338224207717,West,West,Isolated,Explicit,f,,,,,,20,3
1910,1708,878.328573233499,Far,113.12459420647,Southeast,Southeast,Isolated,Explicit,f,,,,,,57,4
1910,1445,933.788481280404,Far,125.488237909601,Southeast,Southeast,Isolated,Explicit,f,,,,,,57,4
1910,1762,889.764918119054,Far,123.722114057556,Southeast,Southeast,Isolated,Explicit,f,,,,,,57,4
1910,1463,701.605386255292,Far,133.642208493596,Southeast,Southeast,Isolated,Explicit,t,,,,,,57,4
1910,2013,731.759691820131,Far,135.7543143185,Southeast,Southeast,Isolated,Explicit,f,,,,,,57,4
1910,1932,602.112706701652,Far,134.777250298414,Southeast,Southeast,Isolated,Explicit,t,,,,,,57,4
1910,2127,673.380778325503,Far,142.967962345136,Southeast,Southeast,Isolated,Explicit,f,,,,,,57,4
1910,2121,719.332432055442,Far,146.313639951698,Southeast,Southeast,Isolated,Explicit,f,,,,,,57,4
1910,1982,844.09737229029,Far,158.77233872182,South,South,Isolated,Explicit,f,,,,,,57,4
1910,1970,471.553299455853,Medium,137.413257665619,Southeast,Southeast,Isolated,Explicit,f,,,,,,57,4
1910,1493,616.781993450422,Far,149.7707914371,Southeast,Southeast,Isolated,Explicit,f,,,,,,57,4
1910,1465,599.580557148401,Far,149.588343146075,Southeast,Southeast,Isolated,Explicit,f,,,,,,57,4
1910,1834,825.567273711543,Far,160.682340822171,South,South,Isolated,Explicit,f,,,,,,57,4
1910,2129,747.429804722122,Far,158.655592538018,South,South,Isolated,Explicit,f,,,,,,57,4
1910,1838,793.683692532959,Far,160.734242092978,South,South,Isolated,Explicit,f,,,,,,57,4
1910,2057,976.507840070837,Far,163.279403906537,South,South,Isolated,Explicit,f,,,,,,57,4
1910,1563,978.456044296505,Far,162.95873729704,South,South,Isolated,Explicit,f,,,,,,57,4
1910,1540,802.423159994544,Far,163.985141417959,South,South,Isolated,Explicit,f,,,,,,57,4
1910,1669,811.419796832491,Far,164.048550732559,South,South,Isolated,Explicit,f,,,,,,57,4
1910,1650,819.181039025055,Far,163.829657620887,South,South,Isolated,Explicit,f,,,,,,57,4
1910,1861,474.582509477851,Medium,150.996441198989,Southeast,Southeast,Isolated,Explicit,f,,,,,,57,4
1910,2045,707.409777224694,Far,171.141354118496,South,South,Isolated,Explicit,f,,,,,,57,4
1910,1590,405.074554178011,Medium,165.16576169411,South,South,Isolated,Explicit,f,,,,,,57,4
1910,1556,433.427404270049,Medium,173.194644536818,South,South,Isolated,Explicit,f,,,,,,57,4
1910,1770,406.546775336257,Medium,358.271753424701,North,North,Isolated,Explicit,t,,,,,,57,4
1910,1603,383.610888009553,Medium,67.9748938364195,East,East,Isolated,Explicit,f,,,,,,57,4
1910,1038,980.644327024715,Far,22.080493863587,North,North,Isolated,Explicit,t,,,,,,57,4
1910,1719,447.196503918722,Medium,86.0777218873971,East,East,Isolated,Explicit,f,,,,,,57,4
1910,1712,503.180814247995,Far,111.577782110945,East,East,Isolated,Explicit,t,,,,,,57,4
1910,1680,574.887770482062,Far,107.966887252305,East,East,Isolated,Explicit,f,,,,,,57,4
1910,1052,946.681912980009,Far,35.4473352106918,Northeast,Northeast,Isolated,Explicit,f,,,,,,57,4
1910,1370,947.068832287915,Far,35.3869860261952,Northeast,Northeast,Isolated,Explicit,f,,,,,,57,4
1910,1380,973.340787751273,Far,39.7288214858367,Northeast,Northeast,Isolated,Explicit,f,,,,,,57,4
1910,1361,980.313319054737,Far,38.4878304662354,Northeast,Northeast,Isolated,Explicit,f,,,,,,57,4
1910,1716,687.201164964682,Far,74.8135255281662,East,East,Isolated,Explicit,f,,,,,,57,4
1910,995,938.012253788913,Far,52.1658745496719,Northeast,Northeast,Isolated,Explicit,f,,,,,,57,4
1910,1367,950.666029794332,Far,50.3055740239059,Northeast,Northeast,Isolated,Explicit,f,,,,,,57,4
1910,1356,946.147809207854,Far,47.0644336813119,Northeast,Northeast,Isolated,Explicit,f,,,,,,57,4
1910,1182,984.528248756988,Far,49.9319770163545,Northeast,Northeast,Isolated,Explicit,f,,,,,,57,4
1910,2275,924.354092165921,Far,81.8911730630297,East,East,Isolated,Explicit,f,,,,,,57,4
1910,1993,924.170766177814,Far,223.593178816133,Southwest,Southwest,Isolated,Explicit,t,,,,,,57,4
1910,1720,872.924225867996,Far,222.311956149744,Southwest,Southwest,Isolated,Explicit,f,,,,,,57,4
1910,2128,935.244570660017,Far,218.478001854309,Southwest,Southwest,Isolated,Explicit,f,,,,,,57,4
1910,1798,698.803735002766,Far,218.23067011149,Southwest,Southwest,Isolated,Explicit,f,,,,,,57,4
1910,1472,497.094546434425,Medium,219.480180406979,Southwest,Southwest,Isolated,Explicit,f,,,,,,57,4
1927,1731,597.502743987116,Far,256.130845454329,West,West,Isolated,Explicit,f,,,,,,22,3
1927,1642,962.940487388907,Far,147.33588356978,Southeast,Southeast,Isolated,Explicit,f,,,,,,22,3
1927,1830,285.391248938531,Medium,116.806699527519,Southeast,Southeast,Isolated,Explicit,f,,,,,,22,3
1927,1444,732.855077161513,Far,133.457582888526,Southeast,Southeast,Isolated,Explicit,t,,,,,,22,3
1927,1447,750.773160732395,Far,131.889192922552,Southeast,Southeast,Isolated,Explicit,f,,,,,,22,3
1927,2059,907.841590960458,Far,128.591948391557,Southeast,Southeast,Isolated,Explicit,f,,,,,,22,3
1927,1965,974.405671059501,Far,127.00368627349,Southeast,Southeast,Isolated,Explicit,f,,,,,,22,3
1927,1632,939.209573410821,Far,92.4373853348025,East,East,Isolated,Explicit,f,,,,,,22,3
1927,2244,953.645831233601,Far,76.7529757301963,East,East,Isolated,Explicit,f,,,,,,22,3
1927,1634,974.317713217499,Far,76.0739543178128,East,East,Isolated,Explicit,f,,,,,,22,3
1931,1654,748.609456882376,Far,101.536270508671,East,East,Isolated,Explicit,f,,,,,,52,4
1931,1939,818.379507226228,Far,112.886552120046,Southeast,Southeast,Isolated,Explicit,f,,,,,,52,4
1931,1535,617.530193802202,Far,97.3234335239426,East,East,Isolated,Explicit,f,,,,,,52,4
1931,1550,898.648590721656,Far,160.688822894811,South,South,Isolated,Explicit,f,,,,,,52,4
1931,1831,804.915331378961,Far,158.847361649629,South,South,Isolated,Explicit,f,,,,,,52,4
1931,1546,588.571737906289,Far,152.733163754176,Southeast,Southeast,Isolated,Explicit,f,,,,,,52,4
1931,2053,576.918499793692,Far,134.713605882662,Southeast,Southeast,Isolated,Explicit,t,,,,,,52,4
1931,2007,491.558180052596,Medium,95.9003933156981,East,East,Isolated,Explicit,f,,,,,,52,4
1931,2122,969.7242029047,Far,178.26108606617,South,South,Isolated,Explicit,t,,,,,,52,4
1931,1796,463.227143841532,Medium,177.588025926242,South,South,Isolated,Explicit,t,,,,,,52,4
1931,2217,831.582247082928,Far,164.198581328101,South,South,Isolated,Explicit,f,,,,,,52,4
1931,1552,623.243523562187,Far,156.509769302001,Southeast,Southeast,Isolated,Explicit,t,,,,,,52,4
1931,1446,487.462928328338,Medium,156.110482283026,Southeast,Southeast,Isolated,Explicit,t,,,,,,52,4
1931,1933,181.68273960156,Close,99.2442562706219,East,East,Isolated,Explicit,f,,,,,,52,4
1931,1727,860.096842217326,Far,277.475125853472,West,West,Isolated,Explicit,f,,,,,,52,4
1931,2030,756.572451831625,Far,213.523437508943,Southwest,Southwest,Isolated,Explicit,f,,,,,,52,4
1931,2271,662.339022468603,Far,222.452464622655,Southwest,Southwest,Isolated,Explicit,f,,,,,,52,4
1931,1786,409.278933670715,Medium,253.169953056421,West,West,Isolated,Explicit,f,,,,,,52,4
1931,1784,932.001889404186,Far,61.9913764616746,Northeast,Northeast,Isolated,Explicit,f,,,,,,52,4
1931,2079,902.304101711662,Far,47.7727793987239,Northeast,Northeast,Isolated,Explicit,f,,,,,,52,4
1931,2078,905.999400841403,Far,49.0460019734551,Northeast,Northeast,Isolated,Explicit,f,,,,,,52,4
1931,1957,867.880053643466,Far,28.2909916054315,Northeast,Northeast,Isolated,Explicit,f,,,,,,52,4
1931,2083,840.644223000098,Far,18.63159378305,North,North,Isolated,Explicit,f,,,,,,52,4
1931,2022,853.59847715456,Far,20.4368116581081,North,North,Isolated,Explicit,t,,,,,,52,4
1931,1856,827.507333689322,Far,24.5078284558798,Northeast,Northeast,Isolated,Explicit,f,,,,,,52,4
1931,1986,877.702378731476,Far,24.260334805399,Northeast,Northeast,Isolated,Explicit,f,,,,,,52,4
1931,2082,674.501438317674,Far,31.6367771197216,Northeast,Northeast,Isolated,Explicit,f,,,,,,52,4
1931,1467,711.241337931601,Far,39.2535983619103,Northeast,Northeast,Isolated,Explicit,f,,,,,,52,4
1931,2204,392.159305893308,Medium,9.7092294549592,North,North,Isolated,Explicit,f,,,,,,52,4
1931,1455,409.412234471025,Medium,9.35711157267035,North,North,Isolated,Explicit,f,,,,,,52,4
1931,2201,345.388785537367,Medium,12.6059069442954,North,North,Isolated,Explicit,f,,,,,,52,4
1931,1456,345.226740988363,Medium,12.5681902698647,North,North,Isolated,Explicit,f,,,,,,52,4
1931,1458,409.204615325812,Medium,11.2898813146479,North,North,Isolated,Explicit,f,,,,,,52,4
1931,1453,407.750894075525,Medium,12.6378766437665,North,North,Isolated,Explicit,f,,,,,,52,4
1931,1452,346.897893207064,Medium,17.4603817827547,North,North,Isolated,Explicit,f,,,,,,52,4
1931,1454,336.554125073591,Medium,16.7209104348578,North,North,Isolated,Explicit,f,,,,,,52,4
1931,1672,221.916855387735,Medium,37.3299786220504,Northeast,Northeast,Isolated,Explicit,f,,,,,,52,4
1931,1457,360.044114908992,Medium,23.9788357215475,Northeast,Northeast,Isolated,Explicit,f,,,,,,52,4
1931,2076,883.825820056607,Far,11.0947425539597,North,North,Isolated,Explicit,f,,,,,,52,4
1931,1449,619.720784387463,Far,6.32137432783097,North,North,Isolated,Explicit,f,,,,,,52,4
1931,2200,531.607101165516,Far,359.628566151031,North,North,Isolated,Explicit,t,,,,,,52,4
1931,2111,507.955864477699,Far,344.391233249767,North,North,Isolated,Explicit,f,,,,,,52,4
1931,2021,597.917277591699,Far,345.517866281152,North,North,Isolated,Explicit,f,,,,,,52,4
1931,2246,796.574088697776,Far,342.549528346216,North,North,Isolated,Explicit,f,,,,,,52,4
1938,1705,305.869840084604,Medium,153.812752833585,Southeast,Southeast,Isolated,Explicit,f,,,,,,13,3
1938,2209,369.388510671501,Medium,291.483745638945,West,West,Isolated,Explicit,t,,,,,,13,3
1938,1792,957.864605405967,Far,181.297636873797,South,South,Isolated,Explicit,f,,,,,,13,3
1938,1759,950.889100743244,Far,174.466274974553,South,South,Isolated,Explicit,f,,,,,,13,3
1938,1812,832.250017436376,Far,171.81874633193,South,South,Isolated,Explicit,f,,,,,,13,3
1938,1747,746.26549646817,Far,164.350645439243,South,South,Isolated,Explicit,f,,,,,,13,3
1938,1761,920.100461667429,Far,153.76266143124,Southeast,Southeast,Isolated,Explicit,f,,,,,,13,3
1938,1768,627.143107527285,Far,129.362975507931,Southeast,Southeast,Isolated,Explicit,f,,,,,,13,3
1938,1775,925.719688760807,Far,143.390615417896,Southeast,Southeast,Isolated,Explicit,f,,,,,,13,3
1938,1807,837.821303976145,Far,126.244121445212,Southeast,Southeast,Isolated,Explicit,f,,,,,,13,3
1938,1474,875.164116284486,Far,53.2956842166387,Northeast,Northeast,Isolated,Explicit,f,,,,,,13,3
1942,2088,842.433533982869,Far,129.54913321222,Southeast,Southeast,Isolated,Explicit,f,,,,,,26,3
1942,2143,963.855130091391,Far,167.557157300607,South,South,Isolated,Explicit,f,,,,,,26,3
1942,2185,835.13167439368,Far,191.508778374153,South,South,Isolated,Explicit,f,,,,,,26,3
1942,2181,837.327488439528,Far,191.48562860598,South,South,Isolated,Explicit,f,,,,,,26,3
1942,2184,833.637473223863,Far,191.259426863221,South,South,Isolated,Explicit,f,,,,,,26,3
1942,2180,836.694453985655,Far,191.261525568091,South,South,Isolated,Explicit,f,,,,,,26,3
1942,2142,985.598156958426,Far,171.317261261167,South,South,Isolated,Explicit,f,,,,,,26,3
1942,1836,772.468431005679,Far,38.6650909337378,Northeast,Northeast,Isolated,Explicit,f,,,,,,26,3
1942,2018,511.509617792736,Far,106.184056546715,East,East,Isolated,Explicit,f,,,,,,26,3
1942,1850,845.28705628716,Far,44.9941496490385,Northeast,Northeast,Isolated,Explicit,t,,,,,,26,3
1942,1852,829.405161824266,Far,45.3435122553418,Northeast,Northeast,Isolated,Explicit,f,,,,,,26,3
1942,2039,830.362429087467,Far,17.6425305119353,North,North,Isolated,Explicit,f,,,,,,26,3
1942,2044,885.551220219545,Far,19.8563158509774,North,North,Isolated,Explicit,f,,,,,,26,3
1942,1950,691.818037092258,Far,25.8560232814964,Northeast,Northeast,Isolated,Explicit,f,,,,,,26,3
1942,1998,792.100827950334,Far,27.3113077946443,Northeast,Northeast,Isolated,Explicit,f,,,,,,26,3
1942,2049,418.735292521398,Medium,107.564037294357,East,East,Isolated,Explicit,f,,,,,,26,3
1942,2119,531.421079830825,Far,51.9605436869211,Northeast,Northeast,Isolated,Explicit,f,,,,,,26,3
1942,2115,537.218989454756,Far,50.9479441192437,Northeast,Northeast,Isolated,Explicit,f,,,,,,26,3
1979,1810,758.575169330193,Far,358.10250090314,North,North,Isolated,Explicit,t,,,,,,15,3
1979,2250,994.836247025062,Far,0.34120967528102,North,North,Isolated,Explicit,f,,,,,,15,3
1979,1614,563.89664967079,Far,207.243448396322,Southwest,Southwest,Isolated,Explicit,f,,,,,,15,3
1979,2251,954.134607838772,Far,333.981859753572,Northwest,Northwest,Isolated,Explicit,f,,,,,,15,3
1979,2228,860.292138484209,Far,280.914678198486,West,West,Isolated,Explicit,f,,,,,,15,3
1979,1778,895.669614862763,Far,298.335753778701,Northwest,Northwest,Isolated,Explicit,f,,,,,,15,3
1979,1799,756.45988395366,Far,242.815357501587,Southwest,Southwest,Isolated,Explicit,f,,,,,,15,3
1979,1612,945.96771499505,Far,162.573060743093,South,South,Isolated,Explicit,f,,,,,,15,3
1979,2227,972.240771174892,Far,166.472695818731,South,South,Isolated,Explicit,f,,,,,,15,3
1979,2222,639.93376058938,Far,159.406369660304,South,South,Isolated,Explicit,f,,,,,,15,3
1979,1948,907.482285829268,Far,145.442569542853,Southeast,Southeast,Isolated,Explicit,f,,,,,,15,3
1979,1803,535.684310728189,Far,117.568413655553,Southeast,Southeast,Isolated,Explicit,f,,,,,,15,3
1979,2098,742.928925664395,Far,149.099140456857,Southeast,Southeast,Isolated,Explicit,f,,,,,,15,3
1979,1609,753.62755313507,Far,152.297557339518,Southeast,Southeast,Isolated,Explicit,f,,,,,,15,3
1979,2096,916.923550277676,Far,158.208190376832,South,South,Isolated,Explicit,f,,,,,,15,3
1990,1976,995.218876479275,Far,115.56029363469,Southeast,Southeast,Isolated,Explicit,f,,,,,,41,3
1990,1818,325.200739024022,Medium,108.673710173547,East,East,Isolated,Explicit,f,,,,,,41,3
1990,1763,514.925479227587,Far,117.089970902911,Southeast,Southeast,Isolated,Explicit,f,,,,,,41,3
1990,2152,758.107870172243,Far,172.882530400067,South,South,Isolated,Explicit,f,,,,,,41,3
1990,2158,754.836065167129,Far,181.825362591181,South,South,Isolated,Explicit,f,,,,,,41,3
1990,1550,692.148324276722,Far,220.967979012866,Southwest,Southwest,Isolated,Explicit,f,,,,,,41,3
1990,1831,626.811801164985,Far,227.282482403816,Southwest,Southwest,Isolated,Explicit,f,,,,,,41,3
1990,1546,520.357093343737,Far,247.669568664779,West,West,Isolated,Explicit,f,,,,,,41,3
1990,2245,834.855400256975,Far,215.571613241475,Southwest,Southwest,Isolated,Explicit,f,,,,,,41,3
1990,1974,854.854424518099,Far,215.109203541243,Southwest,Southwest,Isolated,Explicit,f,,,,,,41,3
1990,1781,995.663905138638,Far,205.040011670183,Southwest,Southwest,Isolated,Explicit,f,,,,,,41,3
1990,2053,350.36114241422,Medium,256.727636787985,West,West,Isolated,Explicit,f,,,,,,41,3
1990,1973,426.138405993328,Medium,307.517408526042,Northwest,Northwest,Isolated,Explicit,f,,,,,,41,3
1990,2007,379.795456159157,Medium,316.376755108838,Northwest,Northwest,Isolated,Explicit,f,,,,,,41,3
1990,2122,967.024828829135,Far,228.258675518471,Southwest,Southwest,Isolated,Explicit,f,,,,,,41,3
1990,1796,744.269274982879,Far,259.36517402015,West,West,Isolated,Explicit,f,,,,,,41,3
1990,2217,707.441921106586,Far,227.855544365587,Southwest,Southwest,Isolated,Explicit,f,,,,,,41,3
1990,1552,559.595178372601,Far,243.906440550008,Southwest,Southwest,Isolated,Explicit,f,,,,,,41,3
1990,1446,566.477625480248,Far,257.745408672808,West,West,Isolated,Explicit,f,,,,,,41,3
1990,1933,643.872092995931,Far,297.396672207578,Northwest,Northwest,Isolated,Explicit,f,,,,,,41,3
1990,1815,878.146766067997,Far,17.1504678321056,North,North,Isolated,Explicit,f,,,,,,41,3
1990,1784,766.511144775853,Far,5.37957801391107,North,North,Isolated,Explicit,f,,,,,,41,3
1990,2079,935.551055759912,Far,354.920183408893,North,North,Isolated,Explicit,f,,,,,,41,3
1990,2078,921.721851009027,Far,355.847916528934,North,North,Isolated,Explicit,f,,,,,,41,3
1990,2082,983.494730624806,Far,336.181069724309,Northwest,Northwest,Isolated,Explicit,t,,,,,,41,3
1990,1467,926.453624963647,Far,341.044777414715,North,North,Isolated,Explicit,f,,,,,,41,3
1990,2204,987.90730866605,Far,316.113986633254,Northwest,Northwest,Isolated,Explicit,f,,,,,,41,3
1990,2201,946.24357380627,Far,314.44016493189,Northwest,Northwest,Isolated,Explicit,t,,,,,,41,3
1990,1456,946.351168256371,Far,314.424568691784,Northwest,Northwest,Isolated,Explicit,t,,,,,,41,3
1990,1458,989.054530049232,Far,317.289610173305,Northwest,Northwest,Isolated,Explicit,f,,,,,,41,3
1990,1453,980.383153256124,Far,317.545048345967,Northwest,Northwest,Isolated,Explicit,f,,,,,,41,3
1990,1452,921.576647410925,Far,315.41688304454,Northwest,Northwest,Isolated,Explicit,f,,,,,,41,3
1990,1454,920.619085178744,Far,314.71996461262,Northwest,Northwest,Isolated,Explicit,t,,,,,,41,3
1990,1672,794.911624770131,Far,309.154803537071,Northwest,Northwest,Isolated,Explicit,f,,,,,,41,3
1990,1457,891.007760863409,Far,317.263875623334,Northwest,Northwest,Isolated,Explicit,f,,,,,,41,3
2004,2088,875.349868865946,Far,157.198973348222,Southeast,Southeast,Isolated,Explicit,t,,,,,,17,3
2004,1836,374.574091589245,Medium,27.378880011188,Northeast,Northeast,Isolated,Explicit,f,,,,,,17,3
2004,1850,435.451059555011,Medium,41.2811321060515,Northeast,Northeast,Isolated,Explicit,f,,,,,,17,3
2004,1852,419.278856007767,Medium,41.8301007626889,Northeast,Northeast,Isolated,Explicit,f,,,,,,17,3
2004,2039,524.068245448792,Far,353.569732419053,North,North,Isolated,Explicit,f,,,,,,17,3
2004,2044,562.448408177187,Far,359.025283954935,North,North,Isolated,Explicit,t,,,,,,17,3
2004,1950,352.132385951059,Medium,358.592915207317,North,North,Isolated,Explicit,t,,,,,,17,3
2004,1998,436.506108904316,Medium,6.98444718450278,North,North,Isolated,Explicit,f,,,,,,17,3
2004,2049,406.723330301902,Medium,167.380725210204,South,South,Isolated,Explicit,f,,,,,,17,3
2004,2065,984.377287305253,Far,95.0338233516187,East,East,Isolated,Explicit,f,,,,,,17,3
2009,2126,922.760731579948,Far,289.478584683087,West,West,Isolated,Explicit,f,,,,,,57,4
2009,2088,683.266543187206,Far,44.9138920238901,Northeast,Northeast,Isolated,Explicit,t,,,,,,57,4
2009,1500,412.103814115527,Medium,98.1255207376414,East,East,Isolated,Explicit,f,,,,,,57,4
2009,2133,342.655077756749,Medium,101.795265182159,East,East,Isolated,Explicit,f,,,,,,57,4
2009,2123,178.50686812823,Close,72.4195510997749,East,East,Isolated,Explicit,f,,,,,,57,4
2009,1533,143.576670822476,Close,66.7180442234666,Northeast,Northeast,Isolated,Explicit,t,,,,,,57,4
2009,1920,80.3855482856765,Close,85.9069625916194,East,East,Isolated,Explicit,f,,,,,,57,4
2009,2120,65.4428911019837,Close,124.337912556223,Southeast,Southeast,Isolated,Explicit,f,,,,,,57,4
2009,2143,88.8375757523297,Close,27.129838174695,Northeast,Northeast,Isolated,Explicit,f,,,,,,57,4
2009,2185,390.122167388139,Medium,301.173280389334,Northwest,Northwest,Isolated,Explicit,f,,,,,,57,4
2009,2181,389.069595986335,Medium,300.885549487464,Northwest,Northwest,Isolated,Explicit,f,,,,,,57,4
2009,2184,387.22021236085,Medium,301.563228254445,Northwest,Northwest,Isolated,Explicit,f,,,,,,57,4
2009,2180,386.198911309891,Medium,301.136298010281,Northwest,Northwest,Isolated,Explicit,f,,,,,,57,4
2009,2074,148.130877598579,Close,252.803022876453,West,West,Isolated,Explicit,f,,,,,,57,4
2009,2142,49.5132628832341,VeryClose,338.211953327428,North,North,Isolated,Explicit,f,,,,,,57,4
2009,2069,949.618987507361,Far,78.9449010884036,East,East,Isolated,Explicit,f,,,,,,57,4
2009,2262,899.617139086901,Far,110.841346587565,East,East,Isolated,Explicit,t,,,,,,57,4
2009,2138,965.304191037973,Far,109.423071251431,East,East,Isolated,Explicit,f,,,,,,57,4
2009,1551,894.281306246375,Far,68.6683877924684,East,East,Isolated,Explicit,f,,,,,,57,4
2009,1676,884.993558464984,Far,68.5910764708412,East,East,Isolated,Explicit,f,,,,,,57,4
2009,1859,838.861690914576,Far,67.4970683057276,Northeast,Northeast,Isolated,Explicit,t,,,,,,57,4
2009,1509,805.465578606533,Far,66.2299253702097,Northeast,Northeast,Isolated,Explicit,t,,,,,,57,4
2009,1604,823.865003143221,Far,66.8873184853397,Northeast,Northeast,Isolated,Explicit,t,,,,,,57,4
2009,1489,830.75221921252,Far,66.9938239274695,Northeast,Northeast,Isolated,Explicit,t,,,,,,57,4
2009,2257,744.753164686325,Far,107.523295779508,East,East,Isolated,Explicit,f,,,,,,57,4
2009,2042,730.961936974653,Far,89.8139633268708,East,East,Isolated,Explicit,t,,,,,,57,4
2009,1878,934.254347931703,Far,121.985136117001,Southeast,Southeast,Isolated,Explicit,f,,,,,,57,4
2009,1554,568.228016816463,Far,88.3561515243367,East,East,Isolated,Explicit,t,,,,,,57,4
2009,2018,935.625825524831,Far,20.2654167821478,North,North,Isolated,Explicit,t,,,,,,57,4
2009,2049,923.543398764969,Far,14.5519273926087,North,North,Isolated,Explicit,f,,,,,,57,4
2023,1654,874.364716104921,Far,155.073291652244,Southeast,Southeast,Isolated,Explicit,t,,,,,,49,3
2023,1535,763.171684416664,Far,161.075377364732,South,South,Isolated,Explicit,f,,,,,,49,3
2023,1973,710.768759163845,Far,176.127511600262,South,South,Isolated,Explicit,f,,,,,,49,3
2023,2007,704.725115874519,Far,169.867719885931,South,South,Isolated,Explicit,f,,,,,,49,3
2023,1933,697.54869633481,Far,195.43547114238,South,South,Isolated,Explicit,f,,,,,,49,3
2023,1821,881.780590952078,Far,50.4551970185957,Northeast,Northeast,Isolated,Explicit,f,,,,,,49,3
2023,1815,657.837690543076,Far,101.359136645434,East,East,Isolated,Explicit,f,,,,,,49,3
2023,1784,501.879705651549,Far,114.174748146368,Southeast,Southeast,Isolated,Explicit,f,,,,,,49,3
2023,2079,305.389224388293,Medium,96.9189510725342,East,East,Isolated,Explicit,f,,,,,,49,3
2023,2078,323.059187155099,Medium,98.7890746482613,East,East,Isolated,Explicit,f,,,,,,49,3
2023,1802,682.159804333377,Far,31.6776863346546,Northeast,Northeast,Isolated,Explicit,f,,,,,,49,3
2023,1751,698.338790638897,Far,33.9228190265973,Northeast,Northeast,Isolated,Explicit,f,,,,,,49,3
2023,2029,832.377947165258,Far,354.566246923034,North,North,Isolated,Explicit,f,,,,,,49,3
2023,1549,545.781171350904,Far,349.162426346297,North,North,Isolated,Explicit,f,,,,,,49,3
2023,2192,387.538006880949,Medium,247.887246182369,West,West,Isolated,Explicit,f,,,,,,49,3
2023,1672,520.516078048355,Far,206.273075524751,Southwest,Southwest,Isolated,Explicit,f,,,,,,49,3
2023,1685,726.321890209945,Far,345.90121365377,North,North,Isolated,Explicit,f,,,,,,49,3
2023,2076,297.000976523012,Medium,318.986889886451,Northwest,Northwest,Isolated,Explicit,f,,,,,,49,3
2023,2191,597.487710071097,Far,349.285672939578,North,North,Isolated,Explicit,f,,,,,,49,3
2023,1636,855.810437335103,Far,343.406023130391,North,North,Isolated,Explicit,f,,,,,,49,3
2023,1553,866.695335545899,Far,343.462875296311,North,North,Isolated,Explicit,f,,,,,,49,3
2023,2276,840.921516214694,Far,329.377548009146,Northwest,Northwest,Isolated,Explicit,f,,,,,,49,3
2023,2200,384.957500370848,Medium,253.146879690289,West,West,Isolated,Explicit,f,,,,,,49,3
2023,2203,434.252535648203,Medium,243.102472478999,Southwest,Southwest,Isolated,Explicit,f,,,,,,49,3
2023,2080,532.604749694691,Far,245.026903066311,Southwest,Southwest,Isolated,Explicit,t,,,,,,49,3
2023,2111,524.751733679188,Far,252.936418085409,West,West,Isolated,Explicit,f,,,,,,49,3
2023,2021,518.504119073672,Far,262.878198103828,West,West,Isolated,Explicit,f,,,,,,49,3
2023,2246,615.030634498321,Far,280.938993211011,West,West,Isolated,Explicit,f,,,,,,49,3
2023,1782,831.298009029426,Far,317.199468195437,Northwest,Northwest,Isolated,Explicit,f,,,,,,49,3
2023,1722,704.957711368713,Far,313.152620247118,Northwest,Northwest,Isolated,Explicit,t,,,,,,49,3
2027,2070,286.673189374464,Medium,57.737305468591,Northeast,Northeast,Isolated,Explicit,f,,,,,,4,3
2027,2284,383.415995980191,Medium,279.46626884801,West,West,Isolated,Explicit,f,,,,,,4,3
2027,61814,953.720013837391,Far,103.144547753866,East,East,Isolated,Explicit,f,,,,,,4,3
2027,61948,978.104039353031,Far,97.9020165031316,East,East,Isolated,Explicit,f,,,,,,4,3
2032,1810,305.621146701402,Medium,140.589634194742,Southeast,Southeast,Isolated,Explicit,f,,,,,,11,3
2032,2250,225.072464192928,Medium,89.8648836523087,East,East,Isolated,Explicit,t,,,,,,11,3
2032,2251,241.834474869713,Medium,235.536432092303,Southwest,Southwest,Isolated,Explicit,f,,,,,,11,3
2032,1971,641.344029415658,Far,267.266306392186,West,West,Isolated,Explicit,f,,,,,,11,3
2032,1778,804.951756805752,Far,225.00175603543,Southwest,Southwest,Isolated,Explicit,f,,,,,,11,3
2032,1832,697.14732439119,Far,11.9145065637668,North,North,Isolated,Explicit,f,,,,,,11,3
2032,1727,803.160580950952,Far,64.791659765507,Northeast,Northeast,Isolated,Explicit,f,,,,,,11,3
2034,1890,933.583002388487,Far,333.294840662111,Northwest,Northwest,Isolated,Explicit,f,,,,,,31,3
2034,1866,492.488542781284,Medium,336.42007940145,Northwest,Northwest,Isolated,Explicit,t,,,,,,31,3
2034,1873,953.678255320006,Far,202.770716046844,Southwest,Southwest,Isolated,Explicit,f,,,,,,31,3
2034,2094,393.125531726103,Medium,270.050184746543,West,West,Isolated,Explicit,f,,,,,,31,3
2034,1777,807.076983905321,Far,217.131865697019,Southwest,Southwest,Isolated,Explicit,f,,,,,,31,3
2034,2186,529.912102379838,Far,279.835728131924,West,West,Isolated,Explicit,f,,,,,,31,3
2034,1733,541.652666099949,Far,272.529480604438,West,West,Isolated,Explicit,f,,,,,,31,3
2034,1996,594.437604024901,Far,275.983178178347,West,West,Isolated,Explicit,f,,,,,,31,3
2034,1945,603.888698738371,Far,285.406391287823,West,West,Isolated,Explicit,f,,,,,,31,3
2034,1517,854.474800382443,Far,267.327029826136,West,West,Isolated,Explicit,f,,,,,,31,3
2034,1613,954.866081267368,Far,252.503495543174,West,West,Isolated,Explicit,f,,,,,,31,3
2034,2187,913.965551751843,Far,269.686908772698,West,West,Isolated,Explicit,t,,,,,,31,3
2034,1883,889.703614026572,Far,268.001948390561,West,West,Isolated,Explicit,t,,,,,,31,3
2034,2112,873.85636207725,Far,266.693103941778,West,West,Isolated,Explicit,f,,,,,,31,3
2034,1779,431.258191502314,Medium,61.5946802326892,Northeast,Northeast,Isolated,Explicit,f,,,,,,31,3
2034,1993,532.643485692401,Far,57.4340327375033,Northeast,Northeast,Isolated,Explicit,f,,,,,,31,3
2034,1766,616.788638873667,Far,125.009874662381,Southeast,Southeast,Isolated,Explicit,f,,,,,,31,3
2034,1720,587.320751042513,Far,58.0817962002094,Northeast,Northeast,Isolated,Explicit,f,,,,,,31,3
2034,2128,551.69242321652,Far,66.0575715119158,Northeast,Northeast,Isolated,Explicit,t,,,,,,31,3
2034,1798,770.109634721615,Far,58.0862652427205,Northeast,Northeast,Isolated,Explicit,f,,,,,,31,3
2034,1472,959.493802703749,Far,53.3786720417882,Northeast,Northeast,Isolated,Explicit,f,,,,,,31,3
2034,1795,899.443227842951,Far,93.8813473420892,East,East,Isolated,Explicit,f,,,,,,31,3
2052,2028,357.046144942859,Medium,189.542406580265,South,South,Isolated,Explicit,f,,,,,,17,3
2052,1668,638.568230497572,Far,216.340453691368,Southwest,Southwest,Isolated,Explicit,f,,,,,,17,3
2052,71015,947.243728173207,Far,65.1546757034287,Northeast,Northeast,Isolated,Explicit,t,,,,,,17,3
2052,75626,939.527364132608,Far,108.87933006228,East,East,Isolated,Explicit,f,,,,,,17,3
2052,64714,915.36269434362,Far,77.9574351229005,East,East,Isolated,Explicit,f,,,,,,17,3
2052,66057,971.287956323755,Far,107.177193980554,East,East,Isolated,Explicit,f,,,,,,17,3
2052,71016,981.774080543113,Far,134.271329568901,Southeast,Southeast,Isolated,Explicit,t,,,,,,17,3
2052,75214,907.60672627056,Far,138.974295415025,Southeast,Southeast,Isolated,Explicit,f,,,,,,17,3
2052,69739,609.99226443265,Far,122.969638762939,Southeast,Southeast,Isolated,Explicit,f,,,,,,17,3
2052,71012,590.244847602188,Far,64.0973269265109,Northeast,Northeast,Isolated,Explicit,f,,,,,,17,3
2052,58794,616.979007435341,Far,129.616838071524,Southeast,Southeast,Isolated,Explicit,f,,,,,,17,3
2052,73507,572.800767553831,Far,132.063542736477,Southeast,Southeast,Isolated,Explicit,f,,,,,,17,3
2052,64618,569.180322425129,Far,132.313616620309,Southeast,Southeast,Isolated,Explicit,f,,,,,,17,3
2052,67068,619.061297820625,Far,138.411108828989,Southeast,Southeast,Isolated,Explicit,f,,,,,,17,3
2052,75317,506.206809856889,Far,133.95685192752,Southeast,Southeast,Isolated,Explicit,t,,,,,,17,3
2153,2070,802.724322812524,Far,178.927666538093,South,South,Isolated,Explicit,t,,,,,,7,3
2153,2137,360.78371760647,Medium,338.785271809439,North,North,Isolated,Explicit,f,,,,,,7,3
2153,61796,883.287315221093,Far,41.7596394026455,Northeast,Northeast,Isolated,Explicit,f,,,,,,7,3
2153,58416,877.149236896969,Far,45.2656877756711,Northeast,Northeast,Isolated,Explicit,f,,,,,,7,3
2153,58358,848.597602107869,Far,105.179748790501,East,East,Isolated,Explicit,f,,,,,,7,3
2153,69360,772.925828181407,Far,106.71716255767,East,East,Isolated,Explicit,f,,,,,,7,3
2153,75407,681.493915840068,Far,100.053344021796,East,East,Isolated,Explicit,f,,,,,,7,3
2155,2006,713.847933403057,Far,352.771093911987,North,North,Isolated,Explicit,f,,,,,,1,3
2210,1705,536.259195387073,Far,1.24305486466726,North,North,Isolated,Explicit,f,,,,,,16,3
2210,1750,334.65677411175,Medium,215.280060164544,Southwest,Southwest,Isolated,Explicit,f,,,,,,16,3
2210,1792,206.516881492519,Medium,224.61333883805,Southwest,Southwest,Isolated,Explicit,t,,,,,,16,3
2210,1759,139.489093778084,Close,193.115862110996,South,South,Isolated,Explicit,f,,,,,,16,3
2210,1747,120.590727083113,Close,40.2744758137444,Northeast,Northeast,Isolated,Explicit,f,,,,,,16,3
2210,1761,283.799605946254,Medium,92.9681977656046,East,East,Isolated,Explicit,f,,,,,,16,3
2210,1768,548.768585291176,Far,41.2076033291095,Northeast,Northeast,Isolated,Explicit,f,,,,,,16,3
2210,1775,433.993555206928,Medium,81.0504900770092,East,East,Isolated,Explicit,f,,,,,,16,3
2210,1807,635.99671956244,Far,60.2839506241128,Northeast,Northeast,Isolated,Explicit,f,,,,,,16,3
2210,1736,532.593798124718,Far,93.1937684329488,East,East,Isolated,Explicit,f,,,,,,16,3
2210,1756,563.321539343597,Far,110.040206833203,East,East,Isolated,Explicit,t,,,,,,16,3
2210,1820,618.112420250129,Far,117.303488553442,Southeast,Southeast,Isolated,Explicit,f,,,,,,16,3
2210,1793,994.672673596946,Far,122.295253636349,Southeast,Southeast,Isolated,Explicit,f,,,,,,16,3
2210,1730,829.11558391109,Far,90.7762217213516,East,East,Isolated,Explicit,f,,,,,,16,3
2210,2278,877.196168215348,Far,72.9121713387309,East,East,Isolated,Explicit,f,,,,,,16,3
2223,2231,949.764032925991,Far,75.9186067597899,East,East,Isolated,Explicit,f,,,,,,1,3
2226,1940,875.116702538923,Far,102.553727821672,East,East,Isolated,Explicit,f,,,,,,6,3
2226,2251,731.098327427781,Far,123.934950236756,Southeast,Southeast,Isolated,Explicit,f,,,,,,6,3
2226,1714,653.169955620188,Far,93.5690186784941,East,East,Isolated,Explicit,f,,,,,,6,3
2226,1778,873.16683967599,Far,164.267464031244,South,South,Isolated,Explicit,f,,,,,,6,3
2226,1521,940.62427484483,Far,353.508051814383,North,North,Isolated,Explicit,f,,,,,,6,3
2232,2014,565.092489117489,Far,25.8858321951704,Northeast,Northeast,Isolated,Explicit,f,,,,,,16,3
2232,1919,740.590828509314,Far,29.2263483726077,Northeast,Northeast,Isolated,Explicit,f,,,,,,16,3
2232,1610,880.218700048253,Far,34.083462855165,Northeast,Northeast,Isolated,Explicit,f,,,,,,16,3
2232,1530,889.599680921239,Far,33.2914200130629,Northeast,Northeast,Isolated,Explicit,f,,,,,,16,3
2232,1918,858.523439175223,Far,33.962863979623,Northeast,Northeast,Isolated,Explicit,f,,,,,,16,3
2232,1477,862.815568106909,Far,33.1407754902851,Northeast,Northeast,Isolated,Explicit,f,,,,,,16,3
2232,1913,836.361910985482,Far,33.7173774582119,Northeast,Northeast,Isolated,Explicit,f,,,,,,16,3
2232,1516,821.83787436654,Far,34.4384061701583,Northeast,Northeast,Isolated,Explicit,f,,,,,,16,3
2232,1916,771.41068802471,Far,33.5817766488609,Northeast,Northeast,Isolated,Explicit,f,,,,,,16,3
2232,1904,726.297526296393,Far,35.6946280115349,Northeast,Northeast,Isolated,Explicit,f,,,,,,16,3
2232,1915,802.243826605969,Far,31.4070805534087,Northeast,Northeast,Isolated,Explicit,f,,,,,,16,3
2232,1914,818.523023743446,Far,31.1932823716201,Northeast,Northeast,Isolated,Explicit,f,,,,,,16,3
2232,2006,546.648576121426,Far,105.320799697537,East,East,Isolated,Explicit,f,,,,,,16,3
2232,2097,877.823321488112,Far,37.3437071579529,Northeast,Northeast,Isolated,Explicit,f,,,,,,16,3
2232,2092,925.558885146501,Far,35.6873507267522,Northeast,Northeast,Isolated,Explicit,f,,,,,,16,3
2232,2093,977.57581290927,Far,39.3078564262201,Northeast,Northeast,Isolated,Explicit,f,,,,,,16,3
2235,1471,486.38175239497,Medium,317.72383238705,Northwest,Northwest,Isolated,Explicit,f,,,,,,35,3
2235,1879,529.976772375908,Far,322.496222828183,Northwest,Northwest,Isolated,Explicit,f,,,,,,35,3
2235,1903,560.465906576886,Far,317.921457065149,Northwest,Northwest,Isolated,Explicit,f,,,,,,35,3
2235,1898,877.82784886755,Far,280.920342379013,West,West,Isolated,Explicit,f,,,,,,35,3
2235,2231,806.675711321669,Far,254.746928122771,West,West,Isolated,Explicit,f,,,,,,35,3
2235,1919,957.113747832272,Far,179.021004853217,South,South,Isolated,Explicit,t,,,,,,35,3
2235,1612,553.581208757506,Far,357.879884400414,North,North,Isolated,Explicit,t,,,,,,35,3
2235,1475,432.095653281192,Medium,352.674693579087,North,North,Isolated,Explicit,f,,,,,,35,3
2235,2227,516.161494013442,Far,351.491279598809,North,North,Isolated,Explicit,f,,,,,,35,3
2235,2222,860.315621754121,Far,354.751485476371,North,North,Isolated,Explicit,f,,,,,,35,3
2235,1696,260.239488868528,Medium,326.199819055874,Northwest,Northwest,Isolated,Explicit,f,,,,,,35,3
2235,1691,242.605370058219,Medium,333.320905445346,Northwest,Northwest,Isolated,Explicit,f,,,,,,35,3
2235,1693,543.635592098023,Far,23.5914287344389,Northeast,Northeast,Isolated,Explicit,f,,,,,,35,3
2235,1702,507.265598772431,Far,23.9863212599316,Northeast,Northeast,Isolated,Explicit,f,,,,,,35,3
2235,1948,739.132308317883,Far,16.5842021509965,North,North,Isolated,Explicit,f,,,,,,35,3
2235,1746,318.079547441696,Medium,21.1496975249029,North,North,Isolated,Explicit,t,,,,,,35,3
2235,2098,821.959429325038,Far,5.4276002187733,North,North,Isolated,Explicit,f,,,,,,35,3
2235,1609,789.881018059894,Far,3.3792489832686,North,North,Isolated,Explicit,f,,,,,,35,3
2235,2096,605.458210545561,Far,3.46634880524546,North,North,Isolated,Explicit,f,,,,,,35,3
2235,1610,886.712192695817,Far,170.390162140748,South,South,Isolated,Explicit,f,,,,,,35,3
2235,1530,871.499360337673,Far,170.552538779026,South,South,Isolated,Explicit,f,,,,,,35,3
2235,1918,901.299281586176,Far,171.426091531266,South,South,Isolated,Explicit,f,,,,,,35,3
2235,1477,889.855008501503,Far,171.830447580968,South,South,Isolated,Explicit,f,,,,,,35,3
2235,1913,915.38165396349,Far,172.529548489156,South,South,Isolated,Explicit,f,,,,,,35,3
2235,1516,933.173057727811,Far,172.641567026743,South,South,Isolated,Explicit,f,,,,,,35,3
2235,1916,964.071725513282,Far,175.15420692623,South,South,Isolated,Explicit,f,,,,,,35,3
2235,1915,921.46299353546,Far,175.467834942571,South,South,Isolated,Explicit,f,,,,,,35,3
2235,1914,906.5223078526,Far,175.020442814101,South,South,Isolated,Explicit,f,,,,,,35,3
2235,2097,924.563774237454,Far,168.316140585976,South,South,Isolated,Explicit,f,,,,,,35,3
2235,2092,873.507831414313,Far,167.121764951285,South,South,Isolated,Explicit,f,,,,,,35,3
2235,2093,890.115427939422,Far,162.069548257806,South,South,Isolated,Explicit,f,,,,,,35,3
2235,1753,403.88108125047,Medium,67.5329970344282,East,East,Isolated,Explicit,f,,,,,,35,3
2235,2043,877.755577690545,Far,51.056848688674,Northeast,Northeast,Isolated,Explicit,f,,,,,,35,3
2235,1699,716.922751381169,Far,61.3363383049629,Northeast,Northeast,Isolated,Explicit,f,,,,,,35,3
2235,2041,811.367234763068,Far,42.7475809525537,Northeast,Northeast,Isolated,Explicit,t,,,,,,35,3
2236,1982,953.704718733915,Far,97.7569109050049,East,East,Isolated,Explicit,f,,,,,,52,4
2236,1493,958.091553515482,Far,82.4918138152319,East,East,Isolated,Explicit,f,,,,,,52,4
2236,1465,953.352160102055,Far,81.4937073867394,East,East,Isolated,Explicit,f,,,,,,52,4
2236,1834,920.439571596943,Far,97.5529256114694,East,East,Isolated,Explicit,f,,,,,,52,4
2236,2129,912.190526950551,Far,92.3913191766751,East,East,Isolated,Explicit,f,,,,,,52,4
2236,1838,905.823921526954,Far,95.7742000949653,East,East,Isolated,Explicit,f,,,,,,52,4
2236,1602,998.252670943971,Far,116.43255846308,Southeast,Southeast,Isolated,Explicit,f,,,,,,52,4
2236,1999,973.300020692011,Far,114.560076488679,Southeast,Southeast,Isolated,Explicit,f,,,,,,52,4
2236,2057,961.114999047197,Far,106.757958089051,East,East,Isolated,Explicit,f,,,,,,52,4
2236,1479,976.111260448992,Far,109.369818629434,East,East,Isolated,Explicit,f,,,,,,52,4
2236,1498,982.9664252618,Far,110.171923176364,East,East,Isolated,Explicit,t,,,,,,52,4
2236,1563,966.749810287792,Far,106.674478748996,East,East,Isolated,Explicit,f,,,,,,52,4
2236,1540,868.138659342853,Far,97.49093145806,East,East,Isolated,Explicit,f,,,,,,52,4
2236,1669,870.945750113778,Far,98.0572107146428,East,East,Isolated,Explicit,f,,,,,,52,4
2236,1650,876.97925908432,Far,98.4368612902237,East,East,Isolated,Explicit,f,,,,,,52,4
2236,1861,902.788704627424,Far,74.382869760637,East,East,Isolated,Explicit,f,,,,,,52,4
2236,1595,906.257632361985,Far,118.391810643106,Southeast,Southeast,Isolated,Explicit,f,,,,,,52,4
2236,2045,749.406097338181,Far,93.1261575683175,East,East,Isolated,Explicit,f,,,,,,52,4
2236,1590,789.415180284995,Far,70.2675488141331,East,East,Isolated,Explicit,f,,,,,,52,4
2236,1556,727.284556317144,Far,71.7525053961258,East,East,Isolated,Explicit,f,,,,,,52,4
2236,1946,866.01894585336,Far,133.142839547031,Southeast,Southeast,Isolated,Explicit,t,,,,,,52,4
2236,1827,802.025944390762,Far,124.769168877924,Southeast,Southeast,Isolated,Explicit,f,,,,,,52,4
2236,1822,639.640035776684,Far,49.3336690980916,Northeast,Northeast,Isolated,Explicit,f,,,,,,52,4
2236,1829,668.846018834638,Far,45.8030242887674,Northeast,Northeast,Isolated,Explicit,f,,,,,,52,4
2236,1866,661.831146205991,Far,283.404574306244,West,West,Isolated,Explicit,f,,,,,,52,4
2236,2094,891.079724168423,Far,250.490110567053,West,West,Isolated,Explicit,f,,,,,,52,4
2236,1885,870.522108593704,Far,258.916350539561,West,West,Isolated,Explicit,f,,,,,,52,4
2236,1608,852.103987724924,Far,261.589912439076,West,West,Isolated,Explicit,f,,,,,,52,4
2236,1882,855.002773055417,Far,259.240194030305,West,West,Isolated,Explicit,f,,,,,,52,4
2236,2186,990.86737335316,Far,257.917033069693,West,West,Isolated,Explicit,f,,,,,,52,4
2236,1711,390.594730855418,Medium,281.322841691423,West,West,Isolated,Explicit,f,,,,,,52,4
2236,1779,114.714553303157,Close,216.017199829578,Southwest,Southwest,Isolated,Explicit,f,,,,,,52,4
2236,1766,654.410538360641,Far,174.880894831635,South,South,Isolated,Explicit,f,,,,,,52,4
2236,1720,53.2365895287725,Close,76.3277890123966,East,East,Isolated,Explicit,f,,,,,,52,4
2236,2128,93.7104950287825,Close,142.205016374935,Southeast,Southeast,Isolated,Explicit,f,,,,,,52,4
2236,1798,233.947630636792,Medium,62.182200708814,Northeast,Northeast,Isolated,Explicit,f,,,,,,52,4
2236,1472,424.059632303747,Medium,49.6742186558342,Northeast,Northeast,Isolated,Explicit,f,,,,,,52,4
2236,1795,576.005819376519,Far,128.531723343989,Southeast,Southeast,Isolated,Explicit,f,,,,,,52,4
2237,2233,958.686265949224,Far,63.0482049077736,Northeast,Northeast,Isolated,Explicit,f,,,,,,9,3
2237,1801,987.405426339877,Far,124.793150486868,Southeast,Southeast,Isolated,Explicit,f,,,,,,9,3
2237,1917,902.377810614845,Far,42.3740145657977,Northeast,Northeast,Isolated,Explicit,f,,,,,,9,3
2237,1880,684.757992227269,Far,137.660351512433,Southeast,Southeast,Isolated,Explicit,f,,,,,,9,3
2237,1611,670.297753964523,Far,137.664198704455,Southeast,Southeast,Isolated,Explicit,f,,,,,,9,3
2237,1886,667.708825650623,Far,136.559165136472,Southeast,Southeast,Isolated,Explicit,f,,,,,,9,3
2237,2100,617.07443231564,Far,136.65665408428,Southeast,Southeast,Isolated,Explicit,f,,,,,,9,3
2237,2220,321.811481685151,Medium,56.7583423179771,Northeast,Northeast,Isolated,Explicit,f,,,,,,9,3
2237,1870,448.326713447047,Medium,152.757264711385,Southeast,Southeast,Isolated,Explicit,f,,,,,,9,3
2238,1705,906.680986561078,Far,346.006691372932,North,North,Isolated,Explicit,f,,,,,,21,3
2238,1750,429.976015108887,Medium,279.429959046803,West,West,Isolated,Explicit,f,,,,,,21,3
2238,1792,424.237075584628,Medium,297.612544864051,Northwest,Northwest,Isolated,Explicit,f,,,,,,21,3
2238,1759,334.811808920427,Medium,308.361452809941,Northwest,Northwest,Isolated,Explicit,f,,,,,,21,3
2238,1812,405.964721824352,Medium,324.491825614859,Northwest,Northwest,Isolated,Explicit,f,,,,,,21,3
2238,1747,461.706488595024,Medium,340.657896580226,North,North,Isolated,Explicit,f,,,,,,21,3
2238,1761,333.115517135571,Medium,9.07513993652983,North,North,Isolated,Explicit,f,,,,,,21,3
2238,1768,767.69336725036,Far,9.79829481200795,North,North,Isolated,Explicit,f,,,,,,21,3
2238,1775,456.274636819167,Medium,25.6952214809002,Northeast,Northeast,Isolated,Explicit,f,,,,,,21,3
2238,1807,733.149265073792,Far,26.0078550860727,Northeast,Northeast,Isolated,Explicit,f,,,,,,21,3
2238,1736,434.869218462658,Medium,43.7814095755728,Northeast,Northeast,Isolated,Explicit,t,,,,,,21,3
2238,1756,334.194771862819,Medium,63.2150475008664,Northeast,Northeast,Isolated,Explicit,f,,,,,,21,3
2238,1820,323.996399591921,Medium,79.3079979110536,East,East,Isolated,Explicit,f,,,,,,21,3
2238,1791,727.595845084073,Far,131.351675117731,Southeast,Southeast,Isolated,Explicit,f,,,,,,21,3
2238,1740,999.886741274094,Far,121.301744343017,Southeast,Southeast,Isolated,Explicit,f,,,,,,21,3
2238,1793,638.182432773086,Far,107.113466328464,East,East,Isolated,Explicit,f,,,,,,21,3
2238,1723,680.069678388694,Far,108.755885497564,East,East,Isolated,Explicit,f,,,,,,21,3
2238,1800,768.578912838818,Far,115.58357491439,Southeast,Southeast,Isolated,Explicit,f,,,,,,21,3
2238,1757,809.049009530175,Far,124.613306903695,Southeast,Southeast,Isolated,Explicit,f,,,,,,21,3
2238,1730,684.320510797783,Far,60.9383385396233,Northeast,Northeast,Isolated,Explicit,f,,,,,,21,3
2238,2278,854.896485950663,Far,45.2939106029245,Northeast,Northeast,Isolated,Explicit,f,,,,,,21,3
2240,11882,95.6422989984402,Close,344.900432138734,North,North,Isolated,Explicit,f,,,,,,4,3
2240,9421,415.830010275363,Medium,178.276527859293,South,South,Isolated,Explicit,t,,,,,,4,3
2240,1513,947.926699407759,Far,318.990448874837,Northwest,Northwest,Isolated,Explicit,f,,,,,,4,3
2240,8435,767.940192594749,Far,323.351613875729,Northwest,Northwest,Isolated,Explicit,f,,,,,,4,3
2261,2267,99.4658044293403,Close,246.016695158128,Southwest,Southwest,Isolated,Explicit,t,,,,,,32,3
2261,1617,874.503938551955,Far,18.4356707104163,North,North,Isolated,Explicit,f,,,,,,32,3
2261,2135,274.659728467411,Medium,104.717732846039,East,East,Isolated,Explicit,f,,,,,,32,3
2261,2170,361.94613941666,Medium,45.5716307341764,Northeast,Northeast,Isolated,Explicit,f,,,,,,32,3
2261,1450,247.896287416301,Medium,73.9357960632972,East,East,Isolated,Explicit,f,,,,,,32,3
2261,2012,445.448498916853,Medium,80.1363643765513,East,East,Isolated,Explicit,f,,,,,,32,3
2261,2124,349.144918453733,Medium,95.5421612797299,East,East,Isolated,Explicit,f,,,,,,32,3
2261,2132,337.80157206159,Medium,84.098709223897,East,East,Isolated,Explicit,f,,,,,,32,3
2261,64291,692.178628738872,Far,59.4084598569718,Northeast,Northeast,Isolated,Explicit,f,,,,,,32,3
2261,71562,732.821846430041,Far,58.211771913041,Northeast,Northeast,Isolated,Explicit,f,,,,,,32,3
2261,66040,732.361734838918,Far,61.2485310788706,Northeast,Northeast,Isolated,Explicit,f,,,,,,32,3
2261,75402,759.19415241069,Far,59.1428657877082,Northeast,Northeast,Isolated,Explicit,f,,,,,,32,3
2261,71975,837.381460038081,Far,55.5312187190394,Northeast,Northeast,Isolated,Explicit,f,,,,,,32,3
2261,71487,700.031450480794,Far,86.6700121714318,East,East,Isolated,Explicit,f,,,,,,32,3
2261,71441,824.697754851717,Far,87.5114654199203,East,East,Isolated,Explicit,t,,,,,,32,3
2261,61118,898.535994583416,Far,64.2148058265384,Northeast,Northeast,Isolated,Explicit,f,,,,,,32,3
2261,59841,823.169001792481,Far,72.0705170034251,East,East,Isolated,Explicit,f,,,,,,32,3
2261,62967,820.064629585451,Far,71.121998804658,East,East,Isolated,Explicit,f,,,,,,32,3
2261,63158,826.901221934047,Far,69.5198476515396,East,East,Isolated,Explicit,f,,,,,,32,3
2261,58712,851.979946231773,Far,65.1422277471244,Northeast,Northeast,Isolated,Explicit,t,,,,,,32,3
2261,72085,853.478044456138,Far,64.8515504754505,Northeast,Northeast,Isolated,Explicit,f,,,,,,32,3
2261,51402,815.316249426394,Far,66.7537250232594,Northeast,Northeast,Isolated,Explicit,t,,,,,,32,3
2261,62449,855.737408240408,Far,62.5707069720905,Northeast,Northeast,Isolated,Explicit,f,,,,,,32,3
2261,54348,843.14564548508,Far,65.2426334880447,Northeast,Northeast,Isolated,Explicit,t,,,,,,32,3
2261,62950,828.859528724924,Far,68.4674300122911,East,East,Isolated,Explicit,f,,,,,,32,3
2261,71001,838.046628460258,Far,60.3212139399054,Northeast,Northeast,Isolated,Explicit,f,,,,,,32,3
2261,65921,903.803785241374,Far,90.3751346672845,East,East,Isolated,Explicit,f,,,,,,32,3
2261,68423,993.076186227065,Far,64.4413514437176,Northeast,Northeast,Isolated,Explicit,f,,,,,,32,3
2261,1336,928.799588560074,Far,320.6240540654,Northwest,Northwest,Isolated,Explicit,f,,,,,,32,3
3570,2545,948.384746558538,Far,157.93913391012,South,South,Isolated,Explicit,f,,,,,,132,6
3570,3676,864.590565350807,Far,173.096709990508,South,South,Isolated,Explicit,f,,,,,,132,6
3570,3162,874.539580079705,Far,173.758752722103,South,South,Isolated,Explicit,f,,,,,,132,6
3570,4449,943.758070765853,Far,174.666337720369,South,South,Isolated,Explicit,f,,,,,,132,6
3570,2888,872.999852054419,Far,175.640174209246,South,South,Isolated,Explicit,f,,,,,,132,6
3570,3309,871.497437860578,Far,169.251156814523,South,South,Isolated,Explicit,f,,,,,,132,6
3570,5053,937.531259284898,Far,169.618837939299,South,South,Isolated,Explicit,f,,,,,,132,6
3570,3408,905.425873335281,Far,168.828155116463,South,South,Isolated,Explicit,f,,,,,,132,6
3570,2889,881.574704994216,Far,169.665507424009,South,South,Isolated,Explicit,f,,,,,,132,6
3570,4051,860.087501189868,Far,169.954032189768,South,South,Isolated,Explicit,f,,,,,,132,6
3570,4451,965.350807715971,Far,171.536984322036,South,South,Isolated,Explicit,f,,,,,,132,6
3570,2781,906.258578489403,Far,168.711823663291,South,South,Isolated,Explicit,f,,,,,,132,6
3570,3660,912.158749997966,Far,167.284633682842,South,South,Isolated,Explicit,f,,,,,,132,6
3570,4921,909.481856969729,Far,167.361331722665,South,South,Isolated,Explicit,f,,,,,,132,6
3570,3385,862.797467541053,Far,166.017999346118,South,South,Isolated,Explicit,f,,,,,,132,6
3570,3499,855.536765198452,Far,165.969074574718,South,South,Isolated,Explicit,f,,,,,,132,6
3570,3352,838.146757185322,Far,165.659811750633,South,South,Isolated,Explicit,f,,,,,,132,6
3570,2813,865.689419665352,Far,166.249037232895,South,South,Isolated,Explicit,f,,,,,,132,6
3570,2902,875.2460265895,Far,166.234794757467,South,South,Isolated,Explicit,f,,,,,,132,6
3570,3516,911.381112969254,Far,166.474951047755,South,South,Isolated,Explicit,f,,,,,,132,6
3570,3465,901.51167937064,Far,165.603227090886,South,South,Isolated,Explicit,f,,,,,,132,6
3570,3478,936.135600079047,Far,161.895633874093,South,South,Isolated,Explicit,f,,,,,,132,6
3570,2890,931.848093164074,Far,161.695376442007,South,South,Isolated,Explicit,f,,,,,,132,6
3570,3480,930.229311433406,Far,162.42920727235,South,South,Isolated,Explicit,f,,,,,,132,6
3570,4918,929.811153394176,Far,162.665013556411,South,South,Isolated,Explicit,f,,,,,,132,6
3570,3402,925.247083777222,Far,163.125122528691,South,South,Isolated,Explicit,f,,,,,,132,6
3570,3662,929.174088413841,Far,162.924142060481,South,South,Isolated,Explicit,f,,,,,,132,6
3570,2952,917.502266304468,Far,164.599258085132,South,South,Isolated,Explicit,f,,,,,,132,6
3570,3537,922.825833201003,Far,164.44468082235,South,South,Isolated,Explicit,f,,,,,,132,6
3570,4124,922.158074929549,Far,163.994523212959,South,South,Isolated,Explicit,f,,,,,,132,6
3570,3860,921.633983220876,Far,164.179216831518,South,South,Isolated,Explicit,f,,,,,,132,6
3570,4278,943.405551029569,Far,179.252792429575,South,South,Isolated,Explicit,t,,,,,,132,6
3570,4411,872.731441559019,Far,180.245108010487,South,South,Isolated,Explicit,f,,,,,,132,6
3570,4196,650.238966544534,Far,289.652553752423,West,West,Isolated,Explicit,f,,,,,,132,6
3570,3361,651.712185333759,Far,290.269920422083,West,West,Isolated,Explicit,t,,,,,,132,6
3570,2298,584.664708303682,Far,262.307432290561,West,West,Isolated,Explicit,f,,,,,,132,6
3570,2338,569.704950956992,Far,263.747428733296,West,West,Isolated,Explicit,f,,,,,,132,6
3570,4846,741.878633574754,Far,262.130606880902,West,West,Isolated,Explicit,f,,,,,,132,6
3570,4515,825.81703108392,Far,277.435677833529,West,West,Isolated,Explicit,f,,,,,,132,6
3570,3732,934.766029552728,Far,252.202830019226,West,West,Isolated,Explicit,f,,,,,,132,6
3570,3762,935.508127291655,Far,251.852409923277,West,West,Isolated,Explicit,f,,,,,,132,6
3570,4805,940.639643412712,Far,254.702701332717,West,West,Isolated,Explicit,f,,,,,,132,6
3570,3848,915.344582744422,Far,273.494282794579,West,West,Isolated,Explicit,f,,,,,,132,6
3570,3844,942.076236811459,Far,272.637698695366,West,West,Isolated,Explicit,f,,,,,,132,6
3570,3235,964.390777698065,Far,120.029527921268,Southeast,Southeast,Isolated,Explicit,f,,,,,,132,6
3570,3936,964.390777698065,Far,120.029527921268,Southeast,Southeast,Isolated,Explicit,f,,,,,,132,6
3570,3907,918.966689813831,Far,116.400959634668,Southeast,Southeast,Isolated,Explicit,f,,,,,,132,6
3570,2509,995.534259828596,Far,119.467677003614,Southeast,Southeast,Isolated,Explicit,f,,,,,,132,6
3570,4382,957.835046796013,Far,109.394497712689,East,East,Isolated,Explicit,f,,,,,,132,6
3570,3974,926.399168174424,Far,80.477971629254,East,East,Isolated,Explicit,f,,,,,,132,6
3570,2724,949.028402096246,Far,121.437773728515,Southeast,Southeast,Isolated,Explicit,f,,,,,,132,6
3570,4204,935.1613495936,Far,131.904459510169,Southeast,Southeast,Isolated,Explicit,f,,,,,,132,6
3570,4187,909.733735499582,Far,130.59956337709,Southeast,Southeast,Isolated,Explicit,f,,,,,,132,6
3570,4385,746.41493515495,Far,111.0116867643,East,East,Isolated,Explicit,t,,,,,,132,6
3570,4793,765.190640728897,Far,110.572726646656,East,East,Isolated,Explicit,t,,,,,,132,6
3570,3864,818.360508665812,Far,115.052941451014,Southeast,Southeast,Isolated,Explicit,f,,,,,,132,6
3570,4631,760.979877699383,Far,107.740348907777,East,East,Isolated,Explicit,f,,,,,,132,6
3570,4512,767.497324933964,Far,107.250696677827,East,East,Isolated,Explicit,f,,,,,,132,6
3570,3881,745.227228083746,Far,89.1669163558135,East,East,Isolated,Explicit,t,,,,,,132,6
3570,3364,749.814092107791,Far,87.0693958426612,East,East,Isolated,Explicit,f,,,,,,132,6
3570,4035,735.629517556346,Far,82.4950326466306,East,East,Isolated,Explicit,f,,,,,,132,6
3570,3973,729.166851053535,Far,86.9134302103952,East,East,Isolated,Explicit,f,,,,,,132,6
3570,3951,738.242621795863,Far,103.481599631018,East,East,Isolated,Explicit,f,,,,,,132,6
3570,4039,698.615515934355,Far,83.2209599314274,East,East,Isolated,Explicit,f,,,,,,132,6
3570,3971,709.757105249902,Far,81.9236801987684,East,East,Isolated,Explicit,f,,,,,,132,6
3570,3932,705.010455540525,Far,81.3732006799615,East,East,Isolated,Explicit,f,,,,,,132,6
3570,3996,711.253520532027,Far,79.2737898825725,East,East,Isolated,Explicit,f,,,,,,132,6
3570,4043,718.665050686747,Far,77.1361268145685,East,East,Isolated,Explicit,f,,,,,,132,6
3570,3984,704.853254797148,Far,76.2298112088076,East,East,Isolated,Explicit,f,,,,,,132,6
3570,4036,693.008633974393,Far,77.5497590304034,East,East,Isolated,Explicit,f,,,,,,132,6
3570,4018,906.785920326701,Far,136.262251376571,Southeast,Southeast,Isolated,Explicit,f,,,,,,132,6
3570,3945,910.185432182524,Far,136.342798450714,Southeast,Southeast,Isolated,Explicit,f,,,,,,132,6
3570,4421,918.776279196435,Far,136.446290467686,Southeast,Southeast,Isolated,Explicit,f,,,,,,132,6
3570,3294,931.558973203895,Far,135.899450935913,Southeast,Southeast,Isolated,Explicit,f,,,,,,132,6
3570,3856,937.718315399855,Far,135.55642287255,Southeast,Southeast,Isolated,Explicit,f,,,,,,132,6
3570,3249,934.94545576467,Far,136.037807507038,Southeast,Southeast,Isolated,Explicit,f,,,,,,132,6
3570,4186,938.011748260886,Far,135.136269227041,Southeast,Southeast,Isolated,Explicit,f,,,,,,132,6
3570,2355,975.19922407421,Far,140.588788867949,Southeast,Southeast,Isolated,Explicit,f,,,,,,132,6
3570,3124,973.56773372802,Far,140.744970505952,Southeast,Southeast,Isolated,Explicit,f,,,,,,132,6
3570,3146,960.716338402331,Far,140.79813490205,Southeast,Southeast,Isolated,Explicit,f,,,,,,132,6
3570,5104,973.728012783174,Far,141.548631105405,Southeast,Southeast,Isolated,Explicit,f,,,,,,132,6
3570,5097,959.402728189839,Far,142.08508756224,Southeast,Southeast,Isolated,Explicit,f,,,,,,132,6
3570,4418,859.744491305191,Far,138.352269953686,Southeast,Southeast,Isolated,Explicit,f,,,,,,132,6
3570,2858,897.258921086785,Far,138.991771255832,Southeast,Southeast,Isolated,Explicit,f,,,,,,132,6
3570,2938,907.206003053255,Far,138.904970548372,Southeast,Southeast,Isolated,Explicit,f,,,,,,132,6
3570,2701,912.901562897076,Far,138.826975604424,Southeast,Southeast,Isolated,Explicit,f,,,,,,132,6
3570,2546,927.20789549488,Far,139.237762068163,Southeast,Southeast,Isolated,Explicit,f,,,,,,132,6
3570,3323,937.918502486027,Far,138.913064403464,Southeast,Southeast,Isolated,Explicit,f,,,,,,132,6
3570,3140,931.788627675892,Far,138.598488537666,Southeast,Southeast,Isolated,Explicit,f,,,,,,132,6
3570,3681,931.788627675892,Far,138.598488537666,Southeast,Southeast,Isolated,Explicit,f,,,,,,132,6
3570,4007,919.047066265395,Far,137.698866129392,Southeast,Southeast,Isolated,Explicit,f,,,,,,132,6
3570,3986,585.762992530715,Far,76.1631516188837,East,East,Isolated,Explicit,f,,,,,,132,6
3570,4044,580.220497505524,Far,79.6295810524847,East,East,Isolated,Explicit,f,,,,,,132,6
3570,3859,782.117555760539,Far,149.030431503202,Southeast,Southeast,Isolated,Explicit,f,,,,,,132,6
3570,2482,749.296102696838,Far,148.874864243932,Southeast,Southeast,Isolated,Explicit,f,,,,,,132,6
3570,4570,754.948466468955,Far,152.449511671723,Southeast,Southeast,Isolated,Explicit,f,,,,,,132,6
3570,4503,873.119836688737,Far,153.088040355189,Southeast,Southeast,Isolated,Explicit,f,,,,,,132,6
3570,4657,852.896480506408,Far,150.953739670013,Southeast,Southeast,Isolated,Explicit,f,,,,,,132,6
3570,3599,908.745466249503,Far,148.537956600963,Southeast,Southeast,Isolated,Explicit,f,,,,,,132,6
3570,3449,797.134625311231,Far,141.826301796938,Southeast,Southeast,Isolated,Explicit,f,,,,,,132,6
3570,3339,860.115960652374,Far,141.678138098368,Southeast,Southeast,Isolated,Explicit,f,,,,,,132,6
3570,4394,924.931150258584,Far,145.157548571654,Southeast,Southeast,Isolated,Explicit,f,,,,,,132,6
3570,4294,647.281671403301,Far,175.250558693116,South,South,Isolated,Explicit,f,,,,,,132,6
3570,4755,356.556205901822,Medium,168.492934741753,South,South,Isolated,Explicit,f,,,,,,132,6
3570,3778,340.009577586239,Medium,160.613566055528,South,South,Isolated,Explicit,f,,,,,,132,6
3570,3725,339.48790373103,Medium,160.581641530392,South,South,Isolated,Explicit,f,,,,,,132,6
3570,4640,377.526313622289,Medium,163.156132520698,South,South,Isolated,Explicit,f,,,,,,132,6
3570,4721,375.194980098625,Medium,164.097761517052,South,South,Isolated,Explicit,f,,,,,,132,6
3570,3761,343.520142344523,Medium,163.191708704936,South,South,Isolated,Explicit,f,,,,,,132,6
3570,3736,343.224562994623,Medium,164.59430178831,South,South,Isolated,Explicit,f,,,,,,132,6
3570,4798,414.544553545145,Medium,162.722986393139,South,South,Isolated,Explicit,f,,,,,,132,6
3570,4346,805.054345830999,Far,167.449329385834,South,South,Isolated,Explicit,f,,,,,,132,6
3570,4285,800.412296304568,Far,169.060616996365,South,South,Isolated,Explicit,f,,,,,,132,6
3570,3756,787.808630460399,Far,164.814193294279,South,South,Isolated,Explicit,f,,,,,,132,6
3570,3758,793.27372909818,Far,164.565214814215,South,South,Isolated,Explicit,f,,,,,,132,6
3570,4988,676.63625281226,Far,155.759909564732,Southeast,Southeast,Isolated,Explicit,t,,,,,,132,6
3570,3413,707.193642745472,Far,177.453257318215,South,South,Isolated,Explicit,f,,,,,,132,6
3570,4968,324.875147753043,Medium,172.49494041295,South,South,Isolated,Explicit,f,,,,,,132,6
3570,4266,659.393165668158,Far,176.505540193014,South,South,Isolated,Explicit,f,,,,,,132,6
3570,4345,770.291218436735,Far,184.081762625877,South,South,Isolated,Explicit,f,,,,,,132,6
3570,2375,728.282339894602,Far,183.530037875335,South,South,Isolated,Explicit,f,,,,,,132,6
3570,3414,800.545486780557,Far,326.684745506368,Northwest,Northwest,Isolated,Explicit,f,,,,,,132,6
3570,4890,476.348598098215,Medium,238.848375016906,Southwest,Southwest,Isolated,Explicit,f,,,,,,132,6
3698,2396,922.542947564614,Far,200.440275537709,South,South,Isolated,Explicit,t,,,,,,12,3
3698,2531,165.378581451338,Close,196.623664232445,South,South,Isolated,Explicit,f,,,,,,12,3
3698,4841,556.18212966733,Far,169.32927170745,South,South,Isolated,Explicit,f,,,,,,12,3
3698,3601,629.007001133782,Far,168.576904045245,South,South,Isolated,Explicit,f,,,,,,12,3
3698,3594,800.561022202701,Far,148.593363356275,Southeast,Southeast,Isolated,Explicit,f,,,,,,12,3
3698,4654,796.850300947598,Far,138.149301492574,Southeast,Southeast,Isolated,Explicit,f,,,,,,12,3
3698,3906,799.926302424944,Far,138.606206563402,Southeast,Southeast,Isolated,Explicit,f,,,,,,12,3
3698,4436,999.407849462612,Far,62.9889245547276,Northeast,Northeast,Isolated,Explicit,f,,,,,,12,3
3698,3397,976.983770904199,Far,62.9369805302081,Northeast,Northeast,Isolated,Explicit,f,,,,,,12,3
3713,8562,895.724799501261,Far,170.974862867338,South,South,Isolated,Explicit,f,,,,,,73,4
3713,13461,704.662597551333,Far,163.27824490439,South,South,Isolated,Explicit,f,,,,,,73,4
3713,11690,761.196411985085,Far,154.95028284806,Southeast,Southeast,Isolated,Explicit,f,,,,,,73,4
3713,4886,435.546445297399,Medium,105.176912757347,East,East,Isolated,Explicit,f,,,,,,73,4
3713,4959,534.909192301757,Far,101.793081457973,East,East,Isolated,Explicit,f,,,,,,73,4
3713,12413,629.079014431545,Far,173.447021231295,South,South,Isolated,Explicit,f,,,,,,73,4
3713,9499,960.565196825424,Far,174.802136717842,South,South,Isolated,Explicit,f,,,,,,73,4
3713,9541,831.518888817428,Far,177.796993721869,South,South,Isolated,Explicit,t,,,,,,73,4
3713,11587,633.019221415764,Far,176.796356492449,South,South,Isolated,Explicit,f,,,,,,73,4
3713,11670,629.4723035333,Far,176.329398565133,South,South,Isolated,Explicit,f,,,,,,73,4
3713,12427,595.506938348079,Far,175.418440143847,South,South,Isolated,Explicit,f,,,,,,73,4
3713,9712,805.627230758052,Far,182.447523054944,South,South,Isolated,Explicit,f,,,,,,73,4
3713,13432,502.780132049107,Far,194.952596724616,South,South,Isolated,Explicit,f,,,,,,73,4
3713,12076,853.998275104046,Far,279.339863289214,West,West,Isolated,Explicit,f,,,,,,73,4
3713,9014,859.028587338725,Far,279.227388765586,West,West,Isolated,Explicit,f,,,,,,73,4
3713,12526,850.05886966593,Far,268.362634206151,West,West,Isolated,Explicit,t,,,,,,73,4
3713,11477,848.592693632877,Far,267.713998431308,West,West,Isolated,Explicit,t,,,,,,73,4
3713,8043,846.206598067097,Far,265.702952385078,West,West,Isolated,Explicit,f,,,,,,73,4
3713,11299,839.849551016023,Far,266.365726535083,West,West,Isolated,Explicit,f,,,,,,73,4
3713,8232,859.408907841057,Far,264.691035384175,West,West,Isolated,Explicit,f,,,,,,73,4
3713,8239,859.000148529184,Far,264.732932645566,West,West,Isolated,Explicit,f,,,,,,73,4
3713,12680,930.055806464107,Far,289.745749164789,West,West,Isolated,Explicit,f,,,,,,73,4
3713,11963,924.665051454221,Far,274.876036661139,West,West,Isolated,Explicit,f,,,,,,73,4
3713,5176,926.013994034282,Far,274.711157062769,West,West,Isolated,Explicit,f,,,,,,73,4
3713,9917,908.321703189864,Far,255.885234362325,West,West,Isolated,Explicit,f,,,,,,73,4
3713,7737,819.265000713049,Far,256.448921399113,West,West,Isolated,Explicit,f,,,,,,73,4
3713,9022,813.363890554051,Far,258.072205388735,West,West,Isolated,Explicit,f,,,,,,73,4
3713,11144,768.072480337235,Far,271.147129065319,West,West,Isolated,Explicit,f,,,,,,73,4
3713,5459,747.458051265886,Far,262.780717065494,West,West,Isolated,Explicit,f,,,,,,73,4
3713,11441,748.25609160663,Far,261.853181428033,West,West,Isolated,Explicit,f,,,,,,73,4
3713,6633,743.307766856848,Far,261.812917286827,West,West,Isolated,Explicit,f,,,,,,73,4
3713,6292,741.489203593658,Far,262.398373429613,West,West,Isolated,Explicit,f,,,,,,73,4
3713,7735,725.567272624926,Far,261.706849084243,West,West,Isolated,Explicit,f,,,,,,73,4
3713,12174,693.997533656969,Far,274.047739014758,West,West,Isolated,Explicit,f,,,,,,73,4
3713,10189,719.618824105011,Far,255.335120484762,West,West,Isolated,Explicit,f,,,,,,73,4
3713,5197,709.97803176871,Far,260.878422401149,West,West,Isolated,Explicit,f,,,,,,73,4
3713,12768,687.560190053923,Far,237.533718136716,Southwest,Southwest,Isolated,Explicit,f,,,,,,73,4
3713,12467,696.871629242621,Far,241.079475704495,Southwest,Southwest,Isolated,Explicit,f,,,,,,73,4
3713,6083,654.626962664328,Far,241.173390899764,Southwest,Southwest,Isolated,Explicit,f,,,,,,73,4
3713,8611,630.70957913297,Far,246.516052905207,Southwest,Southwest,Isolated,Explicit,t,,,,,,73,4
3713,12181,604.673299468315,Far,250.941878871064,West,West,Isolated,Explicit,f,,,,,,73,4
3713,12763,628.242695547414,Far,242.645959648865,Southwest,Southwest,Isolated,Explicit,f,,,,,,73,4
3713,10424,690.870362377096,Far,299.659228938905,Northwest,Northwest,Isolated,Explicit,f,,,,,,73,4
3713,10996,720.63205267656,Far,301.858168471382,Northwest,Northwest,Isolated,Explicit,f,,,,,,73,4
3713,7028,705.167552606815,Far,246.456491115444,Southwest,Southwest,Isolated,Explicit,t,,,,,,73,4
3713,9696,683.039678872885,Far,281.309434675202,West,West,Isolated,Explicit,f,,,,,,73,4
3713,9579,506.292990979274,Far,278.780675918752,West,West,Isolated,Explicit,f,,,,,,73,4
3713,5320,866.206834679199,Far,209.525992400447,Southwest,Southwest,Isolated,Explicit,f,,,,,,73,4
3713,11278,985.528094822276,Far,273.573621653432,West,West,Isolated,Explicit,f,,,,,,73,4
3713,9909,934.653019076581,Far,267.931109774131,West,West,Isolated,Explicit,t,,,,,,73,4
3713,12433,951.492075416347,Far,276.085836629927,West,West,Isolated,Explicit,f,,,,,,73,4
3713,12281,969.896018104937,Far,276.624334416811,West,West,Isolated,Explicit,f,,,,,,73,4
3713,4866,719.199333395826,Far,82.9801803981186,East,East,Isolated,Explicit,f,,,,,,73,4
3713,5092,880.406717273344,Far,131.756006565501,Southeast,Southeast,Isolated,Explicit,f,,,,,,73,4
3713,2775,822.565948543319,Far,118.943112778854,Southeast,Southeast,Isolated,Explicit,f,,,,,,73,4
3713,5108,865.052616391157,Far,117.019853736829,Southeast,Southeast,Isolated,Explicit,f,,,,,,73,4
3713,4439,999.172591366587,Far,22.3428972379637,North,North,Isolated,Explicit,t,,,,,,73,4
3713,4774,936.184156799566,Far,350.01028878682,North,North,Isolated,Explicit,f,,,,,,73,4
3713,4307,946.566296954261,Far,350.084881612672,North,North,Isolated,Explicit,f,,,,,,73,4
3713,4507,951.606270722307,Far,355.889612716875,North,North,Isolated,Explicit,f,,,,,,73,4
3713,4746,984.049290594889,Far,356.023216321252,North,North,Isolated,Explicit,f,,,,,,73,4
3713,5078,824.699610199637,Far,341.669770772013,North,North,Isolated,Explicit,f,,,,,,73,4
3713,3915,973.133785580886,Far,339.215243603326,North,North,Isolated,Explicit,f,,,,,,73,4
3988,4604,978.558790262974,Far,254.216758764941,West,West,Isolated,Explicit,f,,,,,,51,4
3988,2309,968.158154609799,Far,266.666725837665,West,West,Isolated,Explicit,f,,,,,,51,4
3988,2311,986.303953184911,Far,269.247476083062,West,West,Isolated,Explicit,t,,,,,,51,4
3988,4958,926.10234181815,Far,256.632707772028,West,West,Isolated,Explicit,f,,,,,,51,4
3988,2411,924.060144612985,Far,256.658226577681,West,West,Isolated,Explicit,f,,,,,,51,4
3988,2556,921.738824470721,Far,256.665391332208,West,West,Isolated,Explicit,f,,,,,,51,4
3988,2400,912.292204093162,Far,266.370709272475,West,West,Isolated,Explicit,f,,,,,,51,4
3988,2816,838.317320238919,Far,255.998338071601,West,West,Isolated,Explicit,f,,,,,,51,4
3988,3422,898.279514703833,Far,255.698025266226,West,West,Isolated,Explicit,f,,,,,,51,4
3988,4912,869.402965520018,Far,256.67689095397,West,West,Isolated,Explicit,f,,,,,,51,4
3988,4895,799.624236310069,Far,255.529066862131,West,West,Isolated,Explicit,f,,,,,,51,4
3988,2289,934.369761133534,Far,307.344950581209,Northwest,Northwest,Isolated,Explicit,f,,,,,,51,4
3988,3549,997.223122366886,Far,315.304023900736,Northwest,Northwest,Isolated,Explicit,f,,,,,,51,4
3988,3561,981.992159678742,Far,315.074028938079,Northwest,Northwest,Isolated,Explicit,f,,,,,,51,4
3988,4400,694.706824783087,Far,259.273908707953,West,West,Isolated,Explicit,f,,,,,,51,4
3988,4621,749.449339903414,Far,253.991077809588,West,West,Isolated,Explicit,f,,,,,,51,4
3988,3628,239.363350041043,Medium,269.644826716723,West,West,Isolated,Explicit,t,,,,,,51,4
3988,3649,230.435389562339,Medium,293.555067777308,Northwest,Northwest,Isolated,Explicit,f,,,,,,51,4
3988,4923,245.661227975553,Medium,235.615271602474,Southwest,Southwest,Isolated,Explicit,f,,,,,,51,4
3988,4658,301.624225320167,Medium,290.926794380637,West,West,Isolated,Explicit,t,,,,,,51,4
3988,4539,372.671226155096,Medium,240.51831633104,Southwest,Southwest,Isolated,Explicit,f,,,,,,51,4
3988,2795,385.862700412255,Medium,254.104886070999,West,West,Isolated,Explicit,f,,,,,,51,4
3988,2882,514.015303085554,Far,229.497700167248,Southwest,Southwest,Isolated,Explicit,f,,,,,,51,4
3988,3439,460.274095598555,Medium,294.116799495104,Northwest,Northwest,Isolated,Explicit,f,,,,,,51,4
3988,4762,471.245521575112,Medium,308.188295334773,Northwest,Northwest,Isolated,Explicit,f,,,,,,51,4
3988,4689,646.625097457173,Far,324.574290725923,Northwest,Northwest,Isolated,Explicit,f,,,,,,51,4
3988,4740,646.625097457173,Far,324.574290725923,Northwest,Northwest,Isolated,Explicit,f,,,,,,51,4
3988,5099,573.202010983633,Far,310.974331631551,Northwest,Northwest,Isolated,Explicit,f,,,,,,51,4
3988,4293,568.595667088034,Far,310.533866273108,Northwest,Northwest,Isolated,Explicit,f,,,,,,51,4
3988,4688,717.4555937617,Far,320.628533989835,Northwest,Northwest,Isolated,Explicit,f,,,,,,51,4
3988,4810,589.882770472958,Far,298.189115127227,Northwest,Northwest,Isolated,Explicit,f,,,,,,51,4
3988,2872,610.662639030486,Far,304.715086108621,Northwest,Northwest,Isolated,Explicit,f,,,,,,51,4
3988,3564,565.826206884248,Far,252.332047470545,West,West,Isolated,Explicit,f,,,,,,51,4
3988,3541,493.433261299238,Medium,248.54754670369,West,West,Isolated,Explicit,f,,,,,,51,4
3988,5066,625.47696760089,Far,283.044193266389,West,West,Isolated,Explicit,f,,,,,,51,4
3988,4617,832.551337051489,Far,312.848164123852,Northwest,Northwest,Isolated,Explicit,t,,,,,,51,4
3988,2293,868.365219939761,Far,318.314612023053,Northwest,Northwest,Isolated,Explicit,f,,,,,,51,4
3988,4104,917.962281575214,Far,321.65216837263,Northwest,Northwest,Isolated,Explicit,f,,,,,,51,4
3988,2314,878.439304995425,Far,317.67867269301,Northwest,Northwest,Isolated,Explicit,f,,,,,,51,4
3988,4284,638.49428320264,Far,283.375480785764,West,West,Isolated,Explicit,f,,,,,,51,4
3988,3288,675.96336641287,Far,289.271123237531,West,West,Isolated,Explicit,f,,,,,,51,4
3988,5105,939.662037112184,Far,314.486171907945,Northwest,Northwest,Isolated,Explicit,t,,,,,,51,4
3988,3841,942.414074096704,Far,316.121001792881,Northwest,Northwest,Isolated,Explicit,f,,,,,,51,4
3988,3414,554.687291755576,Far,195.093466518847,South,South,Isolated,Explicit,f,,,,,,51,4
4403,3907,989.389698632819,Far,242.345540778538,Southwest,Southwest,Isolated,Explicit,f,,,,,,164,8
4403,2509,992.681081588443,Far,237.022186993437,Southwest,Southwest,Isolated,Explicit,f,,,,,,164,8
4403,2799,984.132059293109,Far,236.530222941095,Southwest,Southwest,Isolated,Explicit,f,,,,,,164,8
4403,2657,995.028283112668,Far,235.568068465525,Southwest,Southwest,Isolated,Explicit,f,,,,,,164,8
4403,2700,998.649139348814,Far,232.568631516364,Southwest,Southwest,Isolated,Explicit,f,,,,,,164,8
4403,3164,988.159546492131,Far,233.685019389531,Southwest,Southwest,Isolated,Explicit,f,,,,,,164,8
4403,4382,877.232268599663,Far,245.149141767799,Southwest,Southwest,Isolated,Explicit,t,,,,,,164,8
4403,3974,792.528411156706,Far,277.442450382636,West,West,Isolated,Explicit,f,,,,,,164,8
4403,3943,655.868719411125,Far,270.548041411234,West,West,Isolated,Explicit,f,,,,,,164,8
4403,3970,708.353510375914,Far,288.354012560011,West,West,Isolated,Explicit,f,,,,,,164,8
4403,3878,922.535586716651,Far,228.47389668784,Southwest,Southwest,Isolated,Explicit,f,,,,,,164,8
4403,4909,947.481177199727,Far,228.619873138934,Southwest,Southwest,Isolated,Explicit,f,,,,,,164,8
4403,2579,935.842627729572,Far,229.36402436639,Southwest,Southwest,Isolated,Explicit,f,,,,,,164,8
4403,4153,976.845422015266,Far,227.290179345679,Southwest,Southwest,Isolated,Explicit,f,,,,,,164,8
4403,2628,971.023708471327,Far,229.156497380201,Southwest,Southwest,Isolated,Explicit,f,,,,,,164,8
4403,3937,991.211509503612,Far,229.564269364152,Southwest,Southwest,Isolated,Explicit,f,,,,,,164,8
4403,4261,989.849506416375,Far,229.300252262629,Southwest,Southwest,Isolated,Explicit,f,,,,,,164,8
4403,3881,955.166452215012,Far,267.614329501244,West,West,Isolated,Explicit,t,,,,,,164,8
4403,3364,950.732603581866,Far,269.261161372225,West,West,Isolated,Explicit,t,,,,,,164,8
4403,4035,971.225043981125,Far,272.684431052297,West,West,Isolated,Explicit,f,,,,,,164,8
4403,3973,971.444082381455,Far,269.331564655048,West,West,Isolated,Explicit,t,,,,,,164,8
4403,3971,997.979023161697,Far,272.821232153459,West,West,Isolated,Explicit,f,,,,,,164,8
4403,20066,852.608280420843,Far,129.72840736861,Southeast,Southeast,Isolated,Explicit,f,,,,,,164,8
4403,18806,856.156924520849,Far,129.937439690277,Southeast,Southeast,Isolated,Explicit,f,,,,,,164,8
4403,19996,870.517116309875,Far,128.908818532591,Southeast,Southeast,Isolated,Explicit,f,,,,,,164,8
4403,20027,855.697957841302,Far,128.606904668483,Southeast,Southeast,Isolated,Explicit,f,,,,,,164,8
4403,18556,908.9048303471,Far,126.78987888376,Southeast,Southeast,Isolated,Explicit,f,,,,,,164,8
4403,21016,989.764017924894,Far,131.305573792973,Southeast,Southeast,Isolated,Explicit,f,,,,,,164,8
4403,21859,918.607953687016,Far,126.593370648902,Southeast,Southeast,Isolated,Explicit,f,,,,,,164,8
4403,20235,738.186469114226,Far,84.0840647049477,East,East,Isolated,Explicit,f,,,,,,164,8
4403,17197,894.430494291745,Far,120.539567639272,Southeast,Southeast,Isolated,Explicit,f,,,,,,164,8
4403,19655,876.320733775189,Far,118.849770775326,Southeast,Southeast,Isolated,Explicit,f,,,,,,164,8
4403,17226,929.10445962112,Far,125.860048710624,Southeast,Southeast,Isolated,Explicit,f,,,,,,164,8
4403,20496,883.016512633237,Far,78.9460194496167,East,East,Isolated,Explicit,f,,,,,,164,8
4403,21313,935.786004850713,Far,118.947916162945,Southeast,Southeast,Isolated,Explicit,f,,,,,,164,8
4403,22885,868.108569012235,Far,112.584023906108,Southeast,Southeast,Isolated,Explicit,f,,,,,,164,8
4403,19673,909.851606069112,Far,116.857077581102,Southeast,Southeast,Isolated,Explicit,f,,,,,,164,8
4403,19948,930.348817262072,Far,122.386855669972,Southeast,Southeast,Isolated,Explicit,f,,,,,,164,8
4403,21011,885.169009902648,Far,71.3212244802649,East,East,Isolated,Explicit,f,,,,,,164,8
4403,20714,892.117691725646,Far,56.1931467683264,Northeast,Northeast,Isolated,Explicit,f,,,,,,164,8
4403,22209,638.885750667969,Far,73.4045999578282,East,East,Isolated,Explicit,f,,,,,,164,8
4403,22289,821.410133058526,Far,132.457045369033,Southeast,Southeast,Isolated,Explicit,f,,,,,,164,8
4403,19037,829.986412266994,Far,131.649203535977,Southeast,Southeast,Isolated,Explicit,f,,,,,,164,8
4403,18443,830.089677949258,Far,131.612388956771,Southeast,Southeast,Isolated,Explicit,f,,,,,,164,8
4403,16992,969.03421661401,Far,139.905725213579,Southeast,Southeast,Isolated,Explicit,f,,,,,,164,8
4403,15545,967.429485639768,Far,139.66330261135,Southeast,Southeast,Isolated,Explicit,f,,,,,,164,8
4403,20634,796.922771059279,Far,126.184456937571,Southeast,Southeast,Isolated,Explicit,f,,,,,,164,8
4403,23879,802.647550060238,Far,126.417601385463,Southeast,Southeast,Isolated,Explicit,f,,,,,,164,8
4403,17807,784.204430371342,Far,135.947707720731,Southeast,Southeast,Isolated,Explicit,f,,,,,,164,8
4403,17812,792.59942330967,Far,135.139953773173,Southeast,Southeast,Isolated,Explicit,f,,,,,,164,8
4403,19891,801.40098701173,Far,134.013157435248,Southeast,Southeast,Isolated,Explicit,t,,,,,,164,8
4403,22805,596.110526137479,Far,80.5965955244941,East,East,Isolated,Explicit,f,,,,,,164,8
4403,23176,596.110526137479,Far,80.5965955244941,East,East,Isolated,Explicit,f,,,,,,164,8
4403,23264,549.377420441994,Far,103.223507060896,East,East,Isolated,Explicit,f,,,,,,164,8
4403,23888,739.246950392308,Far,42.6600556808823,Northeast,Northeast,Isolated,Explicit,t,,,,,,164,8
4403,4924,532.757162771484,Far,43.1941611436494,Northeast,Northeast,Isolated,Explicit,t,,,,,,164,8
4403,4469,584.918739060108,Far,30.0226684967841,Northeast,Northeast,Isolated,Explicit,f,,,,,,164,8
4403,2354,563.334928270988,Far,32.2095871622593,Northeast,Northeast,Isolated,Explicit,f,,,,,,164,8
4403,4547,529.962316273202,Far,30.8755394225278,Northeast,Northeast,Isolated,Explicit,f,,,,,,164,8
4403,4862,572.220614920399,Far,28.914624226439,Northeast,Northeast,Isolated,Explicit,f,,,,,,164,8
4403,3619,510.014569557724,Far,16.8028741171241,North,North,Isolated,Explicit,f,,,,,,164,8
4403,3409,513.470483865888,Far,24.2521964433169,Northeast,Northeast,Isolated,Explicit,f,,,,,,164,8
4403,5058,622.498684196092,Far,151.368007992958,Southeast,Southeast,Isolated,Explicit,f,,,,,,164,8
4403,4589,82.810445354289,Close,219.742086980298,Southwest,Southwest,Isolated,Explicit,f,,,,,,164,8
4403,4450,200.558435588494,Medium,183.077054089883,South,South,Isolated,Explicit,f,,,,,,164,8
4403,4511,110.217021319639,Close,180.797741213922,South,South,Isolated,Explicit,f,,,,,,164,8
4403,4277,956.833519064046,Far,182.501249939759,South,South,Isolated,Explicit,f,,,,,,164,8
4403,4303,959.536561615308,Far,182.377944343673,South,South,Isolated,Explicit,f,,,,,,164,8
4403,2353,713.042623868635,Far,173.010594948183,South,South,Isolated,Explicit,f,,,,,,164,8
4403,4750,606.080726135249,Far,171.304646786536,South,South,Isolated,Explicit,f,,,,,,164,8
4403,3874,742.848147301695,Far,171.21002527466,South,South,Isolated,Explicit,f,,,,,,164,8
4403,4592,151.563178276835,Close,142.941791858008,Southeast,Southeast,Isolated,Explicit,f,,,,,,164,8
4403,2399,680.073860594756,Far,173.662961735418,South,South,Isolated,Explicit,f,,,,,,164,8
4403,3615,716.936874593242,Far,177.145538401922,South,South,Isolated,Explicit,f,,,,,,164,8
4403,4401,518.439630314987,Far,7.21148917322061,North,North,Isolated,Explicit,f,,,,,,164,8
4403,4155,523.479489318009,Far,11.1883072410469,North,North,Isolated,Explicit,f,,,,,,164,8
4403,3704,125.515692068235,Close,265.834056611223,West,West,Isolated,Explicit,f,,,,,,164,8
4403,3700,120.874244690125,Close,272.398394476918,West,West,Isolated,Explicit,f,,,,,,164,8
4403,3420,656.93197943235,Far,194.317135920167,South,South,Isolated,Explicit,f,,,,,,164,8
4403,3706,738.87609812507,Far,190.9738742693,South,South,Isolated,Explicit,f,,,,,,164,8
4403,4622,969.75337878282,Far,190.226539637698,South,South,Isolated,Explicit,f,,,,,,164,8
4403,3388,951.737188766449,Far,191.550216364604,South,South,Isolated,Explicit,f,,,,,,164,8
4403,3333,967.526901667524,Far,191.569771744404,South,South,Isolated,Explicit,f,,,,,,164,8
4403,3701,874.996533186164,Far,193.668628701718,South,South,Isolated,Explicit,f,,,,,,164,8
4403,2484,912.502756719457,Far,193.296091139261,South,South,Isolated,Explicit,f,,,,,,164,8
4403,2517,899.610909126853,Far,193.1296128797,South,South,Isolated,Explicit,f,,,,,,164,8
4403,3632,974.236085678248,Far,192.392527104521,South,South,Isolated,Explicit,f,,,,,,164,8
4403,3827,973.783794198181,Far,192.392964172585,South,South,Isolated,Explicit,f,,,,,,164,8
4403,2598,991.298913129106,Far,192.342299191028,South,South,Isolated,Explicit,f,,,,,,164,8
4403,4481,991.688706839769,Far,192.50961132702,South,South,Isolated,Explicit,f,,,,,,164,8
4403,3122,884.951450651489,Far,194.048325816882,South,South,Isolated,Explicit,f,,,,,,164,8
4403,2479,908.007928294363,Far,194.221406693987,South,South,Isolated,Explicit,f,,,,,,164,8
4403,4090,800.0446338053,Far,196.853020713098,South,South,Isolated,Explicit,f,,,,,,164,8
4403,2522,677.552453041056,Far,200.465440359746,South,South,Isolated,Explicit,t,,,,,,164,8
4403,4151,582.709757419806,Far,198.296260624225,South,South,Isolated,Explicit,f,,,,,,164,8
4403,3579,202.722130057456,Medium,266.443573456849,West,West,Isolated,Explicit,f,,,,,,164,8
4403,4392,245.709671462441,Medium,285.534442650493,West,West,Isolated,Explicit,f,,,,,,164,8
4403,4398,591.427211269695,Far,210.884479008779,Southwest,Southwest,Isolated,Explicit,f,,,,,,164,8
4403,4282,673.020721168278,Far,206.764880309997,Southwest,Southwest,Isolated,Explicit,f,,,,,,164,8
4403,2508,723.713211652272,Far,205.034350427331,Southwest,Southwest,Isolated,Explicit,f,,,,,,164,8
4403,3503,659.902200891379,Far,203.66684043625,Southwest,Southwest,Isolated,Explicit,f,,,,,,164,8
4403,3830,903.852696625129,Far,196.827905138165,South,South,Isolated,Explicit,f,,,,,,164,8
4403,3512,908.125476652445,Far,197.386386037083,South,South,Isolated,Explicit,f,,,,,,164,8
4403,3170,902.77115388675,Far,197.262075518635,South,South,Isolated,Explicit,f,,,,,,164,8
4403,2883,909.05602927569,Far,198.182938665306,South,South,Isolated,Explicit,f,,,,,,164,8
4403,4428,581.325309638032,Far,218.670807438089,Southwest,Southwest,Isolated,Explicit,f,,,,,,164,8
4403,4356,650.955283345631,Far,211.137795947533,Southwest,Southwest,Isolated,Explicit,f,,,,,,164,8
4403,3322,731.47581251015,Far,207.113036918877,Southwest,Southwest,Isolated,Explicit,f,,,,,,164,8
4403,2461,731.498071964949,Far,207.097156347165,Southwest,Southwest,Isolated,Explicit,f,,,,,,164,8
4403,3876,732.534031319449,Far,206.220741250688,Southwest,Southwest,Isolated,Explicit,f,,,,,,164,8
4403,5050,707.331789931133,Far,206.109063506465,Southwest,Southwest,Isolated,Explicit,f,,,,,,164,8
4403,4165,676.151824894586,Far,207.128474567244,Southwest,Southwest,Isolated,Explicit,f,,,,,,164,8
4403,4408,587.976715331181,Far,211.938570984257,Southwest,Southwest,Isolated,Explicit,f,,,,,,164,8
4403,3590,378.1907584702,Medium,298.59706778802,Northwest,Northwest,Isolated,Explicit,f,,,,,,164,8
4403,4023,737.65357095445,Far,225.601957787582,Southwest,Southwest,Isolated,Explicit,f,,,,,,164,8
4403,4020,755.656691915014,Far,225.009428165442,Southwest,Southwest,Isolated,Explicit,f,,,,,,164,8
4403,4022,753.566256220611,Far,225.028538535903,Southwest,Southwest,Isolated,Explicit,f,,,,,,164,8
4403,4019,758.516228027216,Far,224.870079486438,Southwest,Southwest,Isolated,Explicit,t,,,,,,164,8
4403,4384,903.527184055532,Far,216.363533363398,Southwest,Southwest,Isolated,Explicit,f,,,,,,164,8
4403,4013,817.397165553968,Far,221.686307209638,Southwest,Southwest,Isolated,Explicit,f,,,,,,164,8
4403,4405,817.789470015241,Far,222.755335952055,Southwest,Southwest,Isolated,Explicit,t,,,,,,164,8
4403,3207,882.525835652542,Far,224.40940470855,Southwest,Southwest,Isolated,Explicit,t,,,,,,164,8
4403,4939,780.826622033611,Far,218.936180372491,Southwest,Southwest,Isolated,Explicit,f,,,,,,164,8
4403,4225,759.151170357867,Far,219.019898902766,Southwest,Southwest,Isolated,Explicit,f,,,,,,164,8
4403,4326,778.516743580625,Far,218.24539799719,Southwest,Southwest,Isolated,Explicit,f,,,,,,164,8
4403,3493,713.002998228676,Far,222.37358663346,Southwest,Southwest,Isolated,Explicit,f,,,,,,164,8
4403,4129,927.258096406511,Far,205.956335355104,Southwest,Southwest,Isolated,Explicit,f,,,,,,164,8
5395,11240,398.198021758876,Medium,63.9378066400086,Northeast,Northeast,Isolated,Explicit,f,,,,,,11,3
5395,11140,808.701909011592,Far,145.016902909626,Southeast,Southeast,Isolated,Explicit,f,,,,,,11,3
5395,9106,968.986206107019,Far,46.0000082134303,Northeast,Northeast,Isolated,Explicit,f,,,,,,11,3
5395,12548,989.929260909663,Far,89.2850586580518,East,East,Isolated,Explicit,t,,,,,,11,3
5395,7858,927.731899101064,Far,85.7953788065734,East,East,Isolated,Explicit,f,,,,,,11,3
5395,7799,948.864477047562,Far,91.5504498881096,East,East,Isolated,Explicit,f,,,,,,11,3
5395,9365,920.525441460119,Far,68.0097735941392,East,East,Isolated,Explicit,f,,,,,,11,3
5452,13231,934.891931814293,Far,139.81247202614,Southeast,Southeast,Isolated,Explicit,f,,,,,,8,3
5452,11062,846.009405364536,Far,139.105650476482,Southeast,Southeast,Isolated,Explicit,f,,,,,,8,3
5452,10331,836.130298740751,Far,139.144315071402,Southeast,Southeast,Isolated,Explicit,f,,,,,,8,3
5452,6668,595.296299566851,Far,136.138709629804,Southeast,Southeast,Isolated,Explicit,f,,,,,,8,3
5452,9190,484.146039948301,Medium,138.393323750652,Southeast,Southeast,Isolated,Explicit,f,,,,,,8,3
5452,8999,992.956247570014,Far,303.644832161349,Northwest,Northwest,Isolated,Explicit,f,,,,,,8,3
5452,8540,870.415053241723,Far,300.062400674124,Northwest,Northwest,Isolated,Explicit,f,,,,,,8,3
5452,11972,718.774315841728,Far,293.74169981415,Northwest,Northwest,Isolated,Explicit,f,,,,,,8,3
5491,9685,335.517197878229,Medium,47.9494556506786,Northeast,Northeast,Isolated,Explicit,f,,,,,,18,3
5491,8464,262.939888724427,Medium,46.0570682105859,Northeast,Northeast,Isolated,Explicit,f,,,,,,18,3
5491,9374,656.15087181717,Far,297.936014883523,Northwest,Northwest,Isolated,Explicit,f,,,,,,18,3
5491,11334,934.905946343019,Far,318.04044410934,Northwest,Northwest,Isolated,Explicit,f,,,,,,18,3
5491,13390,954.087176207728,Far,318.277817078528,Northwest,Northwest,Isolated,Explicit,f,,,,,,18,3
5491,13152,805.675221960553,Far,297.578767964165,Northwest,Northwest,Isolated,Explicit,f,,,,,,18,3
5491,13407,789.689903093853,Far,296.464556679227,Northwest,Northwest,Isolated,Explicit,f,,,,,,18,3
5491,9126,978.326439919176,Far,313.111143042772,Northwest,Northwest,Isolated,Explicit,t,,,,,,18,3
5491,9301,795.997201856148,Far,283.016182286721,West,West,Isolated,Explicit,f,,,,,,18,3
5491,6990,849.452257297053,Far,289.222263856111,West,West,Isolated,Explicit,f,,,,,,18,3
5491,12925,908.749738214998,Far,275.084983622835,West,West,Isolated,Explicit,f,,,,,,18,3
5777,10741,43.3678581638598,VeryClose,266.032761320621,West,West,Isolated,Explicit,f,,,,,,7,3
5815,6302,439.619337634909,Medium,109.250873363374,East,East,Isolated,Explicit,f,,,,,,3,3
6125,10415,574.967060087646,Far,243.676586059123,Southwest,Southwest,Isolated,Explicit,f,,,,,,5,3
6125,9376,430.954531458958,Medium,248.117218154367,West,West,Isolated,Explicit,f,,,,,,5,3
6125,9146,480.276227074088,Medium,234.12452504667,Southwest,Southwest,Isolated,Explicit,f,,,,,,5,3
6125,9363,392.284471675219,Medium,243.926242295354,Southwest,Southwest,Isolated,Explicit,f,,,,,,5,3
6125,9274,470.079933546196,Medium,223.510879038163,Southwest,Southwest,Isolated,Explicit,t,,,,,,5,3
6196,9394,926.053566534754,Far,72.4714512021506,East,East,Isolated,Explicit,f,,,,,,43,3
6196,9271,950.385682942878,Far,74.6725977059061,East,East,Isolated,Explicit,f,,,,,,43,3
6196,10925,965.289047024773,Far,74.3595298834561,East,East,Isolated,Explicit,f,,,,,,43,3
6196,10299,971.144496304434,Far,74.7413718072366,East,East,Isolated,Explicit,f,,,,,,43,3
6196,10970,965.59354710389,Far,74.9957274122527,East,East,Isolated,Explicit,f,,,,,,43,3
6196,5927,447.955107071994,Medium,145.292123037194,Southeast,Southeast,Isolated,Explicit,f,,,,,,43,3
6196,9134,267.353225732161,Medium,137.55771876,Southeast,Southeast,Isolated,Explicit,f,,,,,,43,3
6196,9157,267.656256787832,Medium,139.606864077086,Southeast,Southeast,Isolated,Explicit,f,,,,,,43,3
6196,9390,275.543328890422,Medium,143.036342215083,Southeast,Southeast,Isolated,Explicit,f,,,,,,43,3
6196,9239,286.428457873027,Medium,146.133929588283,Southeast,Southeast,Isolated,Explicit,f,,,,,,43,3
6196,9276,276.365833585329,Medium,148.315818840424,Southeast,Southeast,Isolated,Explicit,f,,,,,,43,3
6196,9304,316.686227553213,Medium,169.775351684961,South,South,Isolated,Explicit,f,,,,,,43,3
6196,8421,278.634232632408,Medium,172.54457192193,South,South,Isolated,Explicit,f,,,,,,43,3
6196,8461,887.955976847864,Far,208.751098155104,Southwest,Southwest,Isolated,Explicit,f,,,,,,43,3
6196,9384,638.397310571921,Far,196.080147183567,South,South,Isolated,Explicit,f,,,,,,43,3
6196,13406,744.548564586186,Far,194.204944228677,South,South,Isolated,Explicit,f,,,,,,43,3
6196,9343,872.095915622607,Far,196.483558040297,South,South,Isolated,Explicit,f,,,,,,43,3
6196,9383,697.899818092306,Far,182.5754077751,South,South,Isolated,Explicit,f,,,,,,43,3
6196,9399,658.462640949166,Far,183.092605379534,South,South,Isolated,Explicit,f,,,,,,43,3
6196,9378,695.739014195785,Far,185.590430521225,South,South,Isolated,Explicit,f,,,,,,43,3
6196,9207,226.600468031591,Medium,202.553015171656,Southwest,Southwest,Isolated,Explicit,f,,,,,,43,3
6196,5916,197.172642597897,Close,232.602251427262,Southwest,Southwest,Isolated,Explicit,f,,,,,,43,3
6196,9369,789.746904623215,Far,189.424161983097,South,South,Isolated,Explicit,f,,,,,,43,3
6196,10932,790.144501145247,Far,189.613559752408,South,South,Isolated,Explicit,f,,,,,,43,3
6196,10940,790.249170600992,Far,189.449785317646,South,South,Isolated,Explicit,f,,,,,,43,3
6196,13421,803.85090250483,Far,190.96816878541,South,South,Isolated,Explicit,f,,,,,,43,3
6196,9317,794.866172570345,Far,188.671772515361,South,South,Isolated,Explicit,f,,,,,,43,3
6196,12540,779.199917934076,Far,187.791401823398,South,South,Isolated,Explicit,f,,,,,,43,3
6196,5742,897.788694605204,Far,218.863352754223,Southwest,Southwest,Isolated,Explicit,f,,,,,,43,3
6468,11206,748.850582145187,Far,254.93899257883,West,West,Isolated,Explicit,f,,,,,,23,3
6468,10923,741.269442282412,Far,258.516162654473,West,West,Isolated,Explicit,f,,,,,,23,3
6468,10826,692.822708866304,Far,305.790174157569,Northwest,Northwest,Isolated,Explicit,f,,,,,,23,3
6468,11187,405.379547424173,Medium,46.892143556027,Northeast,Northeast,Isolated,Explicit,f,,,,,,23,3
6468,11066,813.590008401831,Far,262.643612036316,West,West,Isolated,Explicit,f,,,,,,23,3
6468,6971,827.685064071827,Far,262.43530202233,West,West,Isolated,Explicit,f,,,,,,23,3
6468,8981,868.217524619326,Far,250.437002627169,West,West,Isolated,Explicit,f,,,,,,23,3
6468,11940,862.344230771847,Far,251.233960085393,West,West,Isolated,Explicit,f,,,,,,23,3
6468,11377,821.755700824382,Far,255.945048815491,West,West,Isolated,Explicit,f,,,,,,23,3
6468,6553,884.21664722941,Far,266.847768877631,West,West,Isolated,Explicit,f,,,,,,23,3
6468,7831,877.726054233699,Far,255.238205817113,West,West,Isolated,Explicit,f,,,,,,23,3
6468,12450,858.982241477545,Far,255.503200331543,West,West,Isolated,Explicit,f,,,,,,23,3
6468,10363,907.07685092572,Far,270.163440210706,West,West,Isolated,Explicit,f,,,,,,23,3
6468,7448,962.364833142968,Far,266.4065246034,West,West,Isolated,Explicit,f,,,,,,23,3
6704,13469,847.45345100402,Far,69.6606487972293,East,East,Isolated,Explicit,f,,,,,,305,10
6704,12759,818.576839958067,Far,72.8728402812618,East,East,Isolated,Explicit,f,,,,,,305,10
6704,11566,805.531832411233,Far,64.4797469840428,Northeast,Northeast,Isolated,Explicit,f,,,,,,305,10
6704,7246,956.324304971636,Far,128.835859404754,Southeast,Southeast,Isolated,Explicit,f,,,,,,305,10
6704,12006,926.364587610292,Far,128.794129943129,Southeast,Southeast,Isolated,Explicit,f,,,,,,305,10
6704,5260,924.294360908825,Far,128.501658628268,Southeast,Southeast,Isolated,Explicit,f,,,,,,305,10
6704,6269,963.960946132718,Far,129.049419865036,Southeast,Southeast,Isolated,Explicit,f,,,,,,305,10
6704,7162,984.676910347233,Far,128.562726474812,Southeast,Southeast,Isolated,Explicit,f,,,,,,305,10
6704,11819,991.645124610732,Far,128.908147610796,Southeast,Southeast,Isolated,Explicit,f,,,,,,305,10
6704,12265,983.508152618629,Far,128.043319979067,Southeast,Southeast,Isolated,Explicit,f,,,,,,305,10
6704,5240,977.673908994348,Far,124.149395554273,Southeast,Southeast,Isolated,Explicit,f,,,,,,305,10
6704,11218,893.818934816847,Far,115.034094249329,Southeast,Southeast,Isolated,Explicit,f,,,,,,305,10
6704,6157,990.942620902055,Far,127.304733440186,Southeast,Southeast,Isolated,Explicit,f,,,,,,305,10
6704,5939,979.242053755883,Far,126.531147471485,Southeast,Southeast,Isolated,Explicit,f,,,,,,305,10
6704,11750,969.528764216957,Far,125.776179429194,Southeast,Southeast,Isolated,Explicit,f,,,,,,305,10
6704,11170,966.471192363934,Far,110.902755438514,East,East,Isolated,Explicit,t,,,,,,305,10
6704,10124,878.450918961621,Far,81.3934239484417,East,East,Isolated,Explicit,f,,,,,,305,10
6704,10224,871.377965019779,Far,81.4145643689932,East,East,Isolated,Explicit,f,,,,,,305,10
6704,6909,978.018928948829,Far,98.9055557229777,East,East,Isolated,Explicit,f,,,,,,305,10
6704,6847,993.739682329428,Far,98.9987330602824,East,East,Isolated,Explicit,f,,,,,,305,10
6704,9988,945.144632688105,Far,164.252682363756,South,South,Isolated,Explicit,f,,,,,,305,10
6704,10707,757.886883396383,Far,162.362576700899,South,South,Isolated,Explicit,f,,,,,,305,10
6704,10727,762.150323783068,Far,163.028678641212,South,South,Isolated,Explicit,f,,,,,,305,10
6704,10376,556.342837044473,Far,157.78799606407,South,South,Isolated,Explicit,f,,,,,,305,10
6704,12137,864.836517159101,Far,162.807539043204,South,South,Isolated,Explicit,f,,,,,,305,10
6704,11370,603.953808089061,Far,153.596317396128,Southeast,Southeast,Isolated,Explicit,f,,,,,,305,10
6704,12226,755.506434274015,Far,156.448491876613,Southeast,Southeast,Isolated,Explicit,t,,,,,,305,10
6704,12199,643.054935996695,Far,148.517308029645,Southeast,Southeast,Isolated,Explicit,f,,,,,,305,10
6704,9503,713.401124923654,Far,151.457892765014,Southeast,Southeast,Isolated,Explicit,f,,,,,,305,10
6704,8818,911.452460884796,Far,157.720861587721,South,South,Isolated,Explicit,f,,,,,,305,10
6704,10037,867.411492846034,Far,156.427390187204,Southeast,Southeast,Isolated,Explicit,t,,,,,,305,10
6704,5217,657.032119005707,Far,145.933504951753,Southeast,Southeast,Isolated,Explicit,f,,,,,,305,10
6704,11147,841.794054684367,Far,149.125649083166,Southeast,Southeast,Isolated,Explicit,f,,,,,,305,10
6704,12361,985.373797227098,Far,152.982175665633,Southeast,Southeast,Isolated,Explicit,f,,,,,,305,10
6704,12191,942.470463733683,Far,151.193601195001,Southeast,Southeast,Isolated,Explicit,f,,,,,,305,10
6704,8123,512.870988898357,Far,89.2000052054167,East,East,Isolated,Explicit,t,,,,,,305,10
6704,7133,514.747304878305,Far,87.3255352571929,East,East,Isolated,Explicit,f,,,,,,305,10
6704,7129,509.492138544881,Far,84.3359218696757,East,East,Isolated,Explicit,f,,,,,,305,10
6704,5381,510.42123244856,Far,84.0088115572798,East,East,Isolated,Explicit,f,,,,,,305,10
6704,5191,510.629363298591,Far,83.9738867546248,East,East,Isolated,Explicit,f,,,,,,305,10
6704,9947,510.642125508957,Far,83.9615156153252,East,East,Isolated,Explicit,f,,,,,,305,10
6704,11404,510.642125508957,Far,83.9615156153252,East,East,Isolated,Explicit,f,,,,,,305,10
6704,7345,504.38511168343,Far,82.3533309797197,East,East,Isolated,Explicit,f,,,,,,305,10
6704,5792,499.782338559206,Medium,86.6419306925082,East,East,Isolated,Explicit,f,,,,,,305,10
6704,11456,501.987160566363,Far,86.4051951469462,East,East,Isolated,Explicit,f,,,,,,305,10
6704,6095,505.713174033668,Far,85.9692728500587,East,East,Isolated,Explicit,f,,,,,,305,10
6704,5342,498.8382310704,Medium,86.3661039427816,East,East,Isolated,Explicit,f,,,,,,305,10
6704,7300,499.006085614729,Medium,80.6249158708284,East,East,Isolated,Explicit,f,,,,,,305,10
6704,5743,489.706431787506,Medium,84.905903802673,East,East,Isolated,Explicit,f,,,,,,305,10
6704,8502,493.946453008595,Medium,78.0405855367909,East,East,Isolated,Explicit,f,,,,,,305,10
6704,11247,490.078374120298,Medium,78.1394857561178,East,East,Isolated,Explicit,f,,,,,,305,10
6704,12895,484.775891212625,Medium,78.4981546838269,East,East,Isolated,Explicit,f,,,,,,305,10
6704,5992,480.055675455891,Medium,83.1380719020328,East,East,Isolated,Explicit,f,,,,,,305,10
6704,7183,484.807682042759,Medium,83.3699723937794,East,East,Isolated,Explicit,f,,,,,,305,10
6704,6999,487.028603566423,Medium,81.7943780388786,East,East,Isolated,Explicit,f,,,,,,305,10
6704,9410,571.414074568724,Far,124.847837716899,Southeast,Southeast,Isolated,Explicit,f,,,,,,305,10
6704,7999,473.131866255976,Medium,84.2879071029195,East,East,Isolated,Explicit,f,,,,,,305,10
6704,7398,466.084189221272,Medium,80.5665990060223,East,East,Isolated,Explicit,f,,,,,,305,10
6704,5735,582.978290092267,Far,79.0548416320977,East,East,Isolated,Explicit,f,,,,,,305,10
6704,13505,606.493531125633,Far,110.486875688726,East,East,Isolated,Explicit,t,,,,,,305,10
6704,7188,568.126233951852,Far,84.7221078492613,East,East,Isolated,Explicit,f,,,,,,305,10
6704,8532,572.151181852064,Far,82.119626118282,East,East,Isolated,Explicit,f,,,,,,305,10
6704,6388,566.256624600684,Far,83.1311131786453,East,East,Isolated,Explicit,f,,,,,,305,10
6704,6158,563.816313081989,Far,85.1759961184799,East,East,Isolated,Explicit,f,,,,,,305,10
6704,7789,561.083125015637,Far,83.9872319966858,East,East,Isolated,Explicit,f,,,,,,305,10
6704,11807,561.681750223412,Far,83.7662832215669,East,East,Isolated,Explicit,f,,,,,,305,10
6704,7137,558.582698057315,Far,86.815804088803,East,East,Isolated,Explicit,f,,,,,,305,10
6704,5866,554.230544451136,Far,80.63521627033,East,East,Isolated,Explicit,f,,,,,,305,10
6704,5745,539.881656813733,Far,87.27590997171,East,East,Isolated,Explicit,f,,,,,,305,10
6704,10120,535.190402915869,Far,87.2351551145161,East,East,Isolated,Explicit,f,,,,,,305,10
6704,5366,528.066275873984,Far,86.9488908855647,East,East,Isolated,Explicit,f,,,,,,305,10
6704,9030,526.362426309889,Far,88.4009594316289,East,East,Isolated,Explicit,t,,,,,,305,10
6704,12248,907.867248389143,Far,139.90400477636,Southeast,Southeast,Isolated,Explicit,f,,,,,,305,10
6704,12194,944.247528203903,Far,140.62608489955,Southeast,Southeast,Isolated,Explicit,f,,,,,,305,10
6704,8262,760.358704698992,Far,125.918232539444,Southeast,Southeast,Isolated,Explicit,f,,,,,,305,10
6704,6636,762.331340046178,Far,126.03814999674,Southeast,Southeast,Isolated,Explicit,f,,,,,,305,10
6704,11870,596.826324130806,Far,83.9858764554269,East,East,Isolated,Explicit,f,,,,,,305,10
6704,12256,604.511997758876,Far,85.3916722958834,East,East,Isolated,Explicit,f,,,,,,305,10
6704,12259,604.511997758876,Far,85.3916722958834,East,East,Isolated,Explicit,f,,,,,,305,10
6704,11893,606.835756045211,Far,85.5693299803349,East,East,Isolated,Explicit,f,,,,,,305,10
6704,11939,637.390139101616,Far,106.16041812545,East,East,Isolated,Explicit,f,,,,,,305,10
6704,11532,693.5371206839,Far,112.190682801746,East,East,Isolated,Explicit,t,,,,,,305,10
6704,12183,745.174435023795,Far,121.465401328631,Southeast,Southeast,Isolated,Explicit,f,,,,,,305,10
6704,7914,758.639471922064,Far,125.18116081275,Southeast,Southeast,Isolated,Explicit,f,,,,,,305,10
6704,12028,841.908443078253,Far,132.395181276236,Southeast,Southeast,Isolated,Explicit,f,,,,,,305,10
6704,5301,890.036334777044,Far,131.32776044826,Southeast,Southeast,Isolated,Explicit,f,,,,,,305,10
6704,8511,959.913225573266,Far,131.977087921478,Southeast,Southeast,Isolated,Explicit,f,,,,,,305,10
6704,9506,693.225125674209,Far,95.2193589118698,East,East,Isolated,Explicit,f,,,,,,305,10
6704,13489,668.617542604945,Far,86.1649964887652,East,East,Isolated,Explicit,f,,,,,,305,10
6704,13526,688.463908470573,Far,108.342307263954,East,East,Isolated,Explicit,f,,,,,,305,10
6704,11139,740.873082232353,Far,12.0868653184494,North,North,Isolated,Explicit,f,,,,,,305,10
6704,10482,535.155514693838,Far,158.096398416853,South,South,Isolated,Explicit,f,,,,,,305,10
6704,9933,648.437286707858,Far,164.837727312419,South,South,Isolated,Explicit,f,,,,,,305,10
6704,6993,776.534776749264,Far,169.678380719225,South,South,Isolated,Explicit,f,,,,,,305,10
6704,12157,721.496619941807,Far,170.151130488446,South,South,Isolated,Explicit,f,,,,,,305,10
6704,11891,874.655141304377,Far,172.444476002691,South,South,Isolated,Explicit,f,,,,,,305,10
6704,5193,519.235576277698,Far,167.957160061136,South,South,Isolated,Explicit,f,,,,,,305,10
6704,6969,511.132869980276,Far,166.412737247401,South,South,Isolated,Explicit,f,,,,,,305,10
6704,11444,535.494196660427,Far,169.710068682333,South,South,Isolated,Explicit,f,,,,,,305,10
6704,11300,529.421981056004,Far,169.074262928191,South,South,Isolated,Explicit,f,,,,,,305,10
6704,7602,541.860849415939,Far,171.592692137024,South,South,Isolated,Explicit,f,,,,,,305,10
6704,11442,894.982278298876,Far,6.18938065550648,North,North,Isolated,Explicit,f,,,,,,305,10
6704,7513,675.99216844663,Far,2.22709516398823,North,North,Isolated,Explicit,f,,,,,,305,10
6704,13057,737.564503131666,Far,2.07578023220678,North,North,Isolated,Explicit,f,,,,,,305,10
6704,7751,539.092908536383,Far,6.63903269991463,North,North,Isolated,Explicit,f,,,,,,305,10
6704,9986,535.588877813589,Far,7.24043756242835,North,North,Isolated,Explicit,f,,,,,,305,10
6704,8122,558.93480789398,Far,173.939577733324,South,South,Isolated,Explicit,f,,,,,,305,10
6704,11754,526.19149036292,Far,172.105324590716,South,South,Isolated,Explicit,f,,,,,,305,10
6704,12769,546.887989827624,Far,172.310316545963,South,South,Isolated,Explicit,f,,,,,,305,10
6704,6898,786.624399983016,Far,175.746258331407,South,South,Isolated,Explicit,f,,,,,,305,10
6704,5345,565.631098384427,Far,174.245166104613,South,South,Isolated,Explicit,f,,,,,,305,10
6704,5196,558.318691826572,Far,174.506308098112,South,South,Isolated,Explicit,f,,,,,,305,10
6704,12172,628.594940112656,Far,177.102704071224,South,South,Isolated,Explicit,f,,,,,,305,10
6704,9888,779.562128165146,Far,179.01490078862,South,South,Isolated,Explicit,t,,,,,,305,10
6704,7656,652.506446592723,Far,182.677565942913,South,South,Isolated,Explicit,f,,,,,,305,10
6704,6851,641.754699674059,Far,182.980296745025,South,South,Isolated,Explicit,f,,,,,,305,10
6704,8129,643.775667019988,Far,183.452818582453,South,South,Isolated,Explicit,f,,,,,,305,10
6704,6379,652.463864949141,Far,183.850707676667,South,South,Isolated,Explicit,f,,,,,,305,10
6704,7424,655.384464321041,Far,184.060801372394,South,South,Isolated,Explicit,f,,,,,,305,10
6704,5355,32.0057429349083,VeryClose,297.38519726757,Northwest,Northwest,Isolated,Explicit,f,,,,,,305,10
6704,7740,946.785930162373,Far,0.139551202787456,North,North,Isolated,Explicit,f,,,,,,305,10
6704,6242,869.924119563482,Far,183.595112694528,South,South,Isolated,Explicit,f,,,,,,305,10
6704,5769,680.459275895533,Far,186.23682772404,South,South,Isolated,Explicit,f,,,,,,305,10
6704,10605,713.718218845185,Far,186.255000711433,South,South,Isolated,Explicit,f,,,,,,305,10
6704,5869,686.757075768157,Far,186.729917076389,South,South,Isolated,Explicit,f,,,,,,305,10
6704,5789,690.9099269541,Far,186.999601661486,South,South,Isolated,Explicit,f,,,,,,305,10
6704,12298,854.334773755717,Far,187.526236400715,South,South,Isolated,Explicit,f,,,,,,305,10
6704,5325,542.371015889909,Far,192.237610711714,South,South,Isolated,Explicit,f,,,,,,305,10
6704,11630,563.343983994674,Far,191.310325738666,South,South,Isolated,Explicit,f,,,,,,305,10
6704,7863,544.390228817248,Far,192.957553025313,South,South,Isolated,Explicit,f,,,,,,305,10
6704,8216,734.181221456518,Far,189.271430601667,South,South,Isolated,Explicit,f,,,,,,305,10
6704,5609,740.382041885293,Far,189.941861454368,South,South,Isolated,Explicit,f,,,,,,305,10
6704,11704,649.007547981582,Far,192.090806641113,South,South,Isolated,Explicit,f,,,,,,305,10
6704,11703,634.002147902821,Far,194.149809267128,South,South,Isolated,Explicit,f,,,,,,305,10
6704,5319,673.947882069522,Far,194.541875911329,South,South,Isolated,Explicit,f,,,,,,305,10
6704,11504,671.626559679188,Far,194.764152864632,South,South,Isolated,Explicit,f,,,,,,305,10
6704,10286,532.19188607028,Far,199.653333714416,South,South,Isolated,Explicit,f,,,,,,305,10
6704,12678,485.617365122147,Medium,210.491475558309,Southwest,Southwest,Isolated,Explicit,f,,,,,,305,10
6704,5369,656.356322115086,Far,204.09703834753,Southwest,Southwest,Isolated,Explicit,f,,,,,,305,10
6704,12878,937.497915034603,Far,228.767249930543,Southwest,Southwest,Isolated,Explicit,f,,,,,,305,10
6704,9876,999.269514898081,Far,192.358270317105,South,South,Isolated,Explicit,f,,,,,,305,10
6704,10682,893.016788707881,Far,187.699099094384,South,South,Isolated,Explicit,f,,,,,,305,10
6704,11094,942.163876058058,Far,187.09529522977,South,South,Isolated,Explicit,f,,,,,,305,10
6704,7747,898.758241111344,Far,187.060334596646,South,South,Isolated,Explicit,f,,,,,,305,10
6704,11073,942.258844512514,Far,186.717879074251,South,South,Isolated,Explicit,f,,,,,,305,10
6704,8175,899.225624893749,Far,185.249909210752,South,South,Isolated,Explicit,f,,,,,,305,10
6704,7718,927.688506805888,Far,184.576431050118,South,South,Isolated,Explicit,f,,,,,,305,10
6704,12089,903.699885466472,Far,183.297515304843,South,South,Isolated,Explicit,f,,,,,,305,10
6704,8844,948.251387276744,Far,182.822910569872,South,South,Isolated,Explicit,f,,,,,,305,10
6704,7591,948.063298237467,Far,182.875089577718,South,South,Isolated,Explicit,f,,,,,,305,10
6704,9054,905.770148081938,Far,181.364133294533,South,South,Isolated,Explicit,f,,,,,,305,10
6704,9868,939.014631442529,Far,173.914988765224,South,South,Isolated,Explicit,f,,,,,,305,10
6704,12109,901.942300035281,Far,173.661893089339,South,South,Isolated,Explicit,f,,,,,,305,10
6704,11277,971.320843085149,Far,172.815290420252,South,South,Isolated,Explicit,f,,,,,,305,10
6704,10003,593.509258180787,Far,27.9693293520002,Northeast,Northeast,Isolated,Explicit,f,,,,,,305,10
6704,12051,501.796289001359,Far,34.9900574905419,Northeast,Northeast,Isolated,Explicit,f,,,,,,305,10
6704,7826,907.692550031358,Far,19.6350286451328,North,North,Isolated,Explicit,f,,,,,,305,10
6704,11847,841.535452090127,Far,21.0995646659259,North,North,Isolated,Explicit,t,,,,,,305,10
6704,6234,983.051825033313,Far,18.8207290249287,North,North,Isolated,Explicit,f,,,,,,305,10
6704,7633,980.096216843694,Far,19.2045539457049,North,North,Isolated,Explicit,f,,,,,,305,10
6704,11494,914.129079301575,Far,18.6477098669363,North,North,Isolated,Explicit,f,,,,,,305,10
6704,11296,756.546112018356,Far,22.8699333821073,Northeast,Northeast,Isolated,Explicit,f,,,,,,305,10
6704,9977,892.358862507554,Far,18.7515661901168,North,North,Isolated,Explicit,f,,,,,,305,10
6704,6566,791.339339579705,Far,17.7797019132617,North,North,Isolated,Explicit,f,,,,,,305,10
6704,5946,783.0433545847,Far,17.8235618505152,North,North,Isolated,Explicit,f,,,,,,305,10
6704,8863,776.813557457788,Far,18.2706530201425,North,North,Isolated,Explicit,f,,,,,,305,10
6704,11481,763.706032190266,Far,18.9562329854139,North,North,Isolated,Explicit,f,,,,,,305,10
6704,7766,508.91583359984,Far,27.7319751606708,Northeast,Northeast,Isolated,Explicit,f,,,,,,305,10
6704,8491,802.624356436533,Far,16.7341607109644,North,North,Isolated,Explicit,f,,,,,,305,10
6704,11853,895.771295320222,Far,29.1024911017797,Northeast,Northeast,Isolated,Explicit,f,,,,,,305,10
6704,11938,868.710390327249,Far,31.6192190456697,Northeast,Northeast,Isolated,Explicit,f,,,,,,305,10
6704,9018,630.398316222942,Far,45.064515331003,Northeast,Northeast,Isolated,Explicit,f,,,,,,305,10
6704,6637,601.919064774057,Far,47.8887494429432,Northeast,Northeast,Isolated,Explicit,f,,,,,,305,10
6704,8002,608.137604249208,Far,48.6378575260391,Northeast,Northeast,Isolated,Explicit,f,,,,,,305,10
6704,9907,539.867084587989,Far,57.9863089081593,Northeast,Northeast,Isolated,Explicit,f,,,,,,305,10
6704,6950,595.552473383668,Far,47.6430119227893,Northeast,Northeast,Isolated,Explicit,f,,,,,,305,10
6704,12058,649.417651948782,Far,39.0489676247207,Northeast,Northeast,Isolated,Explicit,f,,,,,,305,10
6704,5754,862.137686612066,Far,28.2376804626834,Northeast,Northeast,Isolated,Explicit,f,,,,,,305,10
6704,8153,868.867461119878,Far,28.3745032607266,Northeast,Northeast,Isolated,Explicit,f,,,,,,305,10
6704,8559,854.609675485218,Far,29.1210235245072,Northeast,Northeast,Isolated,Explicit,f,,,,,,305,10
6704,11490,859.228295693616,Far,28.9276583931621,Northeast,Northeast,Isolated,Explicit,f,,,,,,305,10
6704,7926,864.200626018856,Far,28.8721944812238,Northeast,Northeast,Isolated,Explicit,f,,,,,,305,10
6704,12461,876.720970586018,Far,28.4767781940749,Northeast,Northeast,Isolated,Explicit,f,,,,,,305,10
6704,7581,872.848799859906,Far,29.0194052978679,Northeast,Northeast,Isolated,Explicit,f,,,,,,305,10
6704,12400,887.754654203655,Far,28.4744729066868,Northeast,Northeast,Isolated,Explicit,f,,,,,,305,10
6704,7341,860.827437941095,Far,29.1551252426808,Northeast,Northeast,Isolated,Explicit,f,,,,,,305,10
6704,11727,906.113619993473,Far,25.4285372131489,Northeast,Northeast,Isolated,Explicit,f,,,,,,305,10
6704,7909,939.768079128109,Far,23.3003240186956,Northeast,Northeast,Isolated,Explicit,f,,,,,,305,10
6704,7176,950.948953860386,Far,23.1076642172641,Northeast,Northeast,Isolated,Explicit,f,,,,,,305,10
6704,7982,900.915446864229,Far,24.7740382314065,Northeast,Northeast,Isolated,Explicit,f,,,,,,305,10
6704,6297,914.50133931531,Far,24.3920229719721,Northeast,Northeast,Isolated,Explicit,f,,,,,,305,10
6704,8383,843.174061609498,Far,26.5955414182773,Northeast,Northeast,Isolated,Explicit,f,,,,,,305,10
6704,5944,913.658885132491,Far,23.4803551362443,Northeast,Northeast,Isolated,Explicit,f,,,,,,305,10
6704,7254,923.026672258413,Far,23.2981459055858,Northeast,Northeast,Isolated,Explicit,f,,,,,,305,10
6704,6184,907.481831886937,Far,24.0626966360234,Northeast,Northeast,Isolated,Explicit,f,,,,,,305,10
6704,6162,933.675766259602,Far,23.3772823456847,Northeast,Northeast,Isolated,Explicit,f,,,,,,305,10
6704,12362,899.839432618562,Far,22.3901860208027,North,North,Isolated,Explicit,t,,,,,,305,10
6704,12308,922.223131334651,Far,21.7547071445578,North,North,Isolated,Explicit,t,,,,,,305,10
6704,8997,832.281841162416,Far,24.7737137501942,Northeast,Northeast,Isolated,Explicit,f,,,,,,305,10
6704,6604,835.532616820295,Far,24.5258538405086,Northeast,Northeast,Isolated,Explicit,f,,,,,,305,10
6704,8148,947.913474962356,Far,22.3740819272927,North,North,Isolated,Explicit,t,,,,,,305,10
6704,12463,918.102079324297,Far,23.1375986061541,Northeast,Northeast,Isolated,Explicit,f,,,,,,305,10
6704,6848,605.124686877285,Far,35.9997184530221,Northeast,Northeast,Isolated,Explicit,f,,,,,,305,10
6704,8847,604.904421926191,Far,36.2236805610937,Northeast,Northeast,Isolated,Explicit,f,,,,,,305,10
6704,11767,692.56093746713,Far,33.5140589610375,Northeast,Northeast,Isolated,Explicit,f,,,,,,305,10
6704,7583,612.357754622689,Far,49.3652791988936,Northeast,Northeast,Isolated,Explicit,f,,,,,,305,10
6704,9915,725.763264029798,Far,40.8372061257482,Northeast,Northeast,Isolated,Explicit,f,,,,,,305,10
8301,11183,651.598078430097,Far,353.115114729391,North,North,Isolated,Explicit,f,,,,,,469,10
6704,9900,624.77960572288,Far,48.1736244326774,Northeast,Northeast,Isolated,Explicit,f,,,,,,305,10
6704,7771,876.676919487283,Far,32.1424966553034,Northeast,Northeast,Isolated,Explicit,f,,,,,,305,10
6704,7793,867.240074160738,Far,32.5264214769398,Northeast,Northeast,Isolated,Explicit,f,,,,,,305,10
6704,9969,948.663339298405,Far,30.8320924393997,Northeast,Northeast,Isolated,Explicit,f,,,,,,305,10
6704,8579,852.181739899629,Far,34.2729932698184,Northeast,Northeast,Isolated,Explicit,f,,,,,,305,10
6704,5704,861.767652103456,Far,33.9102010511311,Northeast,Northeast,Isolated,Explicit,f,,,,,,305,10
6704,5744,638.897487500829,Far,50.5389397108842,Northeast,Northeast,Isolated,Explicit,f,,,,,,305,10
6704,10722,675.779338961145,Far,47.2855078310807,Northeast,Northeast,Isolated,Explicit,f,,,,,,305,10
6704,8604,935.376243185271,Far,35.8520741122555,Northeast,Northeast,Isolated,Explicit,f,,,,,,305,10
6704,7503,933.580141229678,Far,36.3302420497157,Northeast,Northeast,Isolated,Explicit,f,,,,,,305,10
6704,8489,940.53374544385,Far,36.6165346067365,Northeast,Northeast,Isolated,Explicit,f,,,,,,305,10
6704,8572,940.713236670228,Far,36.6085787466574,Northeast,Northeast,Isolated,Explicit,f,,,,,,305,10
6704,11127,870.492732800171,Far,51.7107647681851,Northeast,Northeast,Isolated,Explicit,f,,,,,,305,10
6704,10379,870.066419160499,Far,51.7725903082059,Northeast,Northeast,Isolated,Explicit,f,,,,,,305,10
7479,6898,999.353853868634,Far,89.2653315372152,East,East,Isolated,Explicit,t,,,,,,93,4
7479,12172,987.352192973674,Far,80.1161837841141,East,East,Isolated,Explicit,f,,,,,,93,4
7479,9888,954.493894379822,Far,88.9299880622008,East,East,Isolated,Explicit,t,,,,,,93,4
7479,7656,921.992318006763,Far,80.9216066295035,East,East,Isolated,Explicit,f,,,,,,93,4
7479,6851,920.93349784179,Far,80.2231746903627,East,East,Isolated,Explicit,f,,,,,,93,4
7479,8129,915.31425556613,Far,80.2718348020855,East,East,Isolated,Explicit,f,,,,,,93,4
7479,6379,908.95529190998,Far,80.7389777533039,East,East,Isolated,Explicit,f,,,,,,93,4
7479,7424,905.956134310782,Far,80.8841218952765,East,East,Isolated,Explicit,f,,,,,,93,4
7479,6242,889.210335214603,Far,94.5759015944329,East,East,Isolated,Explicit,f,,,,,,93,4
7479,5769,875.38153162832,Far,82.0654402463604,East,East,Isolated,Explicit,f,,,,,,93,4
7479,10605,867.616897775642,Far,84.1917835978295,East,East,Isolated,Explicit,f,,,,,,93,4
7479,5869,868.127960432859,Far,82.3713175293965,East,East,Isolated,Explicit,f,,,,,,93,4
7479,5789,863.955517418739,Far,82.5841485834637,East,East,Isolated,Explicit,f,,,,,,93,4
7479,12298,830.512635187536,Far,93.431010865575,East,East,Isolated,Explicit,f,,,,,,93,4
7479,5325,868.112749880538,Far,72.0719516858195,East,East,Isolated,Explicit,f,,,,,,93,4
7479,11630,865.789416965572,Far,73.571055133696,East,East,Isolated,Explicit,f,,,,,,93,4
7479,7863,861.207478060701,Far,71.9569454648933,East,East,Isolated,Explicit,f,,,,,,93,4
7479,8216,825.844222265762,Far,84.9509556109176,East,East,Isolated,Explicit,f,,,,,,93,4
7479,5609,815.937947706565,Far,85.2189356807121,East,East,Isolated,Explicit,f,,,,,,93,4
7479,11704,821.252518372039,Far,78.5762169029699,East,East,Isolated,Explicit,f,,,,,,93,4
7479,11703,806.849759521082,Far,76.926881812306,East,East,Isolated,Explicit,f,,,,,,93,4
7479,5319,785.193364508516,Far,79.3646358906968,East,East,Isolated,Explicit,f,,,,,,93,4
7479,11504,783.831631640208,Far,79.1297150464776,East,East,Isolated,Explicit,f,,,,,,93,4
7479,10286,817.439741547667,Far,68.764207449066,East,East,Isolated,Explicit,f,,,,,,93,4
7479,12678,791.109230540335,Far,61.3905155432918,Northeast,Northeast,Isolated,Explicit,f,,,,,,93,4
7479,5369,701.501630338743,Far,73.5957481677634,East,East,Isolated,Explicit,f,,,,,,93,4
7479,12878,296.327767352617,Medium,52.7541876868547,Northeast,Northeast,Isolated,Explicit,f,,,,,,93,4
7479,12955,240.471672312414,Medium,82.212505294402,East,East,Isolated,Explicit,f,,,,,,93,4
7479,10425,284.012857869774,Medium,102.464220194401,East,East,Isolated,Explicit,f,,,,,,93,4
7479,10978,283.799845330561,Medium,102.427452012904,East,East,Isolated,Explicit,f,,,,,,93,4
7479,11813,678.245302134859,Far,115.94296043752,Southeast,Southeast,Isolated,Explicit,f,,,,,,93,4
7479,12524,623.026645795156,Far,118.962606862804,Southeast,Southeast,Isolated,Explicit,f,,,,,,93,4
7479,11777,548.744537487439,Far,104.749518340035,East,East,Isolated,Explicit,f,,,,,,93,4
7479,12129,601.952057141426,Far,118.378159247451,Southeast,Southeast,Isolated,Explicit,f,,,,,,93,4
7479,11985,654.30417668457,Far,129.333465159993,Southeast,Southeast,Isolated,Explicit,f,,,,,,93,4
7479,12296,654.30417668457,Far,129.333465159993,Southeast,Southeast,Isolated,Explicit,f,,,,,,93,4
7479,9316,579.873455824462,Far,122.988363129562,Southeast,Southeast,Isolated,Explicit,f,,,,,,93,4
7479,7821,633.581800429509,Far,143.423775522842,Southeast,Southeast,Isolated,Explicit,f,,,,,,93,4
7479,12493,531.271698628566,Far,133.926428010517,Southeast,Southeast,Isolated,Explicit,t,,,,,,93,4
7479,12009,529.622237943073,Far,132.478044674495,Southeast,Southeast,Isolated,Explicit,f,,,,,,93,4
7479,12188,550.300517092697,Far,133.742324538003,Southeast,Southeast,Isolated,Explicit,t,,,,,,93,4
7479,12042,504.418496459291,Far,131.813592295536,Southeast,Southeast,Isolated,Explicit,f,,,,,,93,4
7479,12415,298.616219939285,Medium,144.604720297576,Southeast,Southeast,Isolated,Explicit,f,,,,,,93,4
7479,11817,294.803660196266,Medium,148.647946629451,Southeast,Southeast,Isolated,Explicit,f,,,,,,93,4
7479,9913,566.321842491583,Far,165.092509883243,South,South,Isolated,Explicit,f,,,,,,93,4
7479,9876,748.730516824582,Far,103.819409710703,East,East,Isolated,Explicit,f,,,,,,93,4
7479,13500,860.342427704461,Far,109.271656308652,East,East,Isolated,Explicit,f,,,,,,93,4
7479,10682,825.955613066949,Far,96.0948265001873,East,East,Isolated,Explicit,f,,,,,,93,4
7479,12327,870.763248099613,Far,108.924567803907,East,East,Isolated,Explicit,f,,,,,,93,4
7479,11094,835.96407160236,Far,99.4794122288797,East,East,Isolated,Explicit,f,,,,,,93,4
7479,7747,835.833425677269,Far,96.5036498305211,East,East,Isolated,Explicit,f,,,,,,93,4
7479,11073,842.168579016575,Far,99.4669123014455,East,East,Isolated,Explicit,f,,,,,,93,4
7479,12087,975.32805305637,Far,117.344865744118,Southeast,Southeast,Isolated,Explicit,f,,,,,,93,4
7479,11029,944.621973826893,Far,114.400244163654,Southeast,Southeast,Isolated,Explicit,f,,,,,,93,4
7479,8175,864.240854004368,Far,96.5231760829586,East,East,Isolated,Explicit,f,,,,,,93,4
7479,7718,876.22566831552,Far,98.3641676952617,East,East,Isolated,Explicit,f,,,,,,93,4
7479,12131,912.005286356307,Far,104.949846849058,East,East,Isolated,Explicit,f,,,,,,93,4
7479,8245,951.353688966949,Far,112.157843904088,East,East,Isolated,Explicit,t,,,,,,93,4
7479,12089,895.115218279468,Far,96.7321369495748,East,East,Isolated,Explicit,f,,,,,,93,4
7479,8844,906.689608239663,Far,99.511692567211,East,East,Isolated,Explicit,f,,,,,,93,4
7479,7591,905.810138564063,Far,99.5062126507936,East,East,Isolated,Explicit,f,,,,,,93,4
7479,9054,925.711909828008,Far,96.714874867526,East,East,Isolated,Explicit,f,,,,,,93,4
7479,12883,993.448113441979,Far,108.179604757936,East,East,Isolated,Explicit,f,,,,,,93,4
7479,12816,944.201712704531,Far,229.773721313059,Southwest,Southwest,Isolated,Explicit,f,,,,,,93,4
7479,9095,947.299132429745,Far,228.121285342198,Southwest,Southwest,Isolated,Explicit,f,,,,,,93,4
7479,12016,562.2580971889,Far,176.718966520526,South,South,Isolated,Explicit,f,,,,,,93,4
7479,10022,536.986448531334,Far,179.404348537755,South,South,Isolated,Explicit,t,,,,,,93,4
7479,7124,718.175012774027,Far,185.524987238166,South,South,Isolated,Explicit,f,,,,,,93,4
7479,9332,693.936239339002,Far,185.350969506255,South,South,Isolated,Explicit,f,,,,,,93,4
7479,5186,730.421612130921,Far,186.452184541771,South,South,Isolated,Explicit,f,,,,,,93,4
7479,13001,720.061992118892,Far,210.040726640708,Southwest,Southwest,Isolated,Explicit,f,,,,,,93,4
7490,10343,878.968415742936,Far,58.4126000922356,Northeast,Northeast,Isolated,Explicit,f,,,,,,21,3
7490,11854,218.108795956468,Medium,330.724727779981,Northwest,Northwest,Isolated,Explicit,f,,,,,,21,3
7490,6745,808.601548394937,Far,354.445225552472,North,North,Isolated,Explicit,f,,,,,,21,3
7490,6660,806.293118320609,Far,354.421524482352,North,North,Isolated,Explicit,f,,,,,,21,3
7490,7854,812.260400562665,Far,352.267440432538,North,North,Isolated,Explicit,f,,,,,,21,3
7490,10274,645.044648573226,Far,356.47913711475,North,North,Isolated,Explicit,f,,,,,,21,3
7490,6907,921.563729704602,Far,314.658211911109,Northwest,Northwest,Isolated,Explicit,t,,,,,,21,3
7490,9052,879.320901309451,Far,312.685084441241,Northwest,Northwest,Isolated,Explicit,t,,,,,,21,3
7490,6567,806.151985825732,Far,351.405279278861,North,North,Isolated,Explicit,f,,,,,,21,3
7490,6783,793.648106774627,Far,349.328670209632,North,North,Isolated,Explicit,f,,,,,,21,3
7490,12439,553.918191013707,Far,330.934760377018,Northwest,Northwest,Isolated,Explicit,f,,,,,,21,3
7490,6542,957.268927963281,Far,322.169124430018,Northwest,Northwest,Isolated,Explicit,f,,,,,,21,3
7490,11741,950.497395522055,Far,320.787510080111,Northwest,Northwest,Isolated,Explicit,f,,,,,,21,3
7490,10304,912.131092685007,Far,322.447780857653,Northwest,Northwest,Isolated,Explicit,f,,,,,,21,3
7490,8656,888.72447849008,Far,324.354364766433,Northwest,Northwest,Isolated,Explicit,f,,,,,,21,3
7490,11366,953.902129043031,Far,331.058194644131,Northwest,Northwest,Isolated,Explicit,f,,,,,,21,3
7490,8943,947.30649814785,Far,336.478506208423,Northwest,Northwest,Isolated,Explicit,t,,,,,,21,3
7490,6378,926.924372058005,Far,332.740100968652,Northwest,Northwest,Isolated,Explicit,f,,,,,,21,3
7603,9097,967.390028278837,Far,92.438914626657,East,East,Isolated,Explicit,f,,,,,,61,4
7603,9177,902.698549666988,Far,92.0368340110304,East,East,Isolated,Explicit,f,,,,,,61,4
7603,9307,916.348521376995,Far,92.0139823312494,East,East,Isolated,Explicit,f,,,,,,61,4
7603,9614,896.571391386512,Far,95.8379791821163,East,East,Isolated,Explicit,f,,,,,,61,4
7603,5879,617.215492748736,Far,93.6047416286164,East,East,Isolated,Explicit,f,,,,,,61,4
7603,10879,653.838992022091,Far,91.3645427143271,East,East,Isolated,Explicit,f,,,,,,61,4
7603,10906,646.243867202657,Far,91.3790988287429,East,East,Isolated,Explicit,f,,,,,,61,4
7603,10717,661.074664336301,Far,91.8219790550292,East,East,Isolated,Explicit,f,,,,,,61,4
7603,10878,693.152294196298,Far,92.86530387324,East,East,Isolated,Explicit,f,,,,,,61,4
7603,6480,588.062384322849,Far,93.1945566128515,East,East,Isolated,Explicit,f,,,,,,61,4
7603,13351,526.588246157282,Far,99.2934037577875,East,East,Isolated,Explicit,f,,,,,,61,4
7603,6673,506.035637630898,Far,95.6601149645627,East,East,Isolated,Explicit,f,,,,,,61,4
7603,10846,423.55809408338,Medium,100.746058935126,East,East,Isolated,Explicit,f,,,,,,61,4
7603,9114,376.244796882489,Medium,104.118056273664,East,East,Isolated,Explicit,f,,,,,,61,4
7603,6832,366.04987696816,Medium,100.289343686912,East,East,Isolated,Explicit,f,,,,,,61,4
7603,6866,383.885563813256,Medium,102.529218344057,East,East,Isolated,Explicit,f,,,,,,61,4
7603,12547,278.158415864774,Medium,120.190368625771,Southeast,Southeast,Isolated,Explicit,f,,,,,,61,4
7603,10437,334.902466596506,Medium,104.836916670641,East,East,Isolated,Explicit,f,,,,,,61,4
7603,6482,137.351749354336,Close,179.564562849809,South,South,Isolated,Explicit,t,,,,,,61,4
7603,10749,442.639789798557,Medium,202.016266343837,South,South,Isolated,Explicit,t,,,,,,61,4
7603,6937,249.731376205464,Medium,278.633761824182,West,West,Isolated,Explicit,f,,,,,,61,4
7603,5535,244.133592959769,Medium,258.818942372002,West,West,Isolated,Explicit,f,,,,,,61,4
7603,6801,253.589693079095,Medium,260.580582444269,West,West,Isolated,Explicit,f,,,,,,61,4
7603,9395,467.845771571122,Medium,266.819443990631,West,West,Isolated,Explicit,f,,,,,,61,4
7603,11043,669.536037632806,Far,261.713939055026,West,West,Isolated,Explicit,f,,,,,,61,4
7603,10604,665.055674258952,Far,261.796621496928,West,West,Isolated,Explicit,f,,,,,,61,4
7603,5209,810.676604427877,Far,259.205475852792,West,West,Isolated,Explicit,f,,,,,,61,4
7603,10260,931.768868167476,Far,261.694752202014,West,West,Isolated,Explicit,f,,,,,,61,4
7603,9768,907.824799764801,Far,258.616507498556,West,West,Isolated,Explicit,f,,,,,,61,4
7603,10654,893.430651925168,Far,259.825929141711,West,West,Isolated,Explicit,f,,,,,,61,4
7603,10692,904.490391886977,Far,257.806257897641,West,West,Isolated,Explicit,f,,,,,,61,4
7603,10651,904.407193815447,Far,257.805029604829,West,West,Isolated,Explicit,f,,,,,,61,4
7603,7859,823.959258992809,Far,259.829993999118,West,West,Isolated,Explicit,f,,,,,,61,4
7603,5274,873.066879966756,Far,256.604566758697,West,West,Isolated,Explicit,f,,,,,,61,4
7695,6746,955.311790950253,Far,228.317029701839,Southwest,Southwest,Isolated,Explicit,f,,,,,,87,4
7695,10386,722.457538645099,Far,251.370256132897,West,West,Isolated,Explicit,f,,,,,,87,4
7695,10958,724.175827457952,Far,253.281668178466,West,West,Isolated,Explicit,f,,,,,,87,4
7695,12142,994.920326601681,Far,226.979648652469,Southwest,Southwest,Isolated,Explicit,f,,,,,,87,4
7695,6773,999.13620109823,Far,228.165978579014,Southwest,Southwest,Isolated,Explicit,f,,,,,,87,4
7695,6718,689.850575550397,Far,232.696460987465,Southwest,Southwest,Isolated,Explicit,f,,,,,,87,4
7695,6935,750.391918154683,Far,230.569159926507,Southwest,Southwest,Isolated,Explicit,f,,,,,,87,4
7695,9145,709.894843661603,Far,232.786322859512,Southwest,Southwest,Isolated,Explicit,f,,,,,,87,4
7695,6622,625.082195077339,Far,253.266433445536,West,West,Isolated,Explicit,f,,,,,,87,4
7695,6861,683.828005484764,Far,252.660462083478,West,West,Isolated,Explicit,f,,,,,,87,4
7695,6639,663.000559159489,Far,253.758658317329,West,West,Isolated,Explicit,f,,,,,,87,4
7695,5850,829.893564411904,Far,229.741853555718,Southwest,Southwest,Isolated,Explicit,f,,,,,,87,4
7695,6661,799.617249703541,Far,229.701609215264,Southwest,Southwest,Isolated,Explicit,f,,,,,,87,4
7695,11193,533.48463308864,Far,241.78436894782,Southwest,Southwest,Isolated,Explicit,f,,,,,,87,4
7695,10351,659.144337145856,Far,214.328877624623,Southwest,Southwest,Isolated,Explicit,f,,,,,,87,4
7695,10472,759.991300177982,Far,355.041089744887,North,North,Isolated,Explicit,f,,,,,,87,4
7695,10820,351.557563960516,Medium,319.553663735594,Northwest,Northwest,Isolated,Explicit,f,,,,,,87,4
7695,10954,39.6985081857777,VeryClose,63.3142061583998,Northeast,Northeast,Isolated,Explicit,f,,,,,,87,4
7695,6650,37.5511246958567,VeryClose,52.5979099706989,Northeast,Northeast,Isolated,Explicit,f,,,,,,87,4
7695,9734,237.696848323838,Medium,5.02974456773384,North,North,Isolated,Explicit,f,,,,,,87,4
7695,10745,480.629424282986,Medium,152.79661787686,Southeast,Southeast,Isolated,Explicit,f,,,,,,87,4
7695,6828,304.842387115389,Medium,57.8611889197176,Northeast,Northeast,Isolated,Explicit,f,,,,,,87,4
7695,6960,304.02059251793,Medium,60.7845357553089,Northeast,Northeast,Isolated,Explicit,f,,,,,,87,4
7695,9299,593.234839134655,Far,150.512208476524,Southeast,Southeast,Isolated,Explicit,f,,,,,,87,4
7695,6922,354.644736756609,Medium,59.621428956492,Northeast,Northeast,Isolated,Explicit,f,,,,,,87,4
7695,6995,381.881683737915,Medium,59.5166422230244,Northeast,Northeast,Isolated,Explicit,f,,,,,,87,4
7695,6556,396.481173411445,Medium,58.2980486629833,Northeast,Northeast,Isolated,Explicit,f,,,,,,87,4
7695,8994,397.64947192705,Medium,59.7059277983447,Northeast,Northeast,Isolated,Explicit,f,,,,,,87,4
7695,5497,411.141075999078,Medium,59.5803629442773,Northeast,Northeast,Isolated,Explicit,f,,,,,,87,4
7695,7327,453.126737444912,Medium,57.5012363749517,Northeast,Northeast,Isolated,Explicit,f,,,,,,87,4
7695,6824,460.140381823593,Medium,57.6806046092126,Northeast,Northeast,Isolated,Explicit,f,,,,,,87,4
7695,9300,463.977801110468,Medium,57.1703265499068,Northeast,Northeast,Isolated,Explicit,f,,,,,,87,4
7695,5328,686.204647427061,Far,34.0101288902504,Northeast,Northeast,Isolated,Explicit,f,,,,,,87,4
7695,5856,490.769093985503,Medium,55.8539254701742,Northeast,Northeast,Isolated,Explicit,f,,,,,,87,4
7695,6809,486.106245169691,Medium,57.2784519364738,Northeast,Northeast,Isolated,Explicit,f,,,,,,87,4
7695,5523,523.220949308986,Far,54.4469438329841,Northeast,Northeast,Isolated,Explicit,f,,,,,,87,4
7695,11564,750.493229034048,Far,35.6294768446134,Northeast,Northeast,Isolated,Explicit,f,,,,,,87,4
7695,9373,648.423644289105,Far,43.1719343247936,Northeast,Northeast,Isolated,Explicit,t,,,,,,87,4
7695,9172,437.779003242756,Medium,50.4541291133163,Northeast,Northeast,Isolated,Explicit,f,,,,,,87,4
7695,13311,624.578876377925,Far,51.8601991229468,Northeast,Northeast,Isolated,Explicit,f,,,,,,87,4
7695,9469,647.839597289155,Far,50.1978455070968,Northeast,Northeast,Isolated,Explicit,f,,,,,,87,4
7695,5481,645.049223899796,Far,51.8640431329288,Northeast,Northeast,Isolated,Explicit,f,,,,,,87,4
7695,7343,691.029841992137,Far,51.7479046447433,Northeast,Northeast,Isolated,Explicit,f,,,,,,87,4
7695,7860,795.292536148792,Far,46.3941315781227,Northeast,Northeast,Isolated,Explicit,f,,,,,,87,4
8301,5300,857.97695536901,Far,66.0256023701606,Northeast,Northeast,Isolated,Explicit,t,,,,,,469,10
8301,12403,794.177292170799,Far,86.0240402556482,East,East,Isolated,Explicit,f,,,,,,469,10
8301,11941,786.079862076991,Far,88.101118265697,East,East,Isolated,Explicit,t,,,,,,469,10
8301,12346,782.540930779465,Far,86.7634852565359,East,East,Isolated,Explicit,f,,,,,,469,10
8301,13511,847.870024914252,Far,62.9041270767486,Northeast,Northeast,Isolated,Explicit,f,,,,,,469,10
8301,5463,758.586364833634,Far,90.2519224200059,East,East,Isolated,Explicit,f,,,,,,469,10
8301,5255,757.978590722673,Far,90.419493178581,East,East,Isolated,Explicit,f,,,,,,469,10
8301,7422,757.890732758296,Far,90.6040792362758,East,East,Isolated,Explicit,f,,,,,,469,10
8301,7130,760.049120857947,Far,93.3159064270201,East,East,Isolated,Explicit,f,,,,,,469,10
8301,6281,753.882445809939,Far,93.4484516296684,East,East,Isolated,Explicit,f,,,,,,469,10
8301,5266,752.786535344725,Far,94.1634693301931,East,East,Isolated,Explicit,f,,,,,,469,10
8301,7210,751.900421584501,Far,94.7103030306988,East,East,Isolated,Explicit,f,,,,,,469,10
8301,12145,839.912004937015,Far,61.5083962832532,Northeast,Northeast,Isolated,Explicit,f,,,,,,469,10
8301,13292,798.910734694674,Far,65.4135781994503,Northeast,Northeast,Isolated,Explicit,t,,,,,,469,10
8301,11612,743.924420532968,Far,79.1264359511308,East,East,Isolated,Explicit,f,,,,,,469,10
8301,11050,828.871834971189,Far,59.3507071933718,Northeast,Northeast,Isolated,Explicit,f,,,,,,469,10
8301,13492,702.888121202942,Far,85.7451224884643,East,East,Isolated,Explicit,f,,,,,,469,10
8301,10246,849.972365230785,Far,54.8434996345126,Northeast,Northeast,Isolated,Explicit,f,,,,,,469,10
8301,12132,808.67950852055,Far,54.5322172123072,Northeast,Northeast,Isolated,Explicit,f,,,,,,469,10
8301,11227,702.912109492273,Far,58.386157751443,Northeast,Northeast,Isolated,Explicit,f,,,,,,469,10
8301,8892,715.305701363645,Far,55.399994631129,Northeast,Northeast,Isolated,Explicit,f,,,,,,469,10
8301,11209,719.545010654612,Far,54.9120001372939,Northeast,Northeast,Isolated,Explicit,f,,,,,,469,10
8301,7401,708.803410506661,Far,53.6391112622996,Northeast,Northeast,Isolated,Explicit,f,,,,,,469,10
8301,7433,712.290375200802,Far,53.3243292706225,Northeast,Northeast,Isolated,Explicit,f,,,,,,469,10
8301,7426,713.494114887676,Far,52.9603517306381,Northeast,Northeast,Isolated,Explicit,f,,,,,,469,10
8301,8584,709.282218125222,Far,50.3317047289486,Northeast,Northeast,Isolated,Explicit,f,,,,,,469,10
8301,7666,759.651440694766,Far,46.4812030655666,Northeast,Northeast,Isolated,Explicit,f,,,,,,469,10
8301,5298,754.100907496772,Far,47.8873162681581,Northeast,Northeast,Isolated,Explicit,f,,,,,,469,10
8301,11434,747.991266724388,Far,48.4363514104379,Northeast,Northeast,Isolated,Explicit,f,,,,,,469,10
8301,6534,733.782613909495,Far,50.4283376496002,Northeast,Northeast,Isolated,Explicit,f,,,,,,469,10
8301,12583,744.511919378714,Far,49.9720645510917,Northeast,Northeast,Isolated,Explicit,f,,,,,,469,10
8301,12618,731.370271283733,Far,51.6343011026025,Northeast,Northeast,Isolated,Explicit,f,,,,,,469,10
8301,10464,590.138574438409,Far,33.3283368544301,Northeast,Northeast,Isolated,Explicit,f,,,,,,469,10
8301,10290,524.999400584233,Far,44.6933106916736,Northeast,Northeast,Isolated,Explicit,t,,,,,,469,10
8301,11323,585.73556872463,Far,48.7093802423786,Northeast,Northeast,Isolated,Explicit,f,,,,,,469,10
8301,7775,535.841238143849,Far,62.2569797771766,Northeast,Northeast,Isolated,Explicit,f,,,,,,469,10
8301,11383,600.39563219512,Far,48.9096514418785,Northeast,Northeast,Isolated,Explicit,f,,,,,,469,10
8301,13516,713.298190600376,Far,48.1279665381212,Northeast,Northeast,Isolated,Explicit,f,,,,,,469,10
8301,11950,666.527942817574,Far,49.5814654397285,Northeast,Northeast,Isolated,Explicit,f,,,,,,469,10
8301,13521,560.661939777118,Far,66.0188735566004,Northeast,Northeast,Isolated,Explicit,t,,,,,,469,10
8301,12910,580.820445993969,Far,113.467178397644,Southeast,Southeast,Isolated,Explicit,f,,,,,,469,10
8301,12921,587.29567623741,Far,112.919009621576,Southeast,Southeast,Isolated,Explicit,f,,,,,,469,10
8301,12932,575.930041106554,Far,114.057821507274,Southeast,Southeast,Isolated,Explicit,f,,,,,,469,10
8301,12561,663.67458099592,Far,133.180969273498,Southeast,Southeast,Isolated,Explicit,t,,,,,,469,10
8301,10737,998.153187184375,Far,51.5244974673267,Northeast,Northeast,Isolated,Explicit,f,,,,,,469,10
8301,5312,917.902711020744,Far,50.4901400381841,Northeast,Northeast,Isolated,Explicit,f,,,,,,469,10
8301,11904,903.360833608973,Far,52.0064565889227,Northeast,Northeast,Isolated,Explicit,f,,,,,,469,10
8301,10653,891.246119831343,Far,48.9385662351687,Northeast,Northeast,Isolated,Explicit,f,,,,,,469,10
8301,10347,882.200668122502,Far,51.267573806935,Northeast,Northeast,Isolated,Explicit,f,,,,,,469,10
8301,5311,907.121825864305,Far,49.9430220063635,Northeast,Northeast,Isolated,Explicit,f,,,,,,469,10
8301,11911,990.91317881866,Far,43.1054452994795,Northeast,Northeast,Isolated,Explicit,t,,,,,,469,10
8301,10612,892.998929084431,Far,47.2054069324261,Northeast,Northeast,Isolated,Explicit,f,,,,,,469,10
8301,10953,905.090542535224,Far,46.0521910016164,Northeast,Northeast,Isolated,Explicit,f,,,,,,469,10
8301,10281,901.037234939017,Far,46.1748243238122,Northeast,Northeast,Isolated,Explicit,f,,,,,,469,10
8301,10616,888.875987937533,Far,47.0133620245074,Northeast,Northeast,Isolated,Explicit,f,,,,,,469,10
8301,10293,870.314922927139,Far,47.8722582816817,Northeast,Northeast,Isolated,Explicit,f,,,,,,469,10
8301,10817,872.38692875849,Far,47.7993727583741,Northeast,Northeast,Isolated,Explicit,f,,,,,,469,10
8301,10661,866.746469150111,Far,48.5492310044624,Northeast,Northeast,Isolated,Explicit,f,,,,,,469,10
8301,10595,868.464365061951,Far,48.6511719408479,Northeast,Northeast,Isolated,Explicit,f,,,,,,469,10
8301,11007,903.306657722339,Far,46.9797892379318,Northeast,Northeast,Isolated,Explicit,f,,,,,,469,10
8301,11003,905.467030034073,Far,46.8285302599828,Northeast,Northeast,Isolated,Explicit,f,,,,,,469,10
8301,10244,903.412333591536,Far,46.9570157873048,Northeast,Northeast,Isolated,Explicit,f,,,,,,469,10
8301,10650,890.290107361897,Far,47.8914707209917,Northeast,Northeast,Isolated,Explicit,f,,,,,,469,10
8301,10629,890.400520195355,Far,48.9666561632209,Northeast,Northeast,Isolated,Explicit,f,,,,,,469,10
8301,10618,862.198881326226,Far,47.8365278268932,Northeast,Northeast,Isolated,Explicit,f,,,,,,469,10
8301,10267,954.445026805394,Far,42.0908995609306,Northeast,Northeast,Isolated,Explicit,f,,,,,,469,10
8301,12189,827.854766808298,Far,45.4714230602675,Northeast,Northeast,Isolated,Explicit,f,,,,,,469,10
8301,8285,782.995768915099,Far,26.1062394562264,Northeast,Northeast,Isolated,Explicit,f,,,,,,469,10
8301,6193,770.074541806964,Far,25.1308870991,Northeast,Northeast,Isolated,Explicit,f,,,,,,469,10
8301,5893,790.420207572539,Far,23.2169979040885,Northeast,Northeast,Isolated,Explicit,f,,,,,,469,10
8301,5512,795.814109968389,Far,21.2671467799262,North,North,Isolated,Explicit,t,,,,,,469,10
8301,13515,634.928141773597,Far,28.8795680864595,Northeast,Northeast,Isolated,Explicit,f,,,,,,469,10
8301,6891,765.19849685086,Far,24.5457664678799,Northeast,Northeast,Isolated,Explicit,f,,,,,,469,10
8301,6683,790.438973757653,Far,26.6328437612281,Northeast,Northeast,Isolated,Explicit,f,,,,,,469,10
8301,6728,795.644691779759,Far,26.8885373316772,Northeast,Northeast,Isolated,Explicit,f,,,,,,469,10
8301,5732,798.241455559294,Far,27.2626434777226,Northeast,Northeast,Isolated,Explicit,f,,,,,,469,10
8301,11570,802.291327804925,Far,29.1846562624131,Northeast,Northeast,Isolated,Explicit,f,,,,,,469,10
8301,6174,814.997339910555,Far,28.3173185854431,Northeast,Northeast,Isolated,Explicit,f,,,,,,469,10
8301,9012,822.066169261576,Far,28.9964660940865,Northeast,Northeast,Isolated,Explicit,f,,,,,,469,10
8301,8798,827.116495380166,Far,29.5089527695924,Northeast,Northeast,Isolated,Explicit,f,,,,,,469,10
8301,6906,829.595387489067,Far,29.6911786921953,Northeast,Northeast,Isolated,Explicit,f,,,,,,469,10
8301,6970,834.439968350493,Far,33.3095275342384,Northeast,Northeast,Isolated,Explicit,f,,,,,,469,10
8301,6422,844.448122481776,Far,33.7085875280121,Northeast,Northeast,Isolated,Explicit,f,,,,,,469,10
8301,7000,873.601331202284,Far,32.6540775970198,Northeast,Northeast,Isolated,Explicit,f,,,,,,469,10
8301,8190,875.063718678961,Far,32.4093041182215,Northeast,Northeast,Isolated,Explicit,f,,,,,,469,10
8301,7227,851.801336009626,Far,34.1355956286656,Northeast,Northeast,Isolated,Explicit,f,,,,,,469,10
8301,9046,934.596567747823,Far,30.4955608354621,Northeast,Northeast,Isolated,Explicit,f,,,,,,469,10
8301,11452,850.534943086689,Far,30.6709319867589,Northeast,Northeast,Isolated,Explicit,f,,,,,,469,10
8301,8075,852.520810551113,Far,31.1795491178645,Northeast,Northeast,Isolated,Explicit,f,,,,,,469,10
8301,7953,853.83517998409,Far,31.240747527722,Northeast,Northeast,Isolated,Explicit,f,,,,,,469,10
8301,7388,851.584912764232,Far,31.2636439369874,Northeast,Northeast,Isolated,Explicit,f,,,,,,469,10
8301,7715,937.05516767235,Far,28.3912928899387,Northeast,Northeast,Isolated,Explicit,f,,,,,,469,10
8301,7174,854.370185413099,Far,31.4464154445673,Northeast,Northeast,Isolated,Explicit,f,,,,,,469,10
8301,7163,854.589840139554,Far,31.4710177185179,Northeast,Northeast,Isolated,Explicit,f,,,,,,469,10
8301,6362,836.242416114726,Far,30.1764627541589,Northeast,Northeast,Isolated,Explicit,f,,,,,,469,10
8301,7199,837.913495096194,Far,30.1317184361189,Northeast,Northeast,Isolated,Explicit,f,,,,,,469,10
8301,7885,837.517282358349,Far,30.2682647050577,Northeast,Northeast,Isolated,Explicit,f,,,,,,469,10
8301,6099,839.497470231294,Far,30.4130380411084,Northeast,Northeast,Isolated,Explicit,f,,,,,,469,10
8301,8505,839.273466235144,Far,30.4016183832766,Northeast,Northeast,Isolated,Explicit,f,,,,,,469,10
8301,8929,840.735164178015,Far,30.4990747787404,Northeast,Northeast,Isolated,Explicit,f,,,,,,469,10
8301,6850,841.525772870696,Far,30.5621717818698,Northeast,Northeast,Isolated,Explicit,f,,,,,,469,10
8301,5151,854.653812413686,Far,37.4674045870466,Northeast,Northeast,Isolated,Explicit,f,,,,,,469,10
8301,6355,882.646935045288,Far,35.6115568654749,Northeast,Northeast,Isolated,Explicit,f,,,,,,469,10
8301,7074,917.121552891219,Far,34.0761225126667,Northeast,Northeast,Isolated,Explicit,f,,,,,,469,10
8301,7545,922.529001303989,Far,33.6192468117512,Northeast,Northeast,Isolated,Explicit,f,,,,,,469,10
8301,8535,880.494637455172,Far,35.1198326470655,Northeast,Northeast,Isolated,Explicit,f,,,,,,469,10
8301,7928,941.166682877363,Far,32.4967027677915,Northeast,Northeast,Isolated,Explicit,f,,,,,,469,10
8301,10862,920.43344101778,Far,33.4565506040064,Northeast,Northeast,Isolated,Explicit,f,,,,,,469,10
8301,8830,936.349873543331,Far,32.7547305117171,Northeast,Northeast,Isolated,Explicit,f,,,,,,469,10
8301,8241,951.622212896306,Far,31.8458144227559,Northeast,Northeast,Isolated,Explicit,f,,,,,,469,10
8301,7316,959.858262333021,Far,31.4405058085699,Northeast,Northeast,Isolated,Explicit,f,,,,,,469,10
8301,7644,875.403101454475,Far,34.9688242416393,Northeast,Northeast,Isolated,Explicit,f,,,,,,469,10
8301,6859,868.450182496065,Far,34.9341504786711,Northeast,Northeast,Isolated,Explicit,f,,,,,,469,10
8301,7882,891.945817616204,Far,33.7899605640239,Northeast,Northeast,Isolated,Explicit,f,,,,,,469,10
8301,7980,981.862671717934,Far,30.077679465119,Northeast,Northeast,Isolated,Explicit,f,,,,,,469,10
8301,8111,984.553333774471,Far,29.7892941527262,Northeast,Northeast,Isolated,Explicit,f,,,,,,469,10
8301,7994,991.934771435938,Far,29.3536045668052,Northeast,Northeast,Isolated,Explicit,f,,,,,,469,10
8301,7238,885.730621499058,Far,33.0379910269042,Northeast,Northeast,Isolated,Explicit,f,,,,,,469,10
8301,8242,857.228051855279,Far,34.279224823082,Northeast,Northeast,Isolated,Explicit,f,,,,,,469,10
8301,7140,889.389082132768,Far,33.221274668807,Northeast,Northeast,Isolated,Explicit,f,,,,,,469,10
8301,6284,860.435505469616,Far,34.4655602745215,Northeast,Northeast,Isolated,Explicit,f,,,,,,469,10
8301,7373,886.350778959847,Far,33.4327528575681,Northeast,Northeast,Isolated,Explicit,f,,,,,,469,10
8301,6141,863.461347989395,Far,34.9198891397985,Northeast,Northeast,Isolated,Explicit,f,,,,,,469,10
8301,5502,633.8187497102,Far,318.255849407613,Northwest,Northwest,Isolated,Explicit,f,,,,,,469,10
8301,8344,670.058025451469,Far,320.54220137172,Northwest,Northwest,Isolated,Explicit,f,,,,,,469,10
8301,11790,625.237187850447,Far,316.519741766113,Northwest,Northwest,Isolated,Explicit,f,,,,,,469,10
8301,7418,813.134779717785,Far,326.895989672454,Northwest,Northwest,Isolated,Explicit,f,,,,,,469,10
8301,12902,604.211164867678,Far,312.814079985416,Northwest,Northwest,Isolated,Explicit,t,,,,,,469,10
8301,10581,543.151726251154,Far,312.195713711578,Northwest,Northwest,Isolated,Explicit,f,,,,,,469,10
8301,8648,645.180317033279,Far,321.651613613108,Northwest,Northwest,Isolated,Explicit,f,,,,,,469,10
8301,12398,664.520955724106,Far,322.566119610589,Northwest,Northwest,Isolated,Explicit,f,,,,,,469,10
8301,11640,665.203060610021,Far,322.677363401512,Northwest,Northwest,Isolated,Explicit,f,,,,,,469,10
8301,10181,751.832734678248,Far,327.164132303871,Northwest,Northwest,Isolated,Explicit,f,,,,,,469,10
8301,5514,609.073872795315,Far,321.502903935065,Northwest,Northwest,Isolated,Explicit,f,,,,,,469,10
8301,5604,608.666644215988,Far,321.368004679461,Northwest,Northwest,Isolated,Explicit,f,,,,,,469,10
8301,5841,590.316072176723,Far,320.541901177469,Northwest,Northwest,Isolated,Explicit,f,,,,,,469,10
8301,6038,591.854811635208,Far,321.204239362347,Northwest,Northwest,Isolated,Explicit,f,,,,,,469,10
8301,7089,609.161055405293,Far,322.802622217109,Northwest,Northwest,Isolated,Explicit,f,,,,,,469,10
8301,7975,609.107540712542,Far,322.758017222549,Northwest,Northwest,Isolated,Explicit,f,,,,,,469,10
8301,5263,625.161869924277,Far,324.067028720957,Northwest,Northwest,Isolated,Explicit,f,,,,,,469,10
8301,8744,610.951611396511,Far,323.165122485325,Northwest,Northwest,Isolated,Explicit,f,,,,,,469,10
8301,8571,606.552826797461,Far,322.846651621744,Northwest,Northwest,Isolated,Explicit,f,,,,,,469,10
8301,6142,592.597615581545,Far,321.985834720076,Northwest,Northwest,Isolated,Explicit,f,,,,,,469,10
8301,8627,604.886239916368,Far,323.102869840379,Northwest,Northwest,Isolated,Explicit,f,,,,,,469,10
8301,8369,610.248631722472,Far,324.049169053852,Northwest,Northwest,Isolated,Explicit,f,,,,,,469,10
8301,5612,541.393278123084,Far,321.304349584317,Northwest,Northwest,Isolated,Explicit,f,,,,,,469,10
8301,6316,551.255333790749,Far,325.650144798536,Northwest,Northwest,Isolated,Explicit,f,,,,,,469,10
8301,12555,360.634471210585,Medium,317.620087443381,Northwest,Northwest,Isolated,Explicit,f,,,,,,469,10
8301,13502,372.929997815415,Medium,318.298288670406,Northwest,Northwest,Isolated,Explicit,f,,,,,,469,10
8301,6563,798.685835153454,Far,297.659674597743,Northwest,Northwest,Isolated,Explicit,f,,,,,,469,10
8301,7445,778.290074509825,Far,297.44505881801,Northwest,Northwest,Isolated,Explicit,f,,,,,,469,10
8301,6840,956.533359975504,Far,314.240198173457,Northwest,Northwest,Isolated,Explicit,t,,,,,,469,10
8301,9870,849.561855178338,Far,303.143631061984,Northwest,Northwest,Isolated,Explicit,f,,,,,,469,10
8301,7168,700.798818485157,Far,296.83915996301,Northwest,Northwest,Isolated,Explicit,f,,,,,,469,10
8301,7817,744.797727424924,Far,303.760945342667,Northwest,Northwest,Isolated,Explicit,f,,,,,,469,10
8301,7379,674.50481672527,Far,299.097938209936,Northwest,Northwest,Isolated,Explicit,f,,,,,,469,10
8301,7186,636.532424249929,Far,290.696340598624,West,West,Isolated,Explicit,t,,,,,,469,10
8301,7196,681.787500447279,Far,298.133180185387,Northwest,Northwest,Isolated,Explicit,f,,,,,,469,10
8301,5760,833.454740692688,Far,317.217739690714,Northwest,Northwest,Isolated,Explicit,f,,,,,,469,10
8301,7358,831.67928836461,Far,317.191320624712,Northwest,Northwest,Isolated,Explicit,f,,,,,,469,10
8301,12278,872.094056216487,Far,319.896517316144,Northwest,Northwest,Isolated,Explicit,f,,,,,,469,10
8301,5771,840.138856480785,Far,317.231294013183,Northwest,Northwest,Isolated,Explicit,f,,,,,,469,10
8301,12354,802.153476523578,Far,316.052522817585,Northwest,Northwest,Isolated,Explicit,f,,,,,,469,10
8301,11423,660.236045240841,Far,302.478779325304,Northwest,Northwest,Isolated,Explicit,f,,,,,,469,10
8301,12489,703.389229065252,Far,306.338624936903,Northwest,Northwest,Isolated,Explicit,f,,,,,,469,10
8301,7164,664.656450586615,Far,300.792131841599,Northwest,Northwest,Isolated,Explicit,f,,,,,,469,10
8301,11446,658.664831771325,Far,307.000191106971,Northwest,Northwest,Isolated,Explicit,f,,,,,,469,10
8301,6121,659.487307224211,Far,307.80233314045,Northwest,Northwest,Isolated,Explicit,f,,,,,,469,10
8301,10191,648.155434214641,Far,306.347007465061,Northwest,Northwest,Isolated,Explicit,f,,,,,,469,10
8301,5375,648.021185851777,Far,306.343460917799,Northwest,Northwest,Isolated,Explicit,f,,,,,,469,10
8301,11453,657.915320712074,Far,308.247410299763,Northwest,Northwest,Isolated,Explicit,f,,,,,,469,10
8301,5272,737.487797172832,Far,316.40081656849,Northwest,Northwest,Isolated,Explicit,f,,,,,,469,10
8301,10375,805.70516073729,Far,323.250201650412,Northwest,Northwest,Isolated,Explicit,f,,,,,,469,10
8301,10687,805.930326561351,Far,323.346404139133,Northwest,Northwest,Isolated,Explicit,f,,,,,,469,10
8301,8850,837.893377172817,Far,324.332740584109,Northwest,Northwest,Isolated,Explicit,f,,,,,,469,10
8301,8807,878.347963945087,Far,300.97497853199,Northwest,Northwest,Isolated,Explicit,f,,,,,,469,10
8301,8149,866.208166439729,Far,300.485191928612,Northwest,Northwest,Isolated,Explicit,f,,,,,,469,10
8301,11060,848.855535600322,Far,297.957887659284,Northwest,Northwest,Isolated,Explicit,f,,,,,,469,10
8301,8487,851.246667520537,Far,298.304140761303,Northwest,Northwest,Isolated,Explicit,f,,,,,,469,10
8301,7444,884.695596922498,Far,298.734645986193,Northwest,Northwest,Isolated,Explicit,f,,,,,,469,10
8301,7348,902.058563147345,Far,297.646934291272,Northwest,Northwest,Isolated,Explicit,f,,,,,,469,10
8301,11283,942.788883355895,Far,303.185463367066,Northwest,Northwest,Isolated,Explicit,f,,,,,,469,10
8301,12818,941.863604466104,Far,299.558454192301,Northwest,Northwest,Isolated,Explicit,f,,,,,,469,10
8301,8157,932.969879660151,Far,298.83485616337,Northwest,Northwest,Isolated,Explicit,f,,,,,,469,10
8301,6092,900.445757450862,Far,297.240151587494,Northwest,Northwest,Isolated,Explicit,f,,,,,,469,10
8301,8380,986.617666359004,Far,301.041182291493,Northwest,Northwest,Isolated,Explicit,f,,,,,,469,10
8301,8537,968.736825044382,Far,300.362865131066,Northwest,Northwest,Isolated,Explicit,f,,,,,,469,10
8301,12070,909.345849318792,Far,287.880553476231,West,West,Isolated,Explicit,f,,,,,,469,10
8301,10194,965.912333756622,Far,285.187669644183,West,West,Isolated,Explicit,f,,,,,,469,10
8301,12791,965.011389352344,Far,4.68206548692874,North,North,Isolated,Explicit,f,,,,,,469,10
8301,12685,962.828102645853,Far,4.71691027036822,North,North,Isolated,Explicit,f,,,,,,469,10
8301,13496,955.754928648857,Far,10.2230329088401,North,North,Isolated,Explicit,f,,,,,,469,10
8301,8026,959.325672431988,Far,13.2269030575749,North,North,Isolated,Explicit,f,,,,,,469,10
8301,7391,973.65009394768,Far,13.4606182354463,North,North,Isolated,Explicit,f,,,,,,469,10
8301,5592,991.254221428651,Far,13.4204279232416,North,North,Isolated,Explicit,f,,,,,,469,10
8301,6030,987.775364264711,Far,12.9022747961404,North,North,Isolated,Explicit,f,,,,,,469,10
8301,7659,997.084478683785,Far,12.7501614182611,North,North,Isolated,Explicit,f,,,,,,469,10
8301,10458,994.225848944828,Far,9.90109585572414,North,North,Isolated,Explicit,f,,,,,,469,10
8301,11531,956.913847864075,Far,356.724211420582,North,North,Isolated,Explicit,f,,,,,,469,10
8301,8931,991.673823749199,Far,354.593632821595,North,North,Isolated,Explicit,f,,,,,,469,10
8301,10579,982.771332976189,Far,354.704646235371,North,North,Isolated,Explicit,f,,,,,,469,10
8301,10488,984.758752174441,Far,354.716529984832,North,North,Isolated,Explicit,f,,,,,,469,10
8301,10556,983.386320651521,Far,355.198845533117,North,North,Isolated,Explicit,f,,,,,,469,10
8301,12093,965.704180626348,Far,355.533137602731,North,North,Isolated,Explicit,f,,,,,,469,10
8301,7709,971.00609804329,Far,111.269009759014,East,East,Isolated,Explicit,t,,,,,,469,10
8301,5251,973.503747081541,Far,111.794026764459,East,East,Isolated,Explicit,t,,,,,,469,10
8301,10134,927.907952078705,Far,100.788992407905,East,East,Isolated,Explicit,f,,,,,,469,10
8301,10245,907.230228507417,Far,97.3166363869556,East,East,Isolated,Explicit,f,,,,,,469,10
8301,12306,939.781700141766,Far,108.73958128718,East,East,Isolated,Explicit,f,,,,,,469,10
8301,8940,903.225537625608,Far,106.382421625155,East,East,Isolated,Explicit,f,,,,,,469,10
8301,5457,957.621497043722,Far,115.417419909302,Southeast,Southeast,Isolated,Explicit,f,,,,,,469,10
8301,5177,956.683170838744,Far,112.308201310493,East,East,Isolated,Explicit,t,,,,,,469,10
8301,5242,953.068795147045,Far,111.49910172813,East,East,Isolated,Explicit,t,,,,,,469,10
8301,5417,952.930501033479,Far,111.230952093066,East,East,Isolated,Explicit,t,,,,,,469,10
8301,11678,984.133061227004,Far,114.710552872219,Southeast,Southeast,Isolated,Explicit,f,,,,,,469,10
8301,7774,907.705457379423,Far,112.283311411086,East,East,Isolated,Explicit,t,,,,,,469,10
8301,8483,931.885017167534,Far,113.844271300091,Southeast,Southeast,Isolated,Explicit,f,,,,,,469,10
8301,8782,898.735214081599,Far,107.363507297597,East,East,Isolated,Explicit,f,,,,,,469,10
8301,11889,903.968961792644,Far,107.616116794109,East,East,Isolated,Explicit,f,,,,,,469,10
8301,10417,878.412233368527,Far,106.443063136617,East,East,Isolated,Explicit,f,,,,,,469,10
8301,6397,905.348173263444,Far,81.4868686943948,East,East,Isolated,Explicit,f,,,,,,469,10
8301,7431,906.714749177252,Far,81.5290199905765,East,East,Isolated,Explicit,f,,,,,,469,10
8301,8013,915.621157154726,Far,81.9546041206932,East,East,Isolated,Explicit,f,,,,,,469,10
8301,7306,925.374536555375,Far,84.546642960244,East,East,Isolated,Explicit,f,,,,,,469,10
8301,7809,924.404818801339,Far,84.3120272487308,East,East,Isolated,Explicit,f,,,,,,469,10
8301,8258,934.680461328111,Far,82.158263665844,East,East,Isolated,Explicit,f,,,,,,469,10
8301,8799,922.2836253547,Far,81.9193973775972,East,East,Isolated,Explicit,f,,,,,,469,10
8301,7820,993.848120428502,Far,67.7357188904149,East,East,Isolated,Explicit,f,,,,,,469,10
8301,5597,994.310714034286,Far,65.9941885886893,Northeast,Northeast,Isolated,Explicit,t,,,,,,469,10
8301,9928,960.220593401704,Far,70.6837354479653,East,East,Isolated,Explicit,f,,,,,,469,10
8301,12370,604.874462663216,Far,114.367378863106,Southeast,Southeast,Isolated,Explicit,f,,,,,,469,10
8301,10109,595.80195230479,Far,113.240598836687,Southeast,Southeast,Isolated,Explicit,f,,,,,,469,10
8301,9254,596.002577431311,Far,113.244098741092,Southeast,Southeast,Isolated,Explicit,f,,,,,,469,10
8301,9926,587.907237446119,Far,109.141300136663,East,East,Isolated,Explicit,f,,,,,,469,10
8301,10159,584.051797002641,Far,107.381821940736,East,East,Isolated,Explicit,f,,,,,,469,10
8301,9230,584.468285348788,Far,107.631093105055,East,East,Isolated,Explicit,f,,,,,,469,10
8301,11480,591.349553557377,Far,106.966065842145,East,East,Isolated,Explicit,f,,,,,,469,10
8301,7461,592.643052810756,Far,106.95158568925,East,East,Isolated,Explicit,f,,,,,,469,10
8301,8629,594.206458677396,Far,107.14158061908,East,East,Isolated,Explicit,f,,,,,,469,10
8301,5307,600.14461204652,Far,108.291921578111,East,East,Isolated,Explicit,f,,,,,,469,10
8301,5413,624.301698306655,Far,111.691567563191,East,East,Isolated,Explicit,t,,,,,,469,10
8301,11811,593.163304767228,Far,103.258762886546,East,East,Isolated,Explicit,f,,,,,,469,10
8301,5224,609.879137750794,Far,105.501760740546,East,East,Isolated,Explicit,f,,,,,,469,10
8301,12267,601.326859735858,Far,103.842848563429,East,East,Isolated,Explicit,f,,,,,,469,10
8301,6040,625.676110687173,Far,109.995860958801,East,East,Isolated,Explicit,f,,,,,,469,10
8301,6913,629.177234686631,Far,109.124498854902,East,East,Isolated,Explicit,f,,,,,,469,10
8301,5313,628.053286214002,Far,109.308618893699,East,East,Isolated,Explicit,f,,,,,,469,10
8301,5212,617.29039073527,Far,105.798044228095,East,East,Isolated,Explicit,f,,,,,,469,10
8301,5207,627.698149506243,Far,106.074714974514,East,East,Isolated,Explicit,f,,,,,,469,10
8301,10377,878.342835145296,Far,132.573490354478,Southeast,Southeast,Isolated,Explicit,t,,,,,,469,10
8301,12126,698.903036725154,Far,101.977393451207,East,East,Isolated,Explicit,f,,,,,,469,10
8301,13514,697.596180023333,Far,101.58084630487,East,East,Isolated,Explicit,f,,,,,,469,10
8301,11771,721.171185845775,Far,108.103023284598,East,East,Isolated,Explicit,f,,,,,,469,10
8301,12654,810.262200327058,Far,118.650473123065,Southeast,Southeast,Isolated,Explicit,f,,,,,,469,10
8301,12175,736.34639734459,Far,103.817351180861,East,East,Isolated,Explicit,f,,,,,,469,10
8301,12202,728.776063372408,Far,95.8850525098972,East,East,Isolated,Explicit,f,,,,,,469,10
8301,6646,940.76176274213,Far,128.637283860554,Southeast,Southeast,Isolated,Explicit,f,,,,,,469,10
8301,12416,830.287032318415,Far,106.290600675799,East,East,Isolated,Explicit,f,,,,,,469,10
8301,7593,238.647526095459,Medium,156.618241893574,Southeast,Southeast,Isolated,Explicit,t,,,,,,469,10
8301,12718,176.409570309417,Close,27.8967158831634,Northeast,Northeast,Isolated,Explicit,f,,,,,,469,10
8301,12017,234.631965414021,Medium,20.2060145228724,North,North,Isolated,Explicit,t,,,,,,469,10
8301,12554,234.631965414021,Medium,20.2060145228724,North,North,Isolated,Explicit,t,,,,,,469,10
8301,12008,553.270314528252,Far,7.04056175646366,North,North,Isolated,Explicit,f,,,,,,469,10
8301,10384,574.137255228538,Far,6.71865126665722,North,North,Isolated,Explicit,f,,,,,,469,10
8301,10361,575.515424349743,Far,7.52646570128476,North,North,Isolated,Explicit,f,,,,,,469,10
8301,12216,569.14312748219,Far,8.63807239227056,North,North,Isolated,Explicit,f,,,,,,469,10
8301,10008,824.838109514202,Far,6.4022562689717,North,North,Isolated,Explicit,f,,,,,,469,10
8301,12442,690.488781359737,Far,12.9640983982888,North,North,Isolated,Explicit,f,,,,,,469,10
8301,11285,604.440587281454,Far,15.1227984512759,North,North,Isolated,Explicit,f,,,,,,469,10
8301,12105,671.812313543436,Far,12.9930432271434,North,North,Isolated,Explicit,f,,,,,,469,10
8301,11065,694.639716218291,Far,11.9663758812123,North,North,Isolated,Explicit,f,,,,,,469,10
8301,5338,764.444120525873,Far,10.4580196081702,North,North,Isolated,Explicit,f,,,,,,469,10
8301,10779,917.438181694289,Far,7.74578399495976,North,North,Isolated,Explicit,f,,,,,,469,10
8301,10848,917.438181694289,Far,7.74578399495976,North,North,Isolated,Explicit,f,,,,,,469,10
8301,10857,917.438181694289,Far,7.74578399495976,North,North,Isolated,Explicit,f,,,,,,469,10
8301,10883,917.438181694289,Far,7.74578399495976,North,North,Isolated,Explicit,f,,,,,,469,10
8301,10912,917.438181694289,Far,7.74578399495976,North,North,Isolated,Explicit,f,,,,,,469,10
8301,6455,874.661585086065,Far,7.24069992560024,North,North,Isolated,Explicit,f,,,,,,469,10
8301,13272,604.53764462387,Far,10.62345192292,North,North,Isolated,Explicit,f,,,,,,469,10
8301,12378,705.093448837417,Far,10.3112154102241,North,North,Isolated,Explicit,f,,,,,,469,10
8301,7482,132.628398889835,Close,71.5186903585147,East,East,Isolated,Explicit,f,,,,,,469,10
8301,12758,248.123383577289,Medium,45.4119768285618,Northeast,Northeast,Isolated,Explicit,f,,,,,,469,10
8301,5214,710.736920939626,Far,13.7783230527332,North,North,Isolated,Explicit,f,,,,,,469,10
8301,11825,731.673362817255,Far,12.7354157008269,North,North,Isolated,Explicit,f,,,,,,469,10
8301,11072,850.429926461083,Far,11.0159830137477,North,North,Isolated,Explicit,f,,,,,,469,10
8301,5265,713.202823989374,Far,14.3746952076155,North,North,Isolated,Explicit,f,,,,,,469,10
8301,8094,707.296570159633,Far,17.0046085347998,North,North,Isolated,Explicit,f,,,,,,469,10
8301,6863,708.149478956288,Far,16.7607850984274,North,North,Isolated,Explicit,f,,,,,,469,10
8301,5594,711.046878479845,Far,15.9412753550229,North,North,Isolated,Explicit,f,,,,,,469,10
8301,7547,723.536410765934,Far,15.6906084853883,North,North,Isolated,Explicit,f,,,,,,469,10
8301,7822,802.985225994616,Far,14.4908165850524,North,North,Isolated,Explicit,f,,,,,,469,10
8301,6707,727.475399650029,Far,16.6414857989538,North,North,Isolated,Explicit,f,,,,,,469,10
8301,11590,216.819400224268,Medium,85.1314789635835,East,East,Isolated,Explicit,f,,,,,,469,10
8301,11803,232.465378311596,Medium,86.6503826336339,East,East,Isolated,Explicit,f,,,,,,469,10
8301,5854,736.09749316932,Far,20.6408476331831,North,North,Isolated,Explicit,t,,,,,,469,10
8301,5494,739.71971091828,Far,21.0536855421237,North,North,Isolated,Explicit,t,,,,,,469,10
8301,5529,742.838510761481,Far,21.7116177748879,North,North,Isolated,Explicit,t,,,,,,469,10
8301,5845,781.105975674036,Far,20.5899455419926,North,North,Isolated,Explicit,t,,,,,,469,10
8301,5515,793.193872011509,Far,20.2196284924518,North,North,Isolated,Explicit,t,,,,,,469,10
8301,8027,785.349493485483,Far,20.5169983786628,North,North,Isolated,Explicit,t,,,,,,469,10
8301,6657,823.511714548921,Far,19.4053074998615,North,North,Isolated,Explicit,f,,,,,,469,10
8301,6529,767.850070895941,Far,21.2983411204616,North,North,Isolated,Explicit,t,,,,,,469,10
8301,8047,811.295879970314,Far,20.372446209344,North,North,Isolated,Explicit,t,,,,,,469,10
8301,6489,872.51578465195,Far,18.712468788117,North,North,Isolated,Explicit,f,,,,,,469,10
8301,8135,878.769085556833,Far,18.4206933347151,North,North,Isolated,Explicit,f,,,,,,469,10
8301,7228,806.722633787933,Far,19.1064299004683,North,North,Isolated,Explicit,f,,,,,,469,10
8301,5591,821.8078674763,Far,18.4594373773747,North,North,Isolated,Explicit,f,,,,,,469,10
8301,5898,884.841809853764,Far,16.9330210197425,North,North,Isolated,Explicit,f,,,,,,469,10
8301,6951,877.771165200485,Far,17.1850491968053,North,North,Isolated,Explicit,f,,,,,,469,10
8301,5501,924.408790462641,Far,15.6920217920819,North,North,Isolated,Explicit,f,,,,,,469,10
8301,6484,909.895121120974,Far,16.0564476464156,North,North,Isolated,Explicit,f,,,,,,469,10
8301,7271,930.101477167727,Far,15.2539306341147,North,North,Isolated,Explicit,f,,,,,,469,10
8301,5705,898.57700704887,Far,15.5102579105493,North,North,Isolated,Explicit,f,,,,,,469,10
8301,8912,873.376406404345,Far,16.1905409631863,North,North,Isolated,Explicit,f,,,,,,469,10
8301,5859,847.031566402666,Far,17.4616411937802,North,North,Isolated,Explicit,f,,,,,,469,10
8301,5883,733.566898024054,Far,20.3506613330445,North,North,Isolated,Explicit,t,,,,,,469,10
8301,8839,725.901570153196,Far,19.4517554502544,North,North,Isolated,Explicit,f,,,,,,469,10
8301,8841,722.427331007077,Far,18.9946825499051,North,North,Isolated,Explicit,f,,,,,,469,10
8301,8169,903.245039974704,Far,14.9155560935858,North,North,Isolated,Explicit,f,,,,,,469,10
8301,8381,920.273676345166,Far,14.595187751161,North,North,Isolated,Explicit,f,,,,,,469,10
8301,5798,887.20198982073,Far,15.6205666067676,North,North,Isolated,Explicit,f,,,,,,469,10
8301,9074,793.45470166819,Far,1.83127127392565,North,North,Isolated,Explicit,f,,,,,,469,10
8301,5218,702.581698787808,Far,0.564666107545335,North,North,Isolated,Explicit,f,,,,,,469,10
8301,7725,496.852115302688,Medium,3.12628842767075,North,North,Isolated,Explicit,f,,,,,,469,10
8301,6448,691.623039396174,Far,357.446410073938,North,North,Isolated,Explicit,f,,,,,,469,10
8301,12108,749.876145947327,Far,359.140784367299,North,North,Isolated,Explicit,t,,,,,,469,10
8301,12574,734.559045255906,Far,359.524523481947,North,North,Isolated,Explicit,t,,,,,,469,10
8301,12437,726.834440883605,Far,359.857175421847,North,North,Isolated,Explicit,t,,,,,,469,10
8301,12605,895.393013975431,Far,358.968411414526,North,North,Isolated,Explicit,t,,,,,,469,10
8301,11946,735.915744884661,Far,358.274417462469,North,North,Isolated,Explicit,t,,,,,,469,10
8301,5235,716.352287073237,Far,358.300612832132,North,North,Isolated,Explicit,t,,,,,,469,10
8301,8513,722.139748787755,Far,358.278090308073,North,North,Isolated,Explicit,t,,,,,,469,10
8301,9309,712.833051765934,Far,358.021133363389,North,North,Isolated,Explicit,t,,,,,,469,10
8301,11287,705.877507618886,Far,357.752810098463,North,North,Isolated,Explicit,t,,,,,,469,10
8301,5930,713.210968177203,Far,357.754312656189,North,North,Isolated,Explicit,t,,,,,,469,10
8301,7171,729.796319041295,Far,357.71086588808,North,North,Isolated,Explicit,t,,,,,,469,10
8301,5736,719.783812334266,Far,357.555177594105,North,North,Isolated,Explicit,t,,,,,,469,10
8301,5644,719.51532447652,Far,357.45859552464,North,North,Isolated,Explicit,f,,,,,,469,10
8301,8038,730.923116611595,Far,357.359564015114,North,North,Isolated,Explicit,f,,,,,,469,10
8301,9139,707.138454413753,Far,357.195878842604,North,North,Isolated,Explicit,f,,,,,,469,10
8301,5386,707.803254557907,Far,357.199053505448,North,North,Isolated,Explicit,f,,,,,,469,10
8301,11464,708.488245218207,Far,357.17461227734,North,North,Isolated,Explicit,f,,,,,,469,10
8301,6325,707.269477417116,Far,357.168751018041,North,North,Isolated,Explicit,f,,,,,,469,10
8301,9313,707.269477417116,Far,357.168751018041,North,North,Isolated,Explicit,f,,,,,,469,10
8301,12200,893.516809542639,Far,356.032878061681,North,North,Isolated,Explicit,f,,,,,,469,10
8301,12455,674.024498790161,Far,357.168154853542,North,North,Isolated,Explicit,f,,,,,,469,10
8301,8766,269.639583285428,Medium,347.988492579716,North,North,Isolated,Explicit,f,,,,,,469,10
8301,5254,744.340934380442,Far,354.531920380937,North,North,Isolated,Explicit,f,,,,,,469,10
8301,6049,874.37500850552,Far,355.342845741642,North,North,Isolated,Explicit,f,,,,,,469,10
8301,7635,891.310935561571,Far,355.116833227004,North,North,Isolated,Explicit,f,,,,,,469,10
8301,7892,823.538868054145,Far,352.653021664608,North,North,Isolated,Explicit,f,,,,,,469,10
8301,11143,735.932471729149,Far,351.58180009084,North,North,Isolated,Explicit,f,,,,,,469,10
8301,5410,854.911850475835,Far,352.285859646708,North,North,Isolated,Explicit,f,,,,,,469,10
8301,11966,890.964187932143,Far,351.878833613533,North,North,Isolated,Explicit,f,,,,,,469,10
8301,12289,898.981125562284,Far,351.813642774337,North,North,Isolated,Explicit,f,,,,,,469,10
8301,7714,856.854999038571,Far,351.4372767368,North,North,Isolated,Explicit,f,,,,,,469,10
8301,9051,822.408703844071,Far,351.805271962144,North,North,Isolated,Explicit,f,,,,,,469,10
8301,9959,263.652970924362,Medium,334.627732212257,Northwest,Northwest,Isolated,Explicit,f,,,,,,469,10
8301,8539,824.137863487232,Far,349.954550534332,North,North,Isolated,Explicit,f,,,,,,469,10
8301,11392,819.241386727658,Far,350.139711594808,North,North,Isolated,Explicit,f,,,,,,469,10
8301,7992,820.983356672442,Far,350.380409259671,North,North,Isolated,Explicit,f,,,,,,469,10
8301,9985,857.77184748174,Far,351.383497037988,North,North,Isolated,Explicit,f,,,,,,469,10
8301,6723,818.43102390416,Far,349.562750074555,North,North,Isolated,Explicit,f,,,,,,469,10
8301,9033,814.567462447812,Far,348.51550995993,North,North,Isolated,Explicit,f,,,,,,469,10
8301,11408,812.752953761514,Far,346.899272983942,North,North,Isolated,Explicit,f,,,,,,469,10
8301,10010,518.950006122743,Far,338.150722038056,North,North,Isolated,Explicit,f,,,,,,469,10
8301,12334,846.781110441318,Far,346.160449093994,North,North,Isolated,Explicit,f,,,,,,469,10
8301,11070,960.088931867742,Far,341.259506221002,North,North,Isolated,Explicit,f,,,,,,469,10
8301,6413,792.698841385439,Far,337.066356653383,Northwest,Northwest,Isolated,Explicit,t,,,,,,469,10
8301,9999,835.140660823058,Far,336.155245414509,Northwest,Northwest,Isolated,Explicit,t,,,,,,469,10
8301,12922,788.664522832391,Far,342.738581710622,North,North,Isolated,Explicit,f,,,,,,469,10
8301,10202,919.320478602681,Far,342.34698282383,North,North,Isolated,Explicit,f,,,,,,469,10
8301,8616,927.061552901928,Far,328.513281832633,Northwest,Northwest,Isolated,Explicit,f,,,,,,469,10
8301,10192,913.171833017466,Far,324.867464029412,Northwest,Northwest,Isolated,Explicit,f,,,,,,469,10
8328,9588,972.385612915283,Far,280.663478265085,West,West,Isolated,Explicit,f,,,,,,5,3
8328,9212,995.572455377898,Far,293.995064013192,Northwest,Northwest,Isolated,Explicit,f,,,,,,5,3
8328,9405,917.63501710874,Far,281.527055053199,West,West,Isolated,Explicit,f,,,,,,5,3
8328,8720,836.145111137566,Far,299.896143600501,Northwest,Northwest,Isolated,Explicit,f,,,,,,5,3
8368,9773,882.135461848502,Far,169.567992464963,South,South,Isolated,Explicit,f,,,,,,11,3
8368,9792,923.575993256722,Far,168.217174591347,South,South,Isolated,Explicit,f,,,,,,11,3
8368,9828,999.875837067512,Far,166.589018962468,South,South,Isolated,Explicit,f,,,,,,11,3
8368,9689,936.103319566129,Far,164.51758227161,South,South,Isolated,Explicit,f,,,,,,11,3
8368,9850,929.341594490328,Far,164.407564633907,South,South,Isolated,Explicit,f,,,,,,11,3
8368,9736,905.208417245883,Far,164.348935633658,South,South,Isolated,Explicit,f,,,,,,11,3
8368,9824,958.477309408685,Far,164.433559104246,South,South,Isolated,Explicit,f,,,,,,11,3
8368,9782,934.782375677176,Far,164.047657353472,South,South,Isolated,Explicit,f,,,,,,11,3
8368,9692,984.768458916282,Far,164.703961815881,South,South,Isolated,Explicit,f,,,,,,11,3
8368,9863,996.841510697189,Far,164.530855951977,South,South,Isolated,Explicit,f,,,,,,11,3
8368,9475,946.397697051962,Far,163.740822492676,South,South,Isolated,Explicit,f,,,,,,11,3
8377,10649,995.367968713146,Far,90.9426339374053,East,East,Isolated,Explicit,f,,,,,,28,3
8377,12221,981.075758469023,Far,88.8508189308043,East,East,Isolated,Explicit,t,,,,,,28,3
8377,5844,981.200415796466,Far,87.2418028884526,East,East,Isolated,Explicit,f,,,,,,28,3
8377,10803,966.977384088955,Far,89.3094867458131,East,East,Isolated,Explicit,t,,,,,,28,3
8377,5542,937.085266307345,Far,87.8224794058066,East,East,Isolated,Explicit,t,,,,,,28,3
8377,11346,979.463000579683,Far,118.145533153302,Southeast,Southeast,Isolated,Explicit,f,,,,,,28,3
8377,13481,904.302204822576,Far,87.9824588913601,East,East,Isolated,Explicit,t,,,,,,28,3
8377,10810,771.346329553343,Far,113.79458877855,Southeast,Southeast,Isolated,Explicit,f,,,,,,28,3
8377,8669,248.340781105575,Medium,124.748281184321,Southeast,Southeast,Isolated,Explicit,f,,,,,,28,3
8377,8413,998.925028504173,Far,48.5320278771307,Northeast,Northeast,Isolated,Explicit,f,,,,,,28,3
8377,11246,794.99316945583,Far,48.5892275692507,Northeast,Northeast,Isolated,Explicit,f,,,,,,28,3
8377,11671,775.608117724617,Far,57.7476346171722,Northeast,Northeast,Isolated,Explicit,f,,,,,,28,3
8377,9283,760.885673138656,Far,41.9460767143183,Northeast,Northeast,Isolated,Explicit,f,,,,,,28,3
8377,5278,742.010014209214,Far,42.7336514715974,Northeast,Northeast,Isolated,Explicit,t,,,,,,28,3
8377,11328,738.554544771389,Far,42.7444665220605,Northeast,Northeast,Isolated,Explicit,t,,,,,,28,3
8377,10871,820.767019116878,Far,43.2627687297127,Northeast,Northeast,Isolated,Explicit,t,,,,,,28,3
8377,10792,625.243790980022,Far,348.965795632318,North,North,Isolated,Explicit,f,,,,,,28,3
8377,10746,615.497286100618,Far,348.713850714195,North,North,Isolated,Explicit,f,,,,,,28,3
8377,13340,585.234327113581,Far,346.28886638327,North,North,Isolated,Explicit,f,,,,,,28,3
8377,11347,654.755863864167,Far,350.044012232983,North,North,Isolated,Explicit,f,,,,,,28,3
8377,10271,621.789638483145,Far,351.24645444243,North,North,Isolated,Explicit,f,,,,,,28,3
8384,8693,460.289210348472,Medium,175.156804675407,South,South,Isolated,Explicit,f,,,,,,7,3
8384,10382,826.619552899812,Far,188.220372243648,South,South,Isolated,Explicit,f,,,,,,7,3
8384,8619,594.48650521662,Far,191.023484405792,South,South,Isolated,Explicit,f,,,,,,7,3
8384,6462,946.821032259673,Far,184.370124324075,South,South,Isolated,Explicit,f,,,,,,7,3
8384,10769,851.287057987548,Far,181.716403191255,South,South,Isolated,Explicit,f,,,,,,7,3
8384,10950,853.372680727114,Far,181.638945767464,South,South,Isolated,Explicit,f,,,,,,7,3
8384,13009,975.641355861239,Far,197.303276143968,South,South,Isolated,Explicit,f,,,,,,7,3
8405,13427,315.950407676516,Medium,54.2207591269827,Northeast,Northeast,Isolated,Explicit,f,,,,,,3,3
8408,9250,976.460008303,Far,313.190634044749,Northwest,Northwest,Isolated,Explicit,t,,,,,,13,3
8408,9588,821.00827109369,Far,289.757170735116,West,West,Isolated,Explicit,f,,,,,,13,3
8408,9212,883.425035389582,Far,304.66374544426,Northwest,Northwest,Isolated,Explicit,f,,,,,,13,3
8408,9405,769.352793166934,Far,291.420100178997,West,West,Isolated,Explicit,t,,,,,,13,3
8408,8720,747.187933543594,Far,313.502931216875,Northwest,Northwest,Isolated,Explicit,t,,,,,,13,3
8408,8745,860.98258111035,Far,258.631075663547,West,West,Isolated,Explicit,f,,,,,,13,3
8408,8743,967.2806626609,Far,279.330782627282,West,West,Isolated,Explicit,f,,,,,,13,3
8408,8474,901.028998953559,Far,273.940945820065,West,West,Isolated,Explicit,f,,,,,,13,3
8408,8748,913.692843010934,Far,279.729795042051,West,West,Isolated,Explicit,f,,,,,,13,3
8408,10469,970.634763094652,Far,295.374521170094,Northwest,Northwest,Isolated,Explicit,f,,,,,,13,3
8425,9202,600.94218634616,Far,1.81688237720536,North,North,Isolated,Explicit,f,,,,,,5,3
8425,13534,663.288267051988,Far,355.183868451578,North,North,Isolated,Explicit,f,,,,,,5,3
8425,10239,675.156282213557,Far,354.326918772613,North,North,Isolated,Explicit,f,,,,,,5,3
8425,10895,675.156282213557,Far,354.326918772613,North,North,Isolated,Explicit,f,,,,,,5,3
8425,10367,670.7761033129,Far,353.315394247751,North,North,Isolated,Explicit,f,,,,,,5,3
8581,5391,866.124009781837,Far,331.676885035321,Northwest,Northwest,Isolated,Explicit,f,,,,,,2,3
8657,10386,675.838008633969,Far,222.493708384298,Southwest,Southwest,Isolated,Explicit,f,,,,,,84,4
8657,10958,665.681705800519,Far,224.369204690153,Southwest,Southwest,Isolated,Explicit,t,,,,,,84,4
8657,6718,756.897711369766,Far,205.065611014464,Southwest,Southwest,Isolated,Explicit,f,,,,,,84,4
8657,6935,823.000594480003,Far,205.285593652914,Southwest,Southwest,Isolated,Explicit,f,,,,,,84,4
8657,9145,774.207156664523,Far,205.826560400239,Southwest,Southwest,Isolated,Explicit,f,,,,,,84,4
8657,6622,581.010177956231,Far,219.624927456042,Southwest,Southwest,Isolated,Explicit,f,,,,,,84,4
8657,6861,634.445782471682,Far,222.019046065145,Southwest,Southwest,Isolated,Explicit,f,,,,,,84,4
8657,6639,609.945350096446,Far,222.043070537841,Southwest,Southwest,Isolated,Explicit,f,,,,,,84,4
8657,5850,900.221913117365,Far,206.754924809834,Southwest,Southwest,Isolated,Explicit,f,,,,,,84,4
8657,6661,872.656136376262,Far,205.944649509493,Southwest,Southwest,Isolated,Explicit,f,,,,,,84,4
8657,11193,573.353241399934,Far,204.968646878853,Southwest,Southwest,Isolated,Explicit,f,,,,,,84,4
8657,11130,434.47142283582,Medium,190.151101937361,South,South,Isolated,Explicit,f,,,,,,84,4
8657,10861,435.169419020759,Medium,188.343443693067,South,South,Isolated,Explicit,f,,,,,,84,4
8657,10351,824.481752018186,Far,190.033996673262,South,South,Isolated,Explicit,f,,,,,,84,4
8657,11368,429.097251057723,Medium,201.848323004337,South,South,Isolated,Explicit,t,,,,,,84,4
8657,10472,515.828960714263,Far,18.3476055009576,North,North,Isolated,Explicit,f,,,,,,84,4
8657,12984,299.210698500029,Medium,170.662431953796,South,South,Isolated,Explicit,f,,,,,,84,4
8657,7558,261.363795797157,Medium,167.523906793716,South,South,Isolated,Explicit,f,,,,,,84,4
8657,10667,375.70041746542,Medium,177.128503471672,South,South,Isolated,Explicit,f,,,,,,84,4
8657,12643,363.141726032635,Medium,173.960350706284,South,South,Isolated,Explicit,f,,,,,,84,4
8657,10678,382.801923862962,Medium,178.015236239103,South,South,Isolated,Explicit,t,,,,,,84,4
8657,13531,432.195351873374,Medium,179.988462395626,South,South,Isolated,Explicit,t,,,,,,84,4
8657,10606,384.86250824307,Medium,179.490741504397,South,South,Isolated,Explicit,t,,,,,,84,4
8657,8771,374.767978112213,Medium,182.517429493253,South,South,Isolated,Explicit,f,,,,,,84,4
8657,11125,452.223059521584,Medium,183.515446759261,South,South,Isolated,Explicit,f,,,,,,84,4
8657,10253,347.668609668684,Medium,183.520170974728,South,South,Isolated,Explicit,f,,,,,,84,4
8657,10599,461.539885955103,Medium,169.373222005737,South,South,Isolated,Explicit,f,,,,,,84,4
8657,10505,429.534907764425,Medium,165.425522395557,South,South,Isolated,Explicit,f,,,,,,84,4
8657,5563,232.769025251949,Medium,145.277365986248,Southeast,Southeast,Isolated,Explicit,f,,,,,,84,4
8657,11181,337.035664851582,Medium,115.013758731648,Southeast,Southeast,Isolated,Explicit,f,,,,,,84,4
8657,10954,363.053876637628,Medium,133.456915597876,Southeast,Southeast,Isolated,Explicit,t,,,,,,84,4
8657,6650,355.534783974825,Medium,133.499437297917,Southeast,Southeast,Isolated,Explicit,t,,,,,,84,4
8657,12641,350.629847191506,Medium,139.178519959323,Southeast,Southeast,Isolated,Explicit,f,,,,,,84,4
8657,8100,295.286740302312,Medium,127.43669993081,Southeast,Southeast,Isolated,Explicit,f,,,,,,84,4
8657,9734,250.800757554163,Medium,97.0445900137608,East,East,Isolated,Explicit,f,,,,,,84,4
8657,11579,477.044571777764,Medium,107.754324561627,East,East,Isolated,Explicit,f,,,,,,84,4
8657,10745,826.769950192446,Far,147.206614320832,Southeast,Southeast,Isolated,Explicit,f,,,,,,84,4
8657,7107,447.35235637404,Medium,108.263815820691,East,East,Isolated,Explicit,f,,,,,,84,4
8657,6015,420.150618497559,Medium,112.646316197059,Southeast,Southeast,Isolated,Explicit,f,,,,,,84,4
8657,13399,455.670939448029,Medium,124.827769131109,Southeast,Southeast,Isolated,Explicit,f,,,,,,84,4
8657,9278,398.486111951778,Medium,115.739871492654,Southeast,Southeast,Isolated,Explicit,f,,,,,,84,4
8657,6828,497.484335432498,Medium,102.228483965227,East,East,Isolated,Explicit,f,,,,,,84,4
8657,6960,507.596338080698,Far,103.575835780018,East,East,Isolated,Explicit,f,,,,,,84,4
8657,9299,940.758541439562,Far,146.438536705349,Southeast,Southeast,Isolated,Explicit,f,,,,,,84,4
8657,6922,541.254328387348,Far,99.377630898085,East,East,Isolated,Explicit,f,,,,,,84,4
8657,6995,562.033083422203,Far,97.5469039597745,East,East,Isolated,Explicit,f,,,,,,84,4
8657,6556,568.48110470938,Far,95.9763506953506,East,East,Isolated,Explicit,f,,,,,,84,4
8657,8994,575.326222322918,Far,96.6826370867209,East,East,Isolated,Explicit,f,,,,,,84,4
8657,5497,585.628287599129,Far,95.818289417029,East,East,Isolated,Explicit,f,,,,,,84,4
8657,7327,610.711419137258,Far,92.2600657459871,East,East,Isolated,Explicit,f,,,,,,84,4
8657,6824,617.29936484016,Far,91.9988872257601,East,East,Isolated,Explicit,f,,,,,,84,4
8657,9300,618.148960299749,Far,91.4829773841538,East,East,Isolated,Explicit,f,,,,,,84,4
8657,5328,682.040250900402,Far,63.7853342992873,Northeast,Northeast,Isolated,Explicit,f,,,,,,84,4
8657,5856,634.282507903864,Far,89.2835789442612,East,East,Isolated,Explicit,t,,,,,,84,4
8657,6809,637.050620294344,Far,90.4292096449341,East,East,Isolated,Explicit,f,,,,,,84,4
8657,5523,654.777412946099,Far,86.7877821496936,East,East,Isolated,Explicit,f,,,,,,84,4
8657,11564,748.232782593176,Far,62.7616013053644,Northeast,Northeast,Isolated,Explicit,f,,,,,,84,4
8657,9373,702.402947624431,Far,73.000433210563,East,East,Isolated,Explicit,f,,,,,,84,4
8657,9172,565.756600094153,Far,88.8664959750629,East,East,Isolated,Explicit,t,,,,,,84,4
8657,13311,728.94818437805,Far,80.6691035450659,East,East,Isolated,Explicit,f,,,,,,84,4
8657,9469,740.547129467463,Far,78.5374553387193,East,East,Isolated,Explicit,f,,,,,,84,4
8657,5481,746.970444880449,Far,79.9153454339212,East,East,Isolated,Explicit,f,,,,,,84,4
8657,7343,787.221558463771,Far,78.2514223785172,East,East,Isolated,Explicit,f,,,,,,84,4
8657,7860,851.623676765263,Far,70.7360529224387,East,East,Isolated,Explicit,f,,,,,,84,4
8679,12179,917.572126137178,Far,195.471685843438,South,South,Isolated,Explicit,f,,,,,,13,3
8679,9326,943.301720417777,Far,334.474677860068,Northwest,Northwest,Isolated,Explicit,f,,,,,,13,3
8679,9362,873.355830726903,Far,337.881958735635,North,North,Isolated,Explicit,f,,,,,,13,3
8679,13352,897.109719457583,Far,345.339626543938,North,North,Isolated,Explicit,f,,,,,,13,3
8679,13378,507.537636508273,Far,177.696027862451,South,South,Isolated,Explicit,t,,,,,,13,3
8679,9072,31.8368096736531,VeryClose,289.862379298417,West,West,Isolated,Explicit,f,,,,,,13,3
8679,11051,960.552038902155,Far,120.009937562538,Southeast,Southeast,Isolated,Explicit,f,,,,,,13,3
8679,10718,929.35492479468,Far,121.912587977426,Southeast,Southeast,Isolated,Explicit,f,,,,,,13,3
8679,10223,920.178876940826,Far,121.194209266205,Southeast,Southeast,Isolated,Explicit,f,,,,,,13,3
8679,13512,909.830367336778,Far,122.489901455713,Southeast,Southeast,Isolated,Explicit,f,,,,,,13,3
8679,10988,992.421415116741,Far,120.042150144562,Southeast,Southeast,Isolated,Explicit,f,,,,,,13,3
8688,10446,250.884640834301,Medium,207.996033582509,Southwest,Southwest,Isolated,Explicit,f,,,,,,1,3
8689,8681,975.791361399133,Far,139.713488204171,Southeast,Southeast,Isolated,Explicit,f,,,,,,1,3
8707,8454,713.390361441698,Far,312.983690976942,Northwest,Northwest,Isolated,Explicit,t,,,,,,5,3
8707,10335,887.442408172346,Far,328.712343507687,Northwest,Northwest,Isolated,Explicit,f,,,,,,5,3
8707,10240,902.000627841369,Far,328.459538982673,Northwest,Northwest,Isolated,Explicit,f,,,,,,5,3
8712,13014,427.590338265993,Medium,83.0976672227449,East,East,Isolated,Explicit,f,,,,,,3,3
8715,13014,141.31212760303,Close,94.0681807246964,East,East,Isolated,Explicit,f,,,,,,3,3
9065,5185,901.833921629309,Far,59.4896550946721,Northeast,Northeast,Isolated,Explicit,f,,,,,,7,3
9065,5157,871.92830121113,Far,61.4245431305878,Northeast,Northeast,Isolated,Explicit,f,,,,,,7,3
9065,6096,772.953286091425,Far,56.7990911481522,Northeast,Northeast,Isolated,Explicit,f,,,,,,7,3
9065,5968,961.113482489028,Far,71.4545458761244,East,East,Isolated,Explicit,f,,,,,,7,3
9065,13021,961.113482489028,Far,71.4545458761244,East,East,Isolated,Explicit,f,,,,,,7,3
9065,5252,971.934012143648,Far,71.4916522518995,East,East,Isolated,Explicit,f,,,,,,7,3
9065,6672,960.179431705835,Far,73.6049580698353,East,East,Isolated,Explicit,f,,,,,,7,3
9077,13231,35.6423578543751,VeryClose,274.801614235321,West,West,Isolated,Explicit,f,,,,,,5,3
9077,6668,366.245631109831,Medium,321.836623580592,Northwest,Northwest,Isolated,Explicit,f,,,,,,5,3
9077,9190,476.276003430054,Medium,318.222240899183,Northwest,Northwest,Isolated,Explicit,f,,,,,,5,3
9131,9368,243.689384378001,Medium,335.817995171498,Northwest,Northwest,Isolated,Explicit,t,,,,,,7,3
9131,11774,307.13088250259,Medium,160.208725280283,South,South,Isolated,Explicit,f,,,,,,7,3
9162,9234,249.816527766797,Medium,171.359206589222,South,South,Isolated,Explicit,f,,,,,,2,3
9213,9380,906.44232570462,Far,165.125606859405,South,South,Isolated,Explicit,f,,,,,,4,3
9213,13530,937.424150567785,Far,166.225152656205,South,South,Isolated,Explicit,f,,,,,,4,3
9213,10903,910.839309004494,Far,21.103767554024,North,North,Isolated,Explicit,t,,,,,,4,3
9213,9329,415.529164680123,Medium,49.8233886508785,Northeast,Northeast,Isolated,Explicit,f,,,,,,4,3
9214,13351,977.723212577473,Far,117.166077319613,Southeast,Southeast,Isolated,Explicit,f,,,,,,50,4
9214,6673,947.654230668929,Far,115.720896432327,Southeast,Southeast,Isolated,Explicit,f,,,,,,50,4
9214,10846,883.823906743525,Far,119.882146329692,Southeast,Southeast,Isolated,Explicit,f,,,,,,50,4
9214,9114,846.557050784338,Far,122.362124056978,Southeast,Southeast,Isolated,Explicit,f,,,,,,50,4
9214,6832,828.682353810947,Far,120.995325829825,Southeast,Southeast,Isolated,Explicit,f,,,,,,50,4
9214,6866,850.432507815832,Far,121.522985783263,Southeast,Southeast,Isolated,Explicit,f,,,,,,50,4
9214,12547,774.644233013628,Far,130.320205627357,Southeast,Southeast,Isolated,Explicit,f,,,,,,50,4
9214,5757,769.590240037531,Far,128.900784581596,Southeast,Southeast,Isolated,Explicit,f,,,,,,50,4
9214,11085,749.654280191217,Far,121.5397008833,Southeast,Southeast,Isolated,Explicit,f,,,,,,50,4
9214,10437,808.760783634507,Far,123.562423277804,Southeast,Southeast,Isolated,Explicit,f,,,,,,50,4
9214,11199,678.019352623693,Far,131.607713197483,Southeast,Southeast,Isolated,Explicit,f,,,,,,50,4
9214,6482,609.981048238348,Far,144.843425807915,Southeast,Southeast,Isolated,Explicit,f,,,,,,50,4
9214,11379,544.784429967485,Far,129.531434657435,Southeast,Southeast,Isolated,Explicit,f,,,,,,50,4
9214,8894,563.979840548911,Far,145.866903455878,Southeast,Southeast,Isolated,Explicit,f,,,,,,50,4
9214,9366,354.139809982804,Medium,126.252425905075,Southeast,Southeast,Isolated,Explicit,f,,,,,,50,4
9214,12642,535.587699808767,Far,148.925070662221,Southeast,Southeast,Isolated,Explicit,f,,,,,,50,4
9214,12653,537.265491280509,Far,149.879639680001,Southeast,Southeast,Isolated,Explicit,f,,,,,,50,4
9214,6977,541.623221670333,Far,150.951595937561,Southeast,Southeast,Isolated,Explicit,f,,,,,,50,4
9214,11330,419.653280929285,Medium,155.432622585636,Southeast,Southeast,Isolated,Explicit,t,,,,,,50,4
9214,9237,634.286945759672,Far,162.862911025773,South,South,Isolated,Explicit,f,,,,,,50,4
9214,10749,793.415053578198,Far,166.571306358434,South,South,Isolated,Explicit,f,,,,,,50,4
9214,10827,412.28277214567,Medium,157.71034065455,South,South,Isolated,Explicit,f,,,,,,50,4
9214,9105,559.49380381392,Far,343.97335274512,North,North,Isolated,Explicit,f,,,,,,50,4
9214,11043,554.251247459839,Far,214.30257607791,Southwest,Southwest,Isolated,Explicit,f,,,,,,50,4
9214,10604,550.518576548343,Far,214.026813496998,Southwest,Southwest,Isolated,Explicit,f,,,,,,50,4
9214,5209,680.004834124421,Far,221.001945680346,Southwest,Southwest,Isolated,Explicit,f,,,,,,50,4
9214,10260,756.922016469386,Far,229.063457049952,Southwest,Southwest,Isolated,Explicit,f,,,,,,50,4
9214,9768,763.900646190519,Far,224.959256128368,Southwest,Southwest,Isolated,Explicit,t,,,,,,50,4
9214,10654,741.341535338902,Far,225.547299941028,Southwest,Southwest,Isolated,Explicit,f,,,,,,50,4
9214,10692,768.241104594018,Far,224.023640857979,Southwest,Southwest,Isolated,Explicit,t,,,,,,50,4
9214,10651,768.182737435946,Far,224.018988425618,Southwest,Southwest,Isolated,Explicit,t,,,,,,50,4
9214,7859,685.019424046695,Far,222.276894560984,Southwest,Southwest,Isolated,Explicit,f,,,,,,50,4
9214,5274,752.859606167375,Far,221.526789698043,Southwest,Southwest,Isolated,Explicit,f,,,,,,50,4
9287,10373,263.109611717218,Medium,23.9466017744531,Northeast,Northeast,Isolated,Explicit,f,,,,,,7,3
9287,9362,257.455085782429,Medium,146.302769862821,Southeast,Southeast,Isolated,Explicit,f,,,,,,7,3
9287,9312,257.963948115318,Medium,26.7707040689084,Northeast,Northeast,Isolated,Explicit,f,,,,,,7,3
9287,13352,289.797663903592,Medium,122.42330489687,Southeast,Southeast,Isolated,Explicit,f,,,,,,7,3
9303,9113,587.390646544572,Far,223.348811177074,Southwest,Southwest,Isolated,Explicit,t,,,,,,4,3
9303,9154,587.390646544572,Far,223.348811177074,Southwest,Southwest,Isolated,Explicit,t,,,,,,4,3
9303,12466,551.038605443997,Far,221.644436265627,Southwest,Southwest,Isolated,Explicit,f,,,,,,4,3
9330,10415,135.038582242513,Close,173.67020078884,South,South,Isolated,Explicit,f,,,,,,6,3
9330,9376,136.293869750306,Close,107.011223301809,East,East,Isolated,Explicit,f,,,,,,6,3
9330,9146,213.840227795582,Medium,138.723166445264,Southeast,Southeast,Isolated,Explicit,f,,,,,,6,3
9330,9363,185.226633888647,Close,106.198952603645,East,East,Isolated,Explicit,f,,,,,,6,3
9330,9274,301.920406196557,Medium,136.823674739313,Southeast,Southeast,Isolated,Explicit,f,,,,,,6,3
9334,10455,258.17815932118,Medium,183.637959190419,South,South,Isolated,Explicit,f,,,,,,1,3
9346,10894,728.163398019188,Far,346.28485215687,North,North,Isolated,Explicit,f,,,,,,2,3
9403,10386,403.346947889722,Medium,20.7310833697037,North,North,Isolated,Explicit,t,,,,,,43,3
9403,10958,421.504765362352,Medium,18.5099882558896,North,North,Isolated,Explicit,f,,,,,,43,3
9403,6718,337.230332156314,Medium,55.7189891766712,Northeast,Northeast,Isolated,Explicit,f,,,,,,43,3
9403,6935,280.474658072789,Medium,62.0607131333721,Northeast,Northeast,Isolated,Explicit,f,,,,,,43,3
9403,9145,317.156117284893,Medium,55.7090569108798,Northeast,Northeast,Isolated,Explicit,f,,,,,,43,3
9403,6622,485.343686497906,Medium,28.1221225681579,Northeast,Northeast,Isolated,Explicit,f,,,,,,43,3
9403,6861,440.325814718797,Medium,23.3651583739386,Northeast,Northeast,Isolated,Explicit,f,,,,,,43,3
9403,6639,463.683236929411,Medium,24.3035870940558,Northeast,Northeast,Isolated,Explicit,f,,,,,,43,3
9403,6661,235.734472312582,Medium,67.3309309336946,Northeast,Northeast,Isolated,Explicit,t,,,,,,43,3
9403,11193,504.225926134147,Far,45.1199682503723,Northeast,Northeast,Isolated,Explicit,f,,,,,,43,3
9403,11130,688.376731793692,Far,49.4095284166467,Northeast,Northeast,Isolated,Explicit,f,,,,,,43,3
9403,10861,696.776541695653,Far,50.3086310887645,Northeast,Northeast,Isolated,Explicit,f,,,,,,43,3
9403,10351,460.090638221548,Medium,82.0429928465975,East,East,Isolated,Explicit,f,,,,,,43,3
9403,11368,648.899057449897,Far,42.6479318758734,Northeast,Northeast,Isolated,Explicit,t,,,,,,43,3
9403,12984,869.763165985059,Far,48.1478546312604,Northeast,Northeast,Isolated,Explicit,f,,,,,,43,3
9403,7558,902.717854581989,Far,46.5892456794895,Northeast,Northeast,Isolated,Explicit,f,,,,,,43,3
9403,10667,795.249559864285,Far,51.0124383247753,Northeast,Northeast,Isolated,Explicit,f,,,,,,43,3
9403,12643,819.192711270784,Far,51.098879193189,Northeast,Northeast,Isolated,Explicit,f,,,,,,43,3
9403,10678,786.308206588098,Far,51.1733213451736,Northeast,Northeast,Isolated,Explicit,f,,,,,,43,3
9403,13531,745.555590168674,Far,53.5102786222206,Northeast,Northeast,Isolated,Explicit,f,,,,,,43,3
9403,10606,777.23066438575,Far,50.8493140969513,Northeast,Northeast,Isolated,Explicit,f,,,,,,43,3
9403,8771,768.682070923649,Far,49.309965582665,Northeast,Northeast,Isolated,Explicit,f,,,,,,43,3
9403,11125,711.789190547703,Far,53.4197759574475,Northeast,Northeast,Isolated,Explicit,f,,,,,,43,3
9403,10253,783.203654557675,Far,47.5571358268859,Northeast,Northeast,Isolated,Explicit,f,,,,,,43,3
9403,10599,804.033001312289,Far,58.3468424380651,Northeast,Northeast,Isolated,Explicit,f,,,,,,43,3
9403,10505,843.726862651278,Far,56.973953301179,Northeast,Northeast,Isolated,Explicit,f,,,,,,43,3
9407,8750,92.9163950351595,Close,194.561549871975,South,South,Isolated,Explicit,f,,,,,,6,3
9407,11540,914.585805343103,Far,74.8236681037834,East,East,Isolated,Explicit,f,,,,,,6,3
9407,13322,950.804383919793,Far,68.3585768022738,East,East,Isolated,Explicit,f,,,,,,6,3
9407,13235,673.4905305391,Far,109.27451913051,East,East,Isolated,Explicit,f,,,,,,6,3
9407,10295,667.030242970069,Far,106.376825458271,East,East,Isolated,Explicit,f,,,,,,6,3
9407,11695,644.135827489588,Far,110.29498366494,East,East,Isolated,Explicit,t,,,,,,6,3
9408,7860,961.823543522918,Far,218.093413401757,Southwest,Southwest,Isolated,Explicit,f,,,,,,16,3
9408,12179,545.925120062377,Far,205.954883281017,Southwest,Southwest,Isolated,Explicit,f,,,,,,16,3
9408,9072,404.993651881363,Medium,356.588372176834,North,North,Isolated,Explicit,f,,,,,,16,3
9408,10999,258.248354730743,Medium,359.728650674153,North,North,Isolated,Explicit,t,,,,,,16,3
9408,11051,842.123323289623,Far,95.9271779135302,East,East,Isolated,Explicit,f,,,,,,16,3
9408,10718,800.727869255259,Far,97.0170825861034,East,East,Isolated,Explicit,f,,,,,,16,3
9408,10223,797.324827784909,Far,95.985249271092,East,East,Isolated,Explicit,f,,,,,,16,3
9408,13512,779.116585995931,Far,97.0227355363223,East,East,Isolated,Explicit,f,,,,,,16,3
9408,10988,871.095703653017,Far,96.8160758799492,East,East,Isolated,Explicit,f,,,,,,16,3
9429,8612,502.899032642103,Far,138.435785944679,Southeast,Southeast,Isolated,Explicit,f,,,,,,5,3
9429,11826,492.758095562764,Medium,25.1904496073212,Northeast,Northeast,Isolated,Explicit,f,,,,,,5,3
9429,7682,316.172405443536,Medium,12.5457029462925,North,North,Isolated,Explicit,f,,,,,,5,3
9429,8680,350.583836572118,Medium,10.7574995470007,North,North,Isolated,Explicit,f,,,,,,5,3
9451,320,948.711794146987,Far,137.355845626806,Southeast,Southeast,Isolated,Explicit,f,,,,,,95,4
9451,7785,922.641648603967,Far,25.1599903308664,Northeast,Northeast,Isolated,Explicit,f,,,,,,95,4
9451,12206,840.360684180494,Far,27.1728083900758,Northeast,Northeast,Isolated,Explicit,f,,,,,,95,4
9451,9942,852.121280050687,Far,20.734923017182,North,North,Isolated,Explicit,t,,,,,,95,4
9451,505,802.875830487122,Far,171.695262711783,South,South,Isolated,Explicit,f,,,,,,95,4
9451,9642,109.316040978677,Close,133.601677654703,Southeast,Southeast,Isolated,Explicit,t,,,,,,95,4
9451,7628,593.66787896704,Far,10.6734090904145,North,North,Isolated,Explicit,f,,,,,,95,4
9451,9988,910.923297601093,Far,6.91900724438919,North,North,Isolated,Explicit,f,,,,,,95,4
9451,10589,787.772600830873,Far,5.63791075197614,North,North,Isolated,Explicit,f,,,,,,95,4
9451,10655,803.73116058236,Far,5.47586278287312,North,North,Isolated,Explicit,f,,,,,,95,4
9451,10294,801.535624382532,Far,5.40953948250257,North,North,Isolated,Explicit,f,,,,,,95,4
9451,10669,789.273069686804,Far,5.3041367826025,North,North,Isolated,Explicit,f,,,,,,95,4
9451,12115,553.588381018011,Far,8.75550916165461,North,North,Isolated,Explicit,f,,,,,,95,4
9451,10626,791.992830115684,Far,4.83466442037027,North,North,Isolated,Explicit,f,,,,,,95,4
9451,10672,790.49706558547,Far,4.78678497245099,North,North,Isolated,Explicit,f,,,,,,95,4
9451,10619,788.932133587607,Far,4.88861370051644,North,North,Isolated,Explicit,f,,,,,,95,4
9451,12137,993.747892013358,Far,6.28896220757316,North,North,Isolated,Explicit,f,,,,,,95,4
9451,8818,990.696763107662,Far,11.5745834612917,North,North,Isolated,Explicit,f,,,,,,95,4
9451,12361,983.281453310055,Far,17.8163086987674,North,North,Isolated,Explicit,f,,,,,,95,4
9451,11813,864.09113532425,Far,326.430395451145,Northwest,Northwest,Isolated,Explicit,f,,,,,,95,4
9451,12524,897.564502904945,Far,322.80622782354,Northwest,Northwest,Isolated,Explicit,f,,,,,,95,4
9451,12129,919.355784454025,Far,322.624509509403,Northwest,Northwest,Isolated,Explicit,f,,,,,,95,4
9451,11985,837.04321919906,Far,315.985385349463,Northwest,Northwest,Isolated,Explicit,f,,,,,,95,4
9451,12296,837.04321919906,Far,315.985385349463,Northwest,Northwest,Isolated,Explicit,f,,,,,,95,4
9451,9316,923.541276257253,Far,319.376006104361,Northwest,Northwest,Isolated,Explicit,f,,,,,,95,4
9451,8418,712.605835176079,Far,275.457219637327,West,West,Isolated,Explicit,f,,,,,,95,4
9451,7821,873.074606149726,Far,305.571397179878,Northwest,Northwest,Isolated,Explicit,f,,,,,,95,4
9451,12493,957.69429605662,Far,312.590899857612,Northwest,Northwest,Isolated,Explicit,t,,,,,,95,4
9451,12009,959.294416924341,Far,313.392801481902,Northwest,Northwest,Isolated,Explicit,t,,,,,,95,4
9451,12188,938.633208527989,Far,312.671737757779,Northwest,Northwest,Isolated,Explicit,t,,,,,,95,4
9451,12042,984.637308094209,Far,313.709697958363,Northwest,Northwest,Isolated,Explicit,t,,,,,,95,4
9451,9568,954.009510560386,Far,259.147176011209,West,West,Isolated,Explicit,f,,,,,,95,4
9451,10475,407.653973093307,Medium,290.752024360283,West,West,Isolated,Explicit,t,,,,,,95,4
9451,9876,912.16618889031,Far,336.711159272947,Northwest,Northwest,Isolated,Explicit,t,,,,,,95,4
9451,13500,782.839472518755,Far,339.389891157081,North,North,Isolated,Explicit,f,,,,,,95,4
9451,10682,966.439341550761,Far,343.998540082994,North,North,Isolated,Explicit,f,,,,,,95,4
9451,12327,780.298427899628,Far,340.224551995824,North,North,Isolated,Explicit,f,,,,,,95,4
9451,11094,917.556112041811,Far,343.333954300235,North,North,Isolated,Explicit,f,,,,,,95,4
9451,7747,957.230603418356,Far,344.410902251135,North,North,Isolated,Explicit,f,,,,,,95,4
9451,11073,915.004474881268,Far,343.687785686585,North,North,Isolated,Explicit,f,,,,,,95,4
9451,12087,610.239058980687,Far,338.731787694277,North,North,Isolated,Explicit,f,,,,,,95,4
9451,11029,666.47008194436,Far,340.045639879476,North,North,Isolated,Explicit,f,,,,,,95,4
9451,8175,946.636421929008,Far,345.997532197973,North,North,Isolated,Explicit,f,,,,,,95,4
9451,7718,916.230858591233,Far,346.055716497459,North,North,Isolated,Explicit,f,,,,,,95,4
9451,12131,808.256996815268,Far,345.19297416517,North,North,Isolated,Explicit,f,,,,,,95,4
9451,8245,689.556049808156,Far,342.565396363478,North,North,Isolated,Explicit,f,,,,,,95,4
9451,12089,933.168974035595,Far,347.702476553798,North,North,Isolated,Explicit,f,,,,,,95,4
9451,8844,888.188223427806,Far,347.41845606724,North,North,Isolated,Explicit,f,,,,,,95,4
9451,7591,888.599623743021,Far,347.368013548186,North,North,Isolated,Explicit,f,,,,,,95,4
9451,9054,923.912089567789,Far,349.50214752274,North,North,Isolated,Explicit,f,,,,,,95,4
9451,12883,721.225947674128,Far,348.495969005801,North,North,Isolated,Explicit,f,,,,,,95,4
9451,12602,799.397989918429,Far,353.219749767694,North,North,Isolated,Explicit,f,,,,,,95,4
9451,6176,773.597786743205,Far,355.637492037364,North,North,Isolated,Explicit,f,,,,,,95,4
9451,6410,774.298895147379,Far,355.902411916577,North,North,Isolated,Explicit,f,,,,,,95,4
9451,9868,881.503246178766,Far,356.928474401755,North,North,Isolated,Explicit,f,,,,,,95,4
9451,12109,918.744794835151,Far,357.055026889583,North,North,Isolated,Explicit,f,,,,,,95,4
9451,12587,770.705022136782,Far,356.830723102033,North,North,Isolated,Explicit,f,,,,,,95,4
9451,9899,663.903311854731,Far,356.18316792546,North,North,Isolated,Explicit,f,,,,,,95,4
9451,12794,739.423357649868,Far,357.137106899361,North,North,Isolated,Explicit,f,,,,,,95,4
9451,11277,850.642756555299,Far,358.296261780896,North,North,Isolated,Explicit,t,,,,,,95,4
9451,7755,724.022764948224,Far,357.525015683252,North,North,Isolated,Explicit,t,,,,,,95,4
9451,5885,789.267312845987,Far,0.908160680049099,North,North,Isolated,Explicit,f,,,,,,95,4
9451,5394,811.826862438336,Far,1.15846424017209,North,North,Isolated,Explicit,f,,,,,,95,4
9451,6931,788.086458593956,Far,1.24452567164295,North,North,Isolated,Explicit,f,,,,,,95,4
9451,11176,803.361460276213,Far,3.75318340303909,North,North,Isolated,Explicit,f,,,,,,95,4
9451,11180,806.227020964878,Far,3.41920236447359,North,North,Isolated,Explicit,f,,,,,,95,4
9451,11891,947.432253728902,Far,358.078551892993,North,North,Isolated,Explicit,t,,,,,,95,4
9451,6242,966.938905244921,Far,347.982826353516,North,North,Isolated,Explicit,f,,,,,,95,4
9455,323,949.457224447382,Far,149.070192143715,Southeast,Southeast,Isolated,Explicit,f,,,,,,11,3
9455,320,93.6503722641968,Close,142.673741024754,Southeast,Southeast,Isolated,Explicit,f,,,,,,11,3
9455,463,812.969118712281,Far,217.67852154575,Southwest,Southwest,Isolated,Explicit,f,,,,,,11,3
9455,486,902.038671157897,Far,210.014378424487,Southwest,Southwest,Isolated,Explicit,f,,,,,,11,3
9455,505,500.118140485118,Far,249.996618042301,West,West,Isolated,Explicit,f,,,,,,11,3
9455,9642,746.384597380342,Far,317.239001020037,Northwest,Northwest,Isolated,Explicit,f,,,,,,11,3
9455,443,991.829427882175,Far,129.160536008519,Southeast,Southeast,Isolated,Explicit,f,,,,,,11,3
9455,276,877.407187829374,Far,137.843816556094,Southeast,Southeast,Isolated,Explicit,f,,,,,,11,3
9455,262,984.431733517572,Far,145.232501551445,Southeast,Southeast,Isolated,Explicit,f,,,,,,11,3
9455,271,750.82928458671,Far,132.843633607944,Southeast,Southeast,Isolated,Explicit,t,,,,,,11,3
9455,10992,875.101392426197,Far,302.184447623611,Northwest,Northwest,Isolated,Explicit,f,,,,,,11,3
9456,9113,589.75240789537,Far,207.048781823104,Southwest,Southwest,Isolated,Explicit,f,,,,,,4,3
9456,9154,589.75240789537,Far,207.048781823104,Southwest,Southwest,Isolated,Explicit,f,,,,,,4,3
9456,12466,559.83164818746,Far,204.386680303762,Southwest,Southwest,Isolated,Explicit,f,,,,,,4,3
9460,9462,91.1685232527299,Close,112.699408929753,Southeast,Southeast,Isolated,Explicit,f,,,,,,1,3
9461,12881,781.10788662165,Far,115.458881113017,Southeast,Southeast,Isolated,Explicit,f,,,,,,31,3
9461,5795,932.636001931835,Far,129.074725932371,Southeast,Southeast,Isolated,Explicit,f,,,,,,31,3
9461,6473,931.930558260381,Far,128.545355340408,Southeast,Southeast,Isolated,Explicit,f,,,,,,31,3
9461,10761,881.966927047522,Far,73.2537947702712,East,East,Isolated,Explicit,f,,,,,,31,3
9461,10301,894.810414306808,Far,74.3141370458145,East,East,Isolated,Explicit,f,,,,,,31,3
9461,10840,909.761491075376,Far,74.0227139646547,East,East,Isolated,Explicit,f,,,,,,31,3
9461,11104,908.514100007189,Far,73.9479527920748,East,East,Isolated,Explicit,f,,,,,,31,3
9461,6667,982.898047539445,Far,73.4020108902871,East,East,Isolated,Explicit,f,,,,,,31,3
9461,11594,892.683337590644,Far,135.418319306187,Southeast,Southeast,Isolated,Explicit,f,,,,,,31,3
9461,12870,281.370624505466,Medium,120.76089498519,Southeast,Southeast,Isolated,Explicit,f,,,,,,31,3
9461,10854,46.9705349286752,VeryClose,299.419578213372,Northwest,Northwest,Isolated,Explicit,f,,,,,,31,3
9461,11895,353.325550356397,Medium,261.959811190914,West,West,Isolated,Explicit,f,,,,,,31,3
9461,10492,711.48062866553,Far,253.196368180867,West,West,Isolated,Explicit,f,,,,,,31,3
9461,10841,717.104634441883,Far,252.836044161533,West,West,Isolated,Explicit,f,,,,,,31,3
9461,10985,732.831291983634,Far,249.53469874595,West,West,Isolated,Explicit,f,,,,,,31,3
9461,11111,734.409271876207,Far,252.480991763924,West,West,Isolated,Explicit,f,,,,,,31,3
9461,13330,760.667962520021,Far,247.309616108752,Southwest,Southwest,Isolated,Explicit,t,,,,,,31,3
9478,9686,724.405908528714,Far,266.555030009497,West,West,Isolated,Explicit,f,,,,,,5,3
9478,7861,999.367782993977,Far,225.124379073232,Southwest,Southwest,Isolated,Explicit,f,,,,,,5,3
9478,6555,990.426208075092,Far,224.107126474828,Southwest,Southwest,Isolated,Explicit,t,,,,,,5,3
9478,12742,665.532938214378,Far,129.576945336888,Southeast,Southeast,Isolated,Explicit,f,,,,,,5,3
9478,9713,393.169619924666,Medium,107.084812034647,East,East,Isolated,Explicit,f,,,,,,5,3
9483,9658,170.741418263318,Close,271.118285731163,West,West,Isolated,Explicit,f,,,,,,5,3
9483,9484,43.5175914654004,VeryClose,181.581557735143,South,South,Isolated,Explicit,f,,,,,,5,3
9483,13035,602.217223179178,Far,86.1753547965529,East,East,Isolated,Explicit,f,,,,,,5,3
9493,8750,500.04962560832,Far,223.267450382989,Southwest,Southwest,Isolated,Explicit,t,,,,,,7,3
9493,6110,582.978634922608,Far,51.8970391259412,Northeast,Northeast,Isolated,Explicit,f,,,,,,7,3
9493,11540,564.385152712501,Far,93.530587616892,East,East,Isolated,Explicit,f,,,,,,7,3
9493,13322,569.563423292872,Far,82.2843332585562,East,East,Isolated,Explicit,f,,,,,,7,3
9493,13235,588.727352848573,Far,147.495202081745,Southeast,Southeast,Isolated,Explicit,f,,,,,,7,3
9493,10295,562.548532544255,Far,145.257272178407,Southeast,Southeast,Isolated,Explicit,f,,,,,,7,3
9493,11695,573.32988286598,Far,150.218191514475,Southeast,Southeast,Isolated,Explicit,f,,,,,,7,3
9494,9685,963.284021520315,Far,156.675216573635,Southeast,Southeast,Isolated,Explicit,t,,,,,,10,3
9494,8394,919.088891942588,Far,159.329584219022,South,South,Isolated,Explicit,f,,,,,,10,3
9494,8464,981.027563060872,Far,160.864100362998,South,South,Isolated,Explicit,f,,,,,,10,3
9494,7680,596.774312618842,Far,87.9095263506677,East,East,Isolated,Explicit,t,,,,,,10,3
9494,9374,918.266102549276,Far,209.159972259724,Southwest,Southwest,Isolated,Explicit,f,,,,,,10,3
9494,11334,643.681368741356,Far,229.962551867387,Southwest,Southwest,Isolated,Explicit,f,,,,,,10,3
9494,13390,640.664573916614,Far,231.688384141974,Southwest,Southwest,Isolated,Explicit,f,,,,,,10,3
9494,13152,938.445237773757,Far,218.318383005313,Southwest,Southwest,Isolated,Explicit,f,,,,,,10,3
9494,13407,950.709697146749,Far,217.190514795126,Southwest,Southwest,Isolated,Explicit,f,,,,,,10,3
9494,9126,729.969470047354,Far,232.864820165948,Southwest,Southwest,Isolated,Explicit,f,,,,,,10,3
9498,10387,923.876392641266,Far,279.52040466829,West,West,Isolated,Explicit,f,,,,,,4,3
9498,8708,764.038523192419,Far,265.952937864338,West,West,Isolated,Explicit,f,,,,,,4,3
9498,9565,762.040636115716,Far,265.229223516092,West,West,Isolated,Explicit,f,,,,,,4,3
9498,13460,762.391702055742,Far,281.056266755038,West,West,Isolated,Explicit,f,,,,,,4,3
9514,9594,296.089473276162,Medium,309.630672312832,Northwest,Northwest,Isolated,Explicit,f,,,,,,17,3
9514,9586,223.287473327909,Medium,298.205567305624,Northwest,Northwest,Isolated,Explicit,f,,,,,,17,3
9514,11978,308.997985800278,Medium,315.777871712682,Northwest,Northwest,Isolated,Explicit,f,,,,,,17,3
9514,13364,729.936772592279,Far,341.101382801046,North,North,Isolated,Explicit,f,,,,,,17,3
9514,5518,489.237620140079,Medium,321.788649218884,Northwest,Northwest,Isolated,Explicit,f,,,,,,17,3
9514,8441,463.173733205692,Medium,322.130807873021,Northwest,Northwest,Isolated,Explicit,f,,,,,,17,3
9514,13011,458.544947995289,Medium,312.062760694945,Northwest,Northwest,Isolated,Explicit,f,,,,,,17,3
9514,5595,618.998818448953,Far,327.11728118223,Northwest,Northwest,Isolated,Explicit,f,,,,,,17,3
9514,9546,471.508176206108,Medium,275.506873368778,West,West,Isolated,Explicit,f,,,,,,17,3
9514,10898,562.180616912094,Far,258.603881244226,West,West,Isolated,Explicit,f,,,,,,17,3
9514,10333,546.050989677124,Far,257.857251174985,West,West,Isolated,Explicit,f,,,,,,17,3
9514,11689,667.568301284202,Far,261.733262712863,West,West,Isolated,Explicit,f,,,,,,17,3
9514,12783,892.25405289663,Far,268.966723163017,West,West,Isolated,Explicit,t,,,,,,17,3
9514,11648,914.691449687681,Far,345.334734734251,North,North,Isolated,Explicit,f,,,,,,17,3
9514,8315,937.865577331446,Far,346.328743082138,North,North,Isolated,Explicit,f,,,,,,17,3
9514,9219,954.721566765708,Far,346.733480696915,North,North,Isolated,Explicit,f,,,,,,17,3
9515,9250,472.900704900796,Medium,122.19741706253,Southeast,Southeast,Isolated,Explicit,f,,,,,,16,3
9515,9588,726.878663929439,Far,152.163493793237,Southeast,Southeast,Isolated,Explicit,f,,,,,,16,3
9515,9212,568.489562085251,Far,137.307230810947,Southeast,Southeast,Isolated,Explicit,f,,,,,,16,3
9515,9405,751.971180008467,Far,148.233412972213,Southeast,Southeast,Isolated,Explicit,f,,,,,,16,3
9515,8720,699.881380865598,Far,125.451233264598,Southeast,Southeast,Isolated,Explicit,f,,,,,,16,3
9515,9819,848.68387725775,Far,55.7865512662317,Northeast,Northeast,Isolated,Explicit,f,,,,,,16,3
9515,8392,307.69759436817,Medium,346.986800242051,North,North,Isolated,Explicit,f,,,,,,16,3
9515,12020,246.261559811148,Medium,344.547140484688,North,North,Isolated,Explicit,f,,,,,,16,3
9515,12533,236.593477658857,Medium,350.317269365096,North,North,Isolated,Explicit,f,,,,,,16,3
9515,8743,779.56618926787,Far,168.335557732382,South,South,Isolated,Explicit,f,,,,,,16,3
9515,8474,884.4498201191,Far,166.051506026773,South,South,Isolated,Explicit,f,,,,,,16,3
9515,8748,794.558724868423,Far,164.559253570352,South,South,Isolated,Explicit,f,,,,,,16,3
9515,10469,556.451250976631,Far,155.007438994149,Southeast,Southeast,Isolated,Explicit,t,,,,,,16,3
9521,6110,517.96744116836,Far,135.235380663502,Southeast,Southeast,Isolated,Explicit,f,,,,,,3,3
9521,11540,895.151047946738,Far,148.379685501748,Southeast,Southeast,Isolated,Explicit,f,,,,,,3,3
9521,13322,803.200477198576,Far,144.149724146653,Southeast,Southeast,Isolated,Explicit,f,,,,,,3,3
9527,9857,742.933095306241,Far,359.154866748685,North,North,Isolated,Explicit,t,,,,,,1,3
9531,6085,344.303233468942,Medium,218.672718755357,Southwest,Southwest,Isolated,Explicit,f,,,,,,12,3
9531,11872,368.23079061321,Medium,196.468431080225,South,South,Isolated,Explicit,f,,,,,,12,3
9531,7680,906.008139253069,Far,16.3478524042492,North,North,Isolated,Explicit,f,,,,,,12,3
9531,9374,790.113568180551,Far,273.317448468719,West,West,Isolated,Explicit,f,,,,,,12,3
9531,11334,940.11448620259,Far,297.461577912042,Northwest,Northwest,Isolated,Explicit,f,,,,,,12,3
9531,13390,956.731677532296,Far,298.0867951045,Northwest,Northwest,Isolated,Explicit,f,,,,,,12,3
9531,13152,929.917489096958,Far,276.875765866512,West,West,Isolated,Explicit,f,,,,,,12,3
9531,13407,920.472194987828,Far,275.626497707919,West,West,Isolated,Explicit,f,,,,,,12,3
9531,9301,988.085697538508,Far,265.216623376482,West,West,Isolated,Explicit,f,,,,,,12,3
9534,8762,734.687039422536,Far,188.000476276594,South,South,Isolated,Explicit,f,,,,,,3,3
9535,10427,955.921977405136,Far,46.4864616963016,Northeast,Northeast,Isolated,Explicit,f,,,,,,4,3
9535,6502,983.553451688333,Far,48.7346700502636,Northeast,Northeast,Isolated,Explicit,f,,,,,,4,3
9535,13449,966.41286039099,Far,49.8117970078406,Northeast,Northeast,Isolated,Explicit,f,,,,,,4,3
9537,11668,38.2036227688118,VeryClose,8.49167552791901,North,North,Isolated,Explicit,f,,,,,,6,3
9549,11240,844.569208001229,Far,67.6856007320655,East,East,Isolated,Explicit,f,,,,,,5,3
9549,12542,422.445947680292,Medium,77.4596222166553,East,East,Isolated,Explicit,f,,,,,,5,3
9558,11568,232.440421150708,Medium,266.273085988705,West,West,Isolated,Explicit,f,,,,,,20,3
9558,13362,300.084564575586,Medium,254.578878300165,West,West,Isolated,Explicit,f,,,,,,20,3
9558,8458,567.789592313046,Far,236.636607949589,Southwest,Southwest,Isolated,Explicit,f,,,,,,20,3
9558,8703,577.902280167674,Far,235.526196743239,Southwest,Southwest,Isolated,Explicit,f,,,,,,20,3
9558,8431,588.736634951197,Far,234.583984467166,Southwest,Southwest,Isolated,Explicit,f,,,,,,20,3
9558,8462,578.296624257976,Far,234.812483915695,Southwest,Southwest,Isolated,Explicit,f,,,,,,20,3
9558,6988,434.272258779381,Medium,253.035649582856,West,West,Isolated,Explicit,f,,,,,,20,3
9558,8658,446.417921127705,Medium,263.497410925531,West,West,Isolated,Explicit,f,,,,,,20,3
9558,11721,777.956147897803,Far,253.405321376456,West,West,Isolated,Explicit,f,,,,,,20,3
9558,8734,818.692953914186,Far,250.13078937273,West,West,Isolated,Explicit,f,,,,,,20,3
9558,8729,719.313299329214,Far,247.52023206754,West,West,Isolated,Explicit,f,,,,,,20,3
9569,9704,311.192931807802,Medium,333.068117214453,Northwest,Northwest,Isolated,Explicit,f,,,,,,2,3
9569,11812,957.643841012429,Far,139.568609819082,Southeast,Southeast,Isolated,Explicit,f,,,,,,2,3
9573,11962,375.642902780171,Medium,260.358085281982,West,West,Isolated,Explicit,f,,,,,,2,3
9587,10783,610.830650636758,Far,258.271664181291,West,West,Isolated,Explicit,f,,,,,,7,3
9587,9538,679.331749903648,Far,261.301390617477,West,West,Isolated,Explicit,f,,,,,,7,3
9587,9719,829.335542651768,Far,70.7602357418217,East,East,Isolated,Explicit,f,,,,,,7,3
9587,12232,944.844278742344,Far,68.13018944976,East,East,Isolated,Explicit,f,,,,,,7,3
9587,13346,400.5016969708,Medium,88.4963264355567,East,East,Isolated,Explicit,t,,,,,,7,3
9593,9221,424.793316112819,Medium,135.751041982191,Southeast,Southeast,Isolated,Explicit,f,,,,,,33,3
9593,12501,421.666521923798,Medium,138.750622967563,Southeast,Southeast,Isolated,Explicit,f,,,,,,33,3
9593,8376,394.575786239218,Medium,134.946034745962,Southeast,Southeast,Isolated,Explicit,t,,,,,,33,3
9593,9256,435.324294577233,Medium,141.685898263836,Southeast,Southeast,Isolated,Explicit,f,,,,,,33,3
9593,9265,440.20986807206,Medium,143.410326875391,Southeast,Southeast,Isolated,Explicit,f,,,,,,33,3
9593,9350,369.428729682902,Medium,134.655614334376,Southeast,Southeast,Isolated,Explicit,t,,,,,,33,3
9593,9216,348.482365540266,Medium,131.443543750246,Southeast,Southeast,Isolated,Explicit,f,,,,,,33,3
9593,11877,38.1989183880494,VeryClose,87.7743730519771,East,East,Isolated,Explicit,t,,,,,,33,3
9593,12556,347.283659377463,Medium,139.185533702905,Southeast,Southeast,Isolated,Explicit,f,,,,,,33,3
9593,8700,347.314721577967,Medium,137.926022259208,Southeast,Southeast,Isolated,Explicit,f,,,,,,33,3
9593,8484,349.332945108669,Medium,137.463976165044,Southeast,Southeast,Isolated,Explicit,f,,,,,,33,3
9593,9118,382.079701566596,Medium,140.72737531607,Southeast,Southeast,Isolated,Explicit,f,,,,,,33,3
9593,9149,421.852311223921,Medium,147.354332969719,Southeast,Southeast,Isolated,Explicit,f,,,,,,33,3
9593,9356,360.981626067548,Medium,143.419365253978,Southeast,Southeast,Isolated,Explicit,f,,,,,,33,3
9593,7261,374.180874598543,Medium,148.560875315668,Southeast,Southeast,Isolated,Explicit,f,,,,,,33,3
9593,8440,467.159662801018,Medium,155.769035690867,Southeast,Southeast,Isolated,Explicit,t,,,,,,33,3
9593,8670,407.297231543244,Medium,152.190728938374,Southeast,Southeast,Isolated,Explicit,f,,,,,,33,3
9593,8687,332.512296972376,Medium,147.104516458636,Southeast,Southeast,Isolated,Explicit,f,,,,,,33,3
9612,9594,816.165432243263,Far,195.017359651003,South,South,Isolated,Explicit,f,,,,,,24,3
9612,9586,890.049137300807,Far,191.681680613156,South,South,Isolated,Explicit,f,,,,,,24,3
9612,11978,781.45566348826,Far,194.748956135451,South,South,Isolated,Explicit,f,,,,,,24,3
9612,13364,361.185835748193,Medium,217.496956221287,Southwest,Southwest,Isolated,Explicit,f,,,,,,24,3
9612,5518,658.15596585747,Far,205.762593495026,Southwest,Southwest,Isolated,Explicit,f,,,,,,24,3
9612,8441,667.565379786972,Far,203.64714546018,Southwest,Southwest,Isolated,Explicit,f,,,,,,24,3
9612,13011,744.124142001879,Far,205.800107372002,Southwest,Southwest,Isolated,Explicit,f,,,,,,24,3
9612,5595,557.878187053758,Far,214.93984152352,Southwest,Southwest,Isolated,Explicit,f,,,,,,24,3
9612,10082,847.743869189544,Far,245.820871441937,Southwest,Southwest,Isolated,Explicit,t,,,,,,24,3
9612,11673,956.911126263452,Far,243.33064999752,Southwest,Southwest,Isolated,Explicit,f,,,,,,24,3
9612,12881,816.937439439649,Far,14.8418301458734,North,North,Isolated,Explicit,f,,,,,,24,3
9612,5795,583.94319282088,Far,22.985672257272,Northeast,Northeast,Isolated,Explicit,f,,,,,,24,3
9612,6473,592.425052340437,Far,23.1471973781529,Northeast,Northeast,Isolated,Explicit,f,,,,,,24,3
9612,10844,773.334903782556,Far,30.6725766859924,Northeast,Northeast,Isolated,Explicit,f,,,,,,24,3
9612,12710,539.653978500351,Far,39.6587161805691,Northeast,Northeast,Isolated,Explicit,f,,,,,,24,3
9612,5430,780.410646246416,Far,34.401250881099,Northeast,Northeast,Isolated,Explicit,f,,,,,,24,3
9612,11594,506.754978265889,Far,14.9346225721067,North,North,Isolated,Explicit,f,,,,,,24,3
9612,11648,233.968586774197,Medium,246.777153317906,Southwest,Southwest,Isolated,Explicit,t,,,,,,24,3
9612,8355,315.174590130373,Medium,277.615175805517,West,West,Isolated,Explicit,f,,,,,,24,3
9636,5270,553.184854507808,Far,140.066759601605,Southeast,Southeast,Isolated,Explicit,f,,,,,,6,3
9636,12521,252.787661562938,Medium,168.671420216026,South,South,Isolated,Explicit,f,,,,,,6,3
9636,12534,131.317508579111,Close,157.747990037583,South,South,Isolated,Explicit,f,,,,,,6,3
9647,11232,578.553125316021,Far,159.166203065856,South,South,Isolated,Explicit,f,,,,,,3,3
9647,10326,27.4137418396158,VeryClose,217.879584573778,Southwest,Southwest,Isolated,Explicit,f,,,,,,3,3
9647,12010,343.643373038353,Medium,351.443252299353,North,North,Isolated,Explicit,f,,,,,,3,3
9655,13362,510.705401995915,Far,165.887308332883,South,South,Isolated,Explicit,f,,,,,,28,3
9655,8458,730.252795591799,Far,184.745326317819,South,South,Isolated,Explicit,f,,,,,,28,3
9655,8703,745.239558639701,Far,184.819134504895,South,South,Isolated,Explicit,f,,,,,,28,3
9655,8431,759.545980729441,Far,184.984513551483,South,South,Isolated,Explicit,f,,,,,,28,3
9655,8462,751.048016662137,Far,184.491753656354,South,South,Isolated,Explicit,f,,,,,,28,3
9655,6988,542.208136366959,Far,180.165859111962,South,South,Isolated,Explicit,f,,,,,,28,3
9655,8658,466.999286158988,Medium,183.651251616387,South,South,Isolated,Explicit,f,,,,,,28,3
9655,11721,718.812331239097,Far,207.485354183114,Southwest,Southwest,Isolated,Explicit,f,,,,,,28,3
9655,8734,779.8267496707,Far,207.174703473899,Southwest,Southwest,Isolated,Explicit,f,,,,,,28,3
9655,8729,734.681814331417,Far,199.9646529725,South,South,Isolated,Explicit,f,,,,,,28,3
9655,8693,667.588292138813,Far,278.118878357193,West,West,Isolated,Explicit,f,,,,,,28,3
9655,10382,859.867560290331,Far,252.036064162345,West,West,Isolated,Explicit,f,,,,,,28,3
9655,8619,814.006505496674,Far,267.846339606521,West,West,Isolated,Explicit,t,,,,,,28,3
9655,6462,865.349525845507,Far,243.127720831617,Southwest,Southwest,Isolated,Explicit,f,,,,,,28,3
9655,11733,991.04452509264,Far,230.128810937222,Southwest,Southwest,Isolated,Explicit,f,,,,,,28,3
9655,6554,964.657347445399,Far,231.397687797708,Southwest,Southwest,Isolated,Explicit,f,,,,,,28,3
9655,10769,784.084465798487,Far,247.664303603392,West,West,Isolated,Explicit,f,,,,,,28,3
9655,10950,783.884277636335,Far,247.490780978652,Southwest,Southwest,Isolated,Explicit,t,,,,,,28,3
9655,6402,622.557374627775,Far,109.537634930992,East,East,Isolated,Explicit,f,,,,,,28,3
9655,11958,670.3430558554,Far,126.711279223237,Southeast,Southeast,Isolated,Explicit,f,,,,,,28,3
9655,10773,598.338209171661,Far,118.864323296559,Southeast,Southeast,Isolated,Explicit,f,,,,,,28,3
9655,10387,727.642685791747,Far,109.939710890804,East,East,Isolated,Explicit,f,,,,,,28,3
9655,8708,949.142499173854,Far,118.636638586154,Southeast,Southeast,Isolated,Explicit,f,,,,,,28,3
9655,9565,956.098396216921,Far,119.055501273673,Southeast,Southeast,Isolated,Explicit,f,,,,,,28,3
9655,13460,884.416443926148,Far,106.740889399167,East,East,Isolated,Explicit,f,,,,,,28,3
9659,9595,962.413226954225,Far,331.544008549775,Northwest,Northwest,Isolated,Explicit,f,,,,,,27,3
9659,10427,637.443544774129,Far,200.170720342612,South,South,Isolated,Explicit,t,,,,,,27,3
9659,9779,188.534975129617,Close,217.82613040069,Southwest,Southwest,Isolated,Explicit,f,,,,,,27,3
9659,9542,234.177588152056,Medium,209.699073241116,Southwest,Southwest,Isolated,Explicit,f,,,,,,27,3
9659,6502,632.171377282744,Far,195.952581910473,South,South,Isolated,Explicit,f,,,,,,27,3
9659,13449,656.588569112753,Far,195.437686871034,South,South,Isolated,Explicit,f,,,,,,27,3
9659,10489,924.053367135477,Far,349.653228135848,North,North,Isolated,Explicit,f,,,,,,27,3
9659,8359,797.899555601146,Far,349.023287087015,North,North,Isolated,Explicit,f,,,,,,27,3
9659,11053,914.241058443667,Far,350.746440281786,North,North,Isolated,Explicit,f,,,,,,27,3
9659,10204,868.346222550739,Far,10.1498116713466,North,North,Isolated,Explicit,f,,,,,,27,3
9659,8775,910.428081794272,Far,9.30231299939213,North,North,Isolated,Explicit,f,,,,,,27,3
9659,8372,987.668822109877,Far,108.662099106898,East,East,Isolated,Explicit,f,,,,,,27,3
9659,8379,931.270714795495,Far,100.292776580774,East,East,Isolated,Explicit,f,,,,,,27,3
9659,11086,954.516916153552,Far,32.4854134335253,Northeast,Northeast,Isolated,Explicit,f,,,,,,27,3
9659,5730,860.554670604955,Far,28.9884210851469,Northeast,Northeast,Isolated,Explicit,f,,,,,,27,3
9660,10898,872.178893605045,Far,344.655797815853,North,North,Isolated,Explicit,f,,,,,,4,3
9660,10333,864.108238643316,Far,345.693393748577,North,North,Isolated,Explicit,f,,,,,,4,3
9660,11689,921.346142746006,Far,338.32251306788,North,North,Isolated,Explicit,f,,,,,,4,3
9663,11915,770.778339199205,Far,23.1286382701123,Northeast,Northeast,Isolated,Explicit,f,,,,,,34,3
9663,9221,865.29844393736,Far,192.785629495174,South,South,Isolated,Explicit,f,,,,,,34,3
9663,12501,881.924943745915,Far,193.767617273517,South,South,Isolated,Explicit,f,,,,,,34,3
9663,8376,844.480121356248,Far,194.303464733844,South,South,Isolated,Explicit,f,,,,,,34,3
9663,9256,907.694616825402,Far,193.897559808508,South,South,Isolated,Explicit,f,,,,,,34,3
9663,9265,921.045468110107,Far,194.17212020083,South,South,Isolated,Explicit,f,,,,,,34,3
9663,9350,830.307361731141,Far,195.731011475417,South,South,Isolated,Explicit,f,,,,,,34,3
9663,9216,802.875989594765,Far,196.399604273916,South,South,Isolated,Explicit,f,,,,,,34,3
9663,11962,665.136609004482,Far,355.654508191705,North,North,Isolated,Explicit,f,,,,,,34,3
9663,9229,723.464621341334,Far,220.154984154835,Southwest,Southwest,Isolated,Explicit,f,,,,,,34,3
9663,9620,709.801848757013,Far,221.668317842193,Southwest,Southwest,Isolated,Explicit,f,,,,,,34,3
9663,11877,701.274117146909,Far,219.889669560591,Southwest,Southwest,Isolated,Explicit,f,,,,,,34,3
9663,9115,621.014115774882,Far,221.955458062759,Southwest,Southwest,Isolated,Explicit,f,,,,,,34,3
9663,9132,615.689135838847,Far,222.824896773413,Southwest,Southwest,Isolated,Explicit,t,,,,,,34,3
9663,11874,689.785711567552,Far,218.066385255328,Southwest,Southwest,Isolated,Explicit,f,,,,,,34,3
9663,8460,645.260485673891,Far,218.308336435515,Southwest,Southwest,Isolated,Explicit,f,,,,,,34,3
9663,6477,810.591884261343,Far,200.459179834771,South,South,Isolated,Explicit,t,,,,,,34,3
9663,12556,843.748081058387,Far,198.013135108231,South,South,Isolated,Explicit,f,,,,,,34,3
9663,9161,764.977810026044,Far,199.241484295616,South,South,Isolated,Explicit,f,,,,,,34,3
9663,8700,837.197849021553,Far,197.745790144289,South,South,Isolated,Explicit,f,,,,,,34,3
9663,8484,835.777472886646,Far,197.529774150415,South,South,Isolated,Explicit,f,,,,,,34,3
9663,9118,870.823660101977,Far,196.411990381387,South,South,Isolated,Explicit,f,,,,,,34,3
9663,9149,931.871620979692,Far,196.22281641567,South,South,Isolated,Explicit,f,,,,,,34,3
9663,9356,873.135614951029,Far,198.204567067831,South,South,Isolated,Explicit,f,,,,,,34,3
9663,7261,907.327406366406,Far,198.822330620894,South,South,Isolated,Explicit,f,,,,,,34,3
9663,8670,947.841461821117,Far,198.317431313468,South,South,Isolated,Explicit,f,,,,,,34,3
9663,8687,874.53043891738,Far,200.573315482304,South,South,Isolated,Explicit,t,,,,,,34,3
9669,8454,574.288035512732,Far,123.008857479133,Southeast,Southeast,Isolated,Explicit,f,,,,,,6,3
9669,10335,544.125236670179,Far,94.3059698066348,East,East,Isolated,Explicit,f,,,,,,6,3
9669,10240,532.505716049423,Far,93.2821669018712,East,East,Isolated,Explicit,f,,,,,,6,3
9670,10918,520.563346731467,Far,61.7931226529608,Northeast,Northeast,Isolated,Explicit,f,,,,,,1,3
9682,10730,896.328510966729,Far,186.820111281974,South,South,Isolated,Explicit,f,,,,,,11,3
9682,10708,461.706117378426,Medium,14.6349671290046,North,North,Isolated,Explicit,f,,,,,,11,3
9682,10832,306.704635243796,Medium,23.0163366238175,Northeast,Northeast,Isolated,Explicit,f,,,,,,11,3
9682,13384,470.433552521658,Medium,12.7294809775478,North,North,Isolated,Explicit,f,,,,,,11,3
9682,10743,915.397410342755,Far,187.186879170621,South,South,Isolated,Explicit,f,,,,,,11,3
9687,8754,294.971955810256,Medium,273.98984619263,West,West,Isolated,Explicit,f,,,,,,3,3
9687,11796,175.361138304795,Close,225.541878672025,Southwest,Southwest,Isolated,Explicit,f,,,,,,3,3
9701,11974,982.872288981997,Far,145.524982846346,Southeast,Southeast,Isolated,Explicit,f,,,,,,5,3
9701,7688,961.974418121938,Far,147.287171608247,Southeast,Southeast,Isolated,Explicit,f,,,,,,5,3
9703,9857,803.765343590936,Far,273.525272268955,West,West,Isolated,Explicit,f,,,,,,2,3
9703,9462,422.182448917168,Medium,82.4741900869277,East,East,Isolated,Explicit,f,,,,,,2,3
9717,11797,903.840839430966,Far,47.9519827481795,Northeast,Northeast,Isolated,Explicit,f,,,,,,3,3
9717,5385,879.703688533896,Far,48.1778852321154,Northeast,Northeast,Isolated,Explicit,f,,,,,,3,3
9718,6110,802.479389530911,Far,248.342603296618,West,West,Isolated,Explicit,f,,,,,,3,3
9718,11540,942.458201110202,Far,222.876179965612,Southwest,Southwest,Isolated,Explicit,t,,,,,,3,3
9718,13322,863.459784785491,Far,227.850998385395,Southwest,Southwest,Isolated,Explicit,f,,,,,,3,3
9720,7861,752.716601708021,Far,190.188065646491,South,South,Isolated,Explicit,f,,,,,,4,3
9720,6555,755.582796713592,Far,188.699759715313,South,South,Isolated,Explicit,f,,,,,,4,3
9720,9713,962.822524357106,Far,99.0369689407861,East,East,Isolated,Explicit,f,,,,,,4,3
9721,11974,684.277195039446,Far,312.416135093133,Northwest,Northwest,Isolated,Explicit,f,,,,,,5,3
9721,7688,712.1862117536,Far,310.48752481172,Northwest,Northwest,Isolated,Explicit,f,,,,,,5,3
9721,10822,581.146392557515,Far,313.041123519101,Northwest,Northwest,Isolated,Explicit,t,,,,,,5,3
9721,9427,516.241644361695,Far,348.702409251852,North,North,Isolated,Explicit,f,,,,,,5,3
9730,10443,77.9730175652307,Close,344.889480992333,North,North,Isolated,Explicit,f,,,,,,5,3
9730,12816,490.471075198543,Medium,133.961356958558,Southeast,Southeast,Isolated,Explicit,t,,,,,,5,3
9730,9095,517.402364213902,Far,134.565548354736,Southeast,Southeast,Isolated,Explicit,t,,,,,,5,3
9730,12011,950.221408683107,Far,155.764877613641,Southeast,Southeast,Isolated,Explicit,t,,,,,,5,3
9730,13001,796.478740707088,Far,116.391349446901,Southeast,Southeast,Isolated,Explicit,f,,,,,,5,3
9752,10329,135.333025578196,Close,333.917388353479,Northwest,Northwest,Isolated,Explicit,f,,,,,,5,3
9752,6504,109.172434812498,Close,329.28729953867,Northwest,Northwest,Isolated,Explicit,f,,,,,,5,3
9755,11380,865.515848916076,Far,55.2885757879105,Northeast,Northeast,Isolated,Explicit,f,,,,,,7,3
9755,12055,901.241087034264,Far,53.9728297713301,Northeast,Northeast,Isolated,Explicit,f,,,,,,7,3
9755,12813,45.0254513445972,VeryClose,60.9462440394201,Northeast,Northeast,Isolated,Explicit,f,,,,,,7,3
9755,10825,587.087769927848,Far,36.9211910017866,Northeast,Northeast,Isolated,Explicit,f,,,,,,7,3
9756,11676,883.551455074033,Far,177.015818967429,South,South,Isolated,Explicit,f,,,,,,10,3
9756,9544,695.528243520095,Far,170.318804982574,South,South,Isolated,Explicit,f,,,,,,10,3
9756,8401,883.610202507149,Far,160.56391585225,South,South,Isolated,Explicit,f,,,,,,10,3
9756,12990,877.215632473396,Far,118.106656256208,Southeast,Southeast,Isolated,Explicit,f,,,,,,10,3
9756,6465,985.074707615819,Far,125.693640946068,Southeast,Southeast,Isolated,Explicit,f,,,,,,10,3
9756,10279,965.763505734592,Far,112.498292242587,East,East,Isolated,Explicit,t,,,,,,10,3
9756,6491,995.243551317405,Far,115.344586162613,Southeast,Southeast,Isolated,Explicit,f,,,,,,10,3
9756,9710,985.583139949815,Far,94.7643878243646,East,East,Isolated,Explicit,f,,,,,,10,3
9756,12821,768.490010162156,Far,20.9550579287244,North,North,Isolated,Explicit,t,,,,,,10,3
9761,13029,241.229721368073,Medium,340.856297883201,North,North,Isolated,Explicit,f,,,,,,11,3
9767,10893,45.2904311437397,VeryClose,83.3125414135346,East,East,Isolated,Explicit,f,,,,,,7,3
9767,10414,43.957412524167,VeryClose,75.6918723766606,East,East,Isolated,Explicit,f,,,,,,7,3
9767,10968,42.6237881622746,VeryClose,61.9448444160143,Northeast,Northeast,Isolated,Explicit,f,,,,,,7,3
9767,11774,386.471344385563,Medium,153.916249768721,Southeast,Southeast,Isolated,Explicit,f,,,,,,7,3
9767,9183,246.107738141646,Medium,137.826094380301,Southeast,Southeast,Isolated,Explicit,f,,,,,,7,3
9955,9568,934.435361293321,Far,100.998032094412,East,East,Isolated,Explicit,f,,,,,,42,3
9955,10443,886.812642349794,Far,338.310361836958,North,North,Isolated,Explicit,f,,,,,,42,3
9955,7522,983.530092297775,Far,197.20628813353,South,South,Isolated,Explicit,f,,,,,,42,3
9955,9481,941.034392260893,Far,165.881445609312,South,South,Isolated,Explicit,f,,,,,,42,3
9955,9732,934.239887752293,Far,164.853743851904,South,South,Isolated,Explicit,f,,,,,,42,3
9955,9831,924.987306141544,Far,165.165110501451,South,South,Isolated,Explicit,f,,,,,,42,3
9955,9733,964.218555458942,Far,166.011870883144,South,South,Isolated,Explicit,f,,,,,,42,3
9955,13395,914.772231112904,Far,163.476553480347,South,South,Isolated,Explicit,f,,,,,,42,3
9955,9727,913.364825675699,Far,162.470453704921,South,South,Isolated,Explicit,f,,,,,,42,3
9955,9747,934.581798580922,Far,163.054875128796,South,South,Isolated,Explicit,f,,,,,,42,3
9955,9823,939.059152029638,Far,162.14894218991,South,South,Isolated,Explicit,f,,,,,,42,3
9955,9723,942.325590218418,Far,159.843371710814,South,South,Isolated,Explicit,f,,,,,,42,3
9955,9788,984.878743632867,Far,160.651068799623,South,South,Isolated,Explicit,f,,,,,,42,3
9955,9806,953.388241067396,Far,159.858932588626,South,South,Isolated,Explicit,f,,,,,,42,3
9955,9423,972.753967918565,Far,159.838340203829,South,South,Isolated,Explicit,f,,,,,,42,3
9955,11823,811.75229974588,Far,154.382188004687,Southeast,Southeast,Isolated,Explicit,f,,,,,,42,3
9955,5283,861.129848368462,Far,154.43323783892,Southeast,Southeast,Isolated,Explicit,f,,,,,,42,3
9955,9748,987.084490470399,Far,158.116572069635,South,South,Isolated,Explicit,f,,,,,,42,3
9955,9810,984.613114608854,Far,158.637466520145,South,South,Isolated,Explicit,f,,,,,,42,3
9955,12016,920.060955269461,Far,60.2382372405437,Northeast,Northeast,Isolated,Explicit,f,,,,,,42,3
9955,10022,909.722656696151,Far,58.0732811071356,Northeast,Northeast,Isolated,Explicit,f,,,,,,42,3
9955,7124,760.441158925323,Far,66.501144345002,Northeast,Northeast,Isolated,Explicit,t,,,,,,42,3
9955,9332,774.308534226601,Far,65.0081004462247,Northeast,Northeast,Isolated,Explicit,t,,,,,,42,3
9955,6114,746.003396469974,Far,97.0301939471608,East,East,Isolated,Explicit,f,,,,,,42,3
9955,9860,738.004871999228,Far,97.7593523910312,East,East,Isolated,Explicit,f,,,,,,42,3
9955,5186,744.226599302002,Far,66.8776475267218,Northeast,Northeast,Isolated,Explicit,t,,,,,,42,3
9955,9664,812.353772502874,Far,137.197776161095,Southeast,Southeast,Isolated,Explicit,f,,,,,,42,3
9955,10986,857.902002634649,Far,136.565783076431,Southeast,Southeast,Isolated,Explicit,f,,,,,,42,3
9955,11873,938.850359515821,Far,156.33428943028,Southeast,Southeast,Isolated,Explicit,t,,,,,,42,3
9955,9805,983.06165439011,Far,157.197043946562,Southeast,Southeast,Isolated,Explicit,t,,,,,,42,3
9955,11500,872.913625447446,Far,153.760964758441,Southeast,Southeast,Isolated,Explicit,f,,,,,,42,3
9955,9628,477.241620749477,Medium,125.37665178594,Southeast,Southeast,Isolated,Explicit,f,,,,,,42,3
9955,9634,436.746831016612,Medium,109.378247482526,East,East,Isolated,Explicit,f,,,,,,42,3
9955,11523,949.700143604915,Far,154.632181855472,Southeast,Southeast,Isolated,Explicit,f,,,,,,42,3
9955,13388,998.886724097094,Far,154.876210691005,Southeast,Southeast,Isolated,Explicit,f,,,,,,42,3
9955,13001,566.280854833206,Far,45.8109069811696,Northeast,Northeast,Isolated,Explicit,f,,,,,,42,3
10063,9737,885.754540906299,Far,352.008385583797,North,North,Isolated,Explicit,f,,,,,,9,3
10063,13353,709.132408259969,Far,359.699350923478,North,North,Isolated,Explicit,t,,,,,,9,3
10063,10703,491.86023033346,Medium,5.69909749889664,North,North,Isolated,Explicit,f,,,,,,9,3
10063,10949,951.925845764598,Far,233.38150481541,Southwest,Southwest,Isolated,Explicit,f,,,,,,9,3
10063,6544,957.71618823035,Far,233.627705361361,Southwest,Southwest,Isolated,Explicit,f,,,,,,9,3
10072,13159,188.793786934585,Close,201.863987793271,South,South,Isolated,Explicit,t,,,,,,3,3
10072,533,486.048827601276,Medium,111.612438374541,East,East,Isolated,Explicit,t,,,,,,3,3
10211,8501,986.624991101566,Far,249.974338857776,West,West,Isolated,Explicit,f,,,,,,206,10
10211,11744,916.847000246327,Far,240.787646737197,Southwest,Southwest,Isolated,Explicit,f,,,,,,206,10
10211,9592,726.666298201307,Far,289.170072142288,West,West,Isolated,Explicit,f,,,,,,206,10
10211,11880,998.095544710093,Far,316.256276050173,Northwest,Northwest,Isolated,Explicit,f,,,,,,206,10
10211,13310,901.820933658219,Far,302.879621755471,Northwest,Northwest,Isolated,Explicit,f,,,,,,206,10
10211,9604,813.338568473849,Far,319.389576854938,Northwest,Northwest,Isolated,Explicit,f,,,,,,206,10
10211,11583,380.643066229086,Medium,286.900437224873,West,West,Isolated,Explicit,f,,,,,,206,10
10211,13123,373.834812088624,Medium,284.840956292668,West,West,Isolated,Explicit,f,,,,,,206,10
10211,13240,346.415374464689,Medium,287.466536397664,West,West,Isolated,Explicit,f,,,,,,206,10
10211,9671,328.035261367505,Medium,289.874061873481,West,West,Isolated,Explicit,f,,,,,,206,10
10211,10391,409.77680758413,Medium,309.683199301186,Northwest,Northwest,Isolated,Explicit,f,,,,,,206,10
10211,5824,390.22617992011,Medium,303.847737546652,Northwest,Northwest,Isolated,Explicit,f,,,,,,206,10
10211,9480,217.731008300439,Medium,266.173981107189,West,West,Isolated,Explicit,f,,,,,,206,10
10211,6490,217.35270404012,Medium,271.05688213327,West,West,Isolated,Explicit,f,,,,,,206,10
10211,7450,210.672877959563,Medium,257.7114918614,West,West,Isolated,Explicit,f,,,,,,206,10
10211,6463,169.456867907248,Close,241.2937951888,Southwest,Southwest,Isolated,Explicit,f,,,,,,206,10
10211,11585,478.856266785395,Medium,190.717597135821,South,South,Isolated,Explicit,f,,,,,,206,10
10211,7353,168.251146945385,Close,208.458970398962,Southwest,Southwest,Isolated,Explicit,f,,,,,,206,10
10211,6495,159.916212389034,Close,178.706484017879,South,South,Isolated,Explicit,t,,,,,,206,10
10211,9651,259.56534480407,Medium,191.004854343631,South,South,Isolated,Explicit,f,,,,,,206,10
10211,13428,294.649652835465,Medium,189.011662655738,South,South,Isolated,Explicit,f,,,,,,206,10
10211,11028,137.79344562903,Close,195.964212644804,South,South,Isolated,Explicit,f,,,,,,206,10
10211,10226,127.662835961475,Close,194.792819239409,South,South,Isolated,Explicit,f,,,,,,206,10
10211,11234,437.319691864764,Medium,184.248528280481,South,South,Isolated,Explicit,f,,,,,,206,10
10211,5485,631.825728329877,Far,181.318061145648,South,South,Isolated,Explicit,f,,,,,,206,10
10211,5233,587.783484691183,Far,179.674583909011,South,South,Isolated,Explicit,t,,,,,,206,10
10211,10215,660.911438082735,Far,178.351298504162,South,South,Isolated,Explicit,t,,,,,,206,10
10211,12043,714.278967633696,Far,178.249922152037,South,South,Isolated,Explicit,t,,,,,,206,10
10211,12514,733.600340014266,Far,177.215310321569,South,South,Isolated,Explicit,f,,,,,,206,10
10211,12269,601.426735792997,Far,177.357048779924,South,South,Isolated,Explicit,f,,,,,,206,10
10211,12558,601.426735792997,Far,177.357048779924,South,South,Isolated,Explicit,f,,,,,,206,10
10211,13435,285.763830923313,Medium,168.229647579631,South,South,Isolated,Explicit,f,,,,,,206,10
10211,12359,629.278266319598,Far,175.362071938918,South,South,Isolated,Explicit,f,,,,,,206,10
10211,11233,703.293028398864,Far,175.876907128724,South,South,Isolated,Explicit,f,,,,,,206,10
10211,11393,812.790600150719,Far,176.051696285254,South,South,Isolated,Explicit,f,,,,,,206,10
10211,8606,817.049269564403,Far,176.027225304764,South,South,Isolated,Explicit,f,,,,,,206,10
10211,11933,665.662471828686,Far,175.315367080706,South,South,Isolated,Explicit,f,,,,,,206,10
10211,11214,774.292260745176,Far,173.996226554456,South,South,Isolated,Explicit,f,,,,,,206,10
10211,5271,619.288367269834,Far,169.798429557155,South,South,Isolated,Explicit,f,,,,,,206,10
10211,5437,608.087610205095,Far,168.142067130623,South,South,Isolated,Explicit,f,,,,,,206,10
10211,5330,622.547248395348,Far,169.118183715356,South,South,Isolated,Explicit,f,,,,,,206,10
10211,6593,237.403355691839,Medium,154.985879552096,Southeast,Southeast,Isolated,Explicit,f,,,,,,206,10
10211,7548,225.774001778277,Medium,153.247220079525,Southeast,Southeast,Isolated,Explicit,f,,,,,,206,10
10211,7446,232.59624208514,Medium,156.48664068117,Southeast,Southeast,Isolated,Explicit,t,,,,,,206,10
10211,13377,190.626332377365,Close,154.230834364427,Southeast,Southeast,Isolated,Explicit,f,,,,,,206,10
10211,8303,305.011272583074,Medium,149.35783565605,Southeast,Southeast,Isolated,Explicit,f,,,,,,206,10
10211,5756,850.465983935334,Far,166.251389577597,South,South,Isolated,Explicit,f,,,,,,206,10
10211,10919,846.980490680123,Far,164.651853353832,South,South,Isolated,Explicit,f,,,,,,206,10
10211,11156,468.610909797679,Medium,152.817206345539,Southeast,Southeast,Isolated,Explicit,f,,,,,,206,10
10211,12903,429.735967958088,Medium,143.037677311939,Southeast,Southeast,Isolated,Explicit,f,,,,,,206,10
10211,12853,786.727556654292,Far,157.730332633848,South,South,Isolated,Explicit,f,,,,,,206,10
10211,7711,835.988633546905,Far,157.244746559609,Southeast,Southeast,Isolated,Explicit,t,,,,,,206,10
10211,6727,550.48543959195,Far,144.137849820962,Southeast,Southeast,Isolated,Explicit,f,,,,,,206,10
10211,9675,485.719873027244,Medium,140.897475470963,Southeast,Southeast,Isolated,Explicit,f,,,,,,206,10
10211,5888,348.908556412674,Medium,130.088970778623,Southeast,Southeast,Isolated,Explicit,f,,,,,,206,10
10211,6757,520.249374700275,Far,138.974186369133,Southeast,Southeast,Isolated,Explicit,f,,,,,,206,10
10211,10982,483.492295223012,Medium,136.775649195849,Southeast,Southeast,Isolated,Explicit,f,,,,,,206,10
10211,10228,472.424773312969,Medium,135.811079630049,Southeast,Southeast,Isolated,Explicit,f,,,,,,206,10
10211,6612,525.677829496265,Far,141.505888201502,Southeast,Southeast,Isolated,Explicit,f,,,,,,206,10
10211,7811,710.814871879363,Far,150.644841688556,Southeast,Southeast,Isolated,Explicit,f,,,,,,206,10
10211,5554,899.035994886807,Far,155.109995246987,Southeast,Southeast,Isolated,Explicit,t,,,,,,206,10
10211,7331,652.139474094848,Far,141.510704378166,Southeast,Southeast,Isolated,Explicit,f,,,,,,206,10
10211,5781,672.843402913156,Far,142.299700137733,Southeast,Southeast,Isolated,Explicit,f,,,,,,206,10
10211,6486,666.446206705798,Far,141.373155061468,Southeast,Southeast,Isolated,Explicit,f,,,,,,206,10
10211,6021,683.89352986793,Far,142.282171870592,Southeast,Southeast,Isolated,Explicit,f,,,,,,206,10
10211,8906,657.55698033369,Far,142.301796096791,Southeast,Southeast,Isolated,Explicit,f,,,,,,206,10
10211,12907,648.991050789083,Far,142.358728244838,Southeast,Southeast,Isolated,Explicit,f,,,,,,206,10
10211,6827,647.68915729016,Far,142.776859987761,Southeast,Southeast,Isolated,Explicit,f,,,,,,206,10
10211,9061,645.857472887042,Far,142.938516181113,Southeast,Southeast,Isolated,Explicit,f,,,,,,206,10
10211,7357,641.21343059743,Far,142.423912395158,Southeast,Southeast,Isolated,Explicit,f,,,,,,206,10
10211,5796,704.310595973292,Far,140.2240646783,Southeast,Southeast,Isolated,Explicit,f,,,,,,206,10
10211,6630,704.310595973292,Far,140.2240646783,Southeast,Southeast,Isolated,Explicit,f,,,,,,206,10
10211,5580,729.399446223241,Far,141.697245270904,Southeast,Southeast,Isolated,Explicit,f,,,,,,206,10
10211,5539,718.277347261339,Far,141.796422474435,Southeast,Southeast,Isolated,Explicit,f,,,,,,206,10
10211,6386,700.657109739204,Far,140.492476555349,Southeast,Southeast,Isolated,Explicit,f,,,,,,206,10
10211,6836,690.453563461461,Far,140.354586548104,Southeast,Southeast,Isolated,Explicit,f,,,,,,206,10
10211,8299,685.132354209794,Far,140.492997574184,Southeast,Southeast,Isolated,Explicit,f,,,,,,206,10
10211,8284,688.785014720632,Far,141.052990816749,Southeast,Southeast,Isolated,Explicit,f,,,,,,206,10
10477,10894,857.978192150598,Far,352.176798160997,North,North,Isolated,Explicit,f,,,,,,2,3
10211,9024,702.208724078298,Far,141.968537328107,Southeast,Southeast,Isolated,Explicit,f,,,,,,206,10
10211,7722,805.235893006742,Far,147.07802754201,Southeast,Southeast,Isolated,Explicit,f,,,,,,206,10
10211,5551,750.864045605062,Far,141.568184775638,Southeast,Southeast,Isolated,Explicit,f,,,,,,206,10
10211,6046,736.825347581242,Far,141.230665614211,Southeast,Southeast,Isolated,Explicit,f,,,,,,206,10
10211,6620,711.185540727213,Far,140.38717077384,Southeast,Southeast,Isolated,Explicit,f,,,,,,206,10
10211,6618,713.667706372895,Far,140.096774726392,Southeast,Southeast,Isolated,Explicit,f,,,,,,206,10
10211,6841,744.017060176434,Far,140.109576224085,Southeast,Southeast,Isolated,Explicit,f,,,,,,206,10
10211,5550,769.977535600986,Far,141.139115910891,Southeast,Southeast,Isolated,Explicit,f,,,,,,206,10
10211,7352,748.901443622119,Far,140.444650245231,Southeast,Southeast,Isolated,Explicit,f,,,,,,206,10
10211,6577,756.403374141052,Far,140.058827518304,Southeast,Southeast,Isolated,Explicit,f,,,,,,206,10
10211,6614,758.007931505162,Far,140.162376648915,Southeast,Southeast,Isolated,Explicit,f,,,,,,206,10
10211,6627,758.007931505162,Far,140.162376648915,Southeast,Southeast,Isolated,Explicit,f,,,,,,206,10
10211,6451,780.117156665799,Far,141.003630230955,Southeast,Southeast,Isolated,Explicit,f,,,,,,206,10
10211,8165,826.902736794563,Far,143.306614391146,Southeast,Southeast,Isolated,Explicit,f,,,,,,206,10
10211,6617,761.998926702913,Far,139.289573276395,Southeast,Southeast,Isolated,Explicit,f,,,,,,206,10
10211,6867,884.529785065453,Far,144.987070327988,Southeast,Southeast,Isolated,Explicit,f,,,,,,206,10
10211,8293,922.199021733699,Far,146.20187787063,Southeast,Southeast,Isolated,Explicit,f,,,,,,206,10
10211,5577,854.309916762602,Far,143.213947253596,Southeast,Southeast,Isolated,Explicit,f,,,,,,206,10
10211,6186,864.528192042874,Far,143.736209503095,Southeast,Southeast,Isolated,Explicit,f,,,,,,206,10
10211,6925,808.843687768747,Far,140.689325387819,Southeast,Southeast,Isolated,Explicit,f,,,,,,206,10
10211,8060,786.515982268998,Far,139.893619832752,Southeast,Southeast,Isolated,Explicit,f,,,,,,206,10
10211,6914,859.582844837759,Far,143.830936760613,Southeast,Southeast,Isolated,Explicit,f,,,,,,206,10
10211,5823,796.557122612363,Far,140.776062612855,Southeast,Southeast,Isolated,Explicit,f,,,,,,206,10
10211,8070,782.743408424689,Far,136.24584623405,Southeast,Southeast,Isolated,Explicit,f,,,,,,206,10
10211,10744,844.469147807232,Far,141.015333501292,Southeast,Southeast,Isolated,Explicit,f,,,,,,206,10
10211,7985,808.023180794074,Far,139.508905181137,Southeast,Southeast,Isolated,Explicit,f,,,,,,206,10
10211,5826,814.968525619732,Far,140.563482511216,Southeast,Southeast,Isolated,Explicit,f,,,,,,206,10
10211,6865,886.160201163651,Far,143.748062373382,Southeast,Southeast,Isolated,Explicit,f,,,,,,206,10
10211,6843,883.314824865379,Far,143.443040249464,Southeast,Southeast,Isolated,Explicit,f,,,,,,206,10
10211,5832,925.499268829057,Far,145.161886429254,Southeast,Southeast,Isolated,Explicit,f,,,,,,206,10
10211,6900,841.104852444386,Far,140.47655667165,Southeast,Southeast,Isolated,Explicit,f,,,,,,206,10
10211,6897,826.007512625979,Far,139.518371333072,Southeast,Southeast,Isolated,Explicit,f,,,,,,206,10
10211,8012,844.789322869432,Far,140.436841265061,Southeast,Southeast,Isolated,Explicit,f,,,,,,206,10
10211,10774,860.285971855163,Far,141.191108775909,Southeast,Southeast,Isolated,Explicit,f,,,,,,206,10
10211,6517,821.945450875725,Far,138.441171923165,Southeast,Southeast,Isolated,Explicit,f,,,,,,206,10
10211,13482,894.959279630277,Far,141.567826569669,Southeast,Southeast,Isolated,Explicit,f,,,,,,206,10
10211,5511,852.496573832778,Far,139.178627556035,Southeast,Southeast,Isolated,Explicit,f,,,,,,206,10
10211,6635,859.488246879248,Far,139.186845328724,Southeast,Southeast,Isolated,Explicit,f,,,,,,206,10
10211,7099,850.649777454036,Far,139.184111642912,Southeast,Southeast,Isolated,Explicit,f,,,,,,206,10
10211,8312,891.375544683973,Far,141.671078898476,Southeast,Southeast,Isolated,Explicit,f,,,,,,206,10
10211,6500,774.791675994257,Far,134.787343573139,Southeast,Southeast,Isolated,Explicit,t,,,,,,206,10
10211,5876,760.004239999542,Far,132.878652196393,Southeast,Southeast,Isolated,Explicit,t,,,,,,206,10
10211,6595,874.9612189028,Far,138.622370678859,Southeast,Southeast,Isolated,Explicit,f,,,,,,206,10
10211,7703,881.183952142027,Far,139.266738539269,Southeast,Southeast,Isolated,Explicit,f,,,,,,206,10
10211,6550,863.598937220628,Far,139.011189232863,Southeast,Southeast,Isolated,Explicit,f,,,,,,206,10
10211,11027,906.177728248137,Far,140.908178965762,Southeast,Southeast,Isolated,Explicit,f,,,,,,206,10
10211,7335,944.778810303257,Far,143.025815655693,Southeast,Southeast,Isolated,Explicit,f,,,,,,206,10
10211,6708,929.770125354487,Far,142.559343196469,Southeast,Southeast,Isolated,Explicit,f,,,,,,206,10
10211,12404,936.547324758474,Far,142.272202761636,Southeast,Southeast,Isolated,Explicit,f,,,,,,206,10
10211,12418,936.460219585133,Far,142.267994111753,Southeast,Southeast,Isolated,Explicit,f,,,,,,206,10
10211,9211,957.898072726919,Far,143.061425641584,Southeast,Southeast,Isolated,Explicit,f,,,,,,206,10
10211,11503,923.075408505704,Far,141.198207489877,Southeast,Southeast,Isolated,Explicit,f,,,,,,206,10
10211,9089,996.964996927886,Far,144.291639555931,Southeast,Southeast,Isolated,Explicit,f,,,,,,206,10
10211,8092,889.781644491947,Far,139.005276864767,Southeast,Southeast,Isolated,Explicit,f,,,,,,206,10
10211,6487,881.689517204863,Far,138.32002856859,Southeast,Southeast,Isolated,Explicit,f,,,,,,206,10
10211,6594,899.318699647987,Far,138.874287717344,Southeast,Southeast,Isolated,Explicit,f,,,,,,206,10
10211,6589,904.702188706149,Far,138.945962268801,Southeast,Southeast,Isolated,Explicit,f,,,,,,206,10
10211,6724,904.763398802119,Far,138.92043522236,Southeast,Southeast,Isolated,Explicit,f,,,,,,206,10
10211,6012,947.154404369786,Far,141.296380481493,Southeast,Southeast,Isolated,Explicit,f,,,,,,206,10
10211,8074,958.727025707747,Far,141.964332164039,Southeast,Southeast,Isolated,Explicit,f,,,,,,206,10
10211,13155,941.519425634306,Far,140.118999186785,Southeast,Southeast,Isolated,Explicit,f,,,,,,206,10
10211,6640,967.658571102624,Far,141.223366980303,Southeast,Southeast,Isolated,Explicit,f,,,,,,206,10
10211,7311,924.46640563748,Far,138.758424479851,Southeast,Southeast,Isolated,Explicit,f,,,,,,206,10
10211,5566,906.562660066427,Far,138.76109082242,Southeast,Southeast,Isolated,Explicit,f,,,,,,206,10
10211,6671,721.762083418407,Far,122.073061765989,Southeast,Southeast,Isolated,Explicit,f,,,,,,206,10
10211,13374,683.206725227749,Far,118.245992288108,Southeast,Southeast,Isolated,Explicit,f,,,,,,206,10
10211,12940,760.047081630513,Far,129.394042282054,Southeast,Southeast,Isolated,Explicit,f,,,,,,206,10
10211,11551,655.932764752667,Far,105.654373218876,East,East,Isolated,Explicit,f,,,,,,206,10
10211,9295,725.170485688676,Far,119.314075316521,Southeast,Southeast,Isolated,Explicit,f,,,,,,206,10
10211,6498,732.455310368813,Far,122.81582833785,Southeast,Southeast,Isolated,Explicit,f,,,,,,206,10
10211,7759,734.249897917213,Far,123.024701077312,Southeast,Southeast,Isolated,Explicit,f,,,,,,206,10
10211,12913,928.838966416974,Far,138.375970927042,Southeast,Southeast,Isolated,Explicit,f,,,,,,206,10
10211,5543,992.719139804885,Far,141.075620158207,Southeast,Southeast,Isolated,Explicit,f,,,,,,206,10
10211,5766,962.082996918647,Far,137.818257526713,Southeast,Southeast,Isolated,Explicit,f,,,,,,206,10
10211,8391,962.374622230384,Far,137.848161936684,Southeast,Southeast,Isolated,Explicit,f,,,,,,206,10
10211,5971,970.300812885398,Far,137.641031109638,Southeast,Southeast,Isolated,Explicit,f,,,,,,206,10
10211,12893,730.389583824382,Far,115.914784044902,Southeast,Southeast,Isolated,Explicit,f,,,,,,206,10
10211,5877,982.412570650879,Far,137.234528760937,Southeast,Southeast,Isolated,Explicit,f,,,,,,206,10
10211,5238,981.899243565619,Far,137.247414630979,Southeast,Southeast,Isolated,Explicit,f,,,,,,206,10
10211,8862,984.026508215768,Far,137.247914435719,Southeast,Southeast,Isolated,Explicit,f,,,,,,206,10
10211,5588,987.610086536658,Far,136.925030071943,Southeast,Southeast,Isolated,Explicit,f,,,,,,206,10
10211,13419,952.718039692038,Far,134.57144503346,Southeast,Southeast,Isolated,Explicit,t,,,,,,206,10
10211,7797,721.856659696215,Far,103.052990009561,East,East,Isolated,Explicit,f,,,,,,206,10
10211,12374,699.339640443681,Far,110.830553961222,East,East,Isolated,Explicit,t,,,,,,206,10
10211,5243,687.849850859776,Far,107.647229832822,East,East,Isolated,Explicit,f,,,,,,206,10
10211,6485,867.300610167075,Far,112.738281015209,Southeast,Southeast,Isolated,Explicit,f,,,,,,206,10
10211,13450,966.81915414258,Far,91.923675484677,East,East,Isolated,Explicit,f,,,,,,206,10
10211,10485,848.205775152656,Far,179.286867805911,South,South,Isolated,Explicit,t,,,,,,206,10
10211,5450,943.46143637196,Far,165.280534180265,South,South,Isolated,Explicit,f,,,,,,206,10
10211,5906,943.219334110504,Far,166.815722973947,South,South,Isolated,Explicit,f,,,,,,206,10
10211,7405,968.649928656952,Far,169.866639349764,South,South,Isolated,Explicit,f,,,,,,206,10
10211,9504,918.459341196935,Far,170.028807902869,South,South,Isolated,Explicit,f,,,,,,206,10
10211,7524,912.644035196659,Far,170.048169712496,South,South,Isolated,Explicit,f,,,,,,206,10
10211,6172,968.117589150865,Far,170.549682044567,South,South,Isolated,Explicit,f,,,,,,206,10
10211,12610,912.796260514256,Far,169.771559917533,South,South,Isolated,Explicit,f,,,,,,206,10
10211,6452,973.762479653503,Far,170.434747723836,South,South,Isolated,Explicit,f,,,,,,206,10
10270,12388,347.051021853569,Medium,187.845383303521,South,South,Isolated,Explicit,f,,,,,,1,3
10320,10418,894.72641879856,Far,57.6067038936955,Northeast,Northeast,Isolated,Explicit,f,,,,,,4,3
10320,13010,889.970291769491,Far,57.825033506288,Northeast,Northeast,Isolated,Explicit,f,,,,,,4,3
10320,10949,49.6912266366456,VeryClose,94.8446211865203,East,East,Isolated,Explicit,f,,,,,,4,3
10320,6544,42.6402704691073,VeryClose,95.8446746987861,East,East,Isolated,Explicit,f,,,,,,4,3
10356,11119,361.126248919708,Medium,72.1392698803196,East,East,Isolated,Explicit,f,,,,,,4,3
10383,13444,556.686945755167,Far,118.160454286191,Southeast,Southeast,Isolated,Explicit,f,,,,,,29,3
10383,6803,681.892134657355,Far,139.532827003101,Southeast,Southeast,Isolated,Explicit,f,,,,,,29,3
10383,9169,467.56746588588,Medium,125.949167560894,Southeast,Southeast,Isolated,Explicit,f,,,,,,29,3
10383,9031,493.921575687641,Medium,129.02181307395,Southeast,Southeast,Isolated,Explicit,f,,,,,,29,3
10383,13452,581.900705096783,Far,140.411678243066,Southeast,Southeast,Isolated,Explicit,f,,,,,,29,3
10383,6903,436.027254060879,Medium,128.400358618463,Southeast,Southeast,Isolated,Explicit,f,,,,,,29,3
10383,10833,426.531579948725,Medium,125.541667261371,Southeast,Southeast,Isolated,Explicit,f,,,,,,29,3
10383,6438,431.79758904685,Medium,125.398434819456,Southeast,Southeast,Isolated,Explicit,f,,,,,,29,3
10383,6889,433.241726987161,Medium,125.945974999611,Southeast,Southeast,Isolated,Explicit,f,,,,,,29,3
10383,5486,451.806011774903,Medium,126.686305983519,Southeast,Southeast,Isolated,Explicit,f,,,,,,29,3
10383,11651,422.164790912472,Medium,127.084049572109,Southeast,Southeast,Isolated,Explicit,f,,,,,,29,3
10383,6571,403.088706595858,Medium,123.236249670663,Southeast,Southeast,Isolated,Explicit,f,,,,,,29,3
10383,12205,562.256539775998,Far,143.748372973855,Southeast,Southeast,Isolated,Explicit,f,,,,,,29,3
10383,9310,529.445997093494,Far,144.38554895265,Southeast,Southeast,Isolated,Explicit,f,,,,,,29,3
10383,9143,534.345396475061,Far,145.061820043234,Southeast,Southeast,Isolated,Explicit,f,,,,,,29,3
10383,10928,58.0395827931402,Close,89.2120808084222,East,East,Isolated,Explicit,t,,,,,,29,3
10383,9019,257.623726363991,Medium,126.84601755655,Southeast,Southeast,Isolated,Explicit,f,,,,,,29,3
10383,8677,993.284725640292,Far,133.350949292274,Southeast,Southeast,Isolated,Explicit,t,,,,,,29,3
10383,11959,861.397940116738,Far,88.4554880755023,East,East,Isolated,Explicit,t,,,,,,29,3
10383,11797,792.981484690879,Far,283.943262546437,West,West,Isolated,Explicit,f,,,,,,29,3
10383,5385,803.910341487577,Far,282.378363767905,West,West,Isolated,Explicit,f,,,,,,29,3
10383,12067,551.816789215444,Far,292.062238783423,West,West,Isolated,Explicit,t,,,,,,29,3
10383,12786,617.488507825368,Far,292.461091240525,West,West,Isolated,Explicit,t,,,,,,29,3
10383,12869,590.343188989893,Far,286.099755307072,West,West,Isolated,Explicit,f,,,,,,29,3
10404,10415,808.305563426099,Far,344.966204597777,North,North,Isolated,Explicit,f,,,,,,7,3
10404,9376,880.039638283792,Far,353.853753571006,North,North,Isolated,Explicit,f,,,,,,7,3
10404,9146,758.754211060644,Far,353.683116816513,North,North,Isolated,Explicit,f,,,,,,7,3
10404,9363,864.443023090443,Far,356.904475697948,North,North,Isolated,Explicit,f,,,,,,7,3
10404,9274,694.911429414592,Far,358.518549806345,North,North,Isolated,Explicit,t,,,,,,7,3
10404,10378,548.995165058133,Far,122.091302828399,Southeast,Southeast,Isolated,Explicit,f,,,,,,7,3
10404,13442,594.15203276133,Far,140.828751935722,Southeast,Southeast,Isolated,Explicit,f,,,,,,7,3
10409,10903,581.59853096753,Far,199.860240443486,South,South,Isolated,Explicit,f,,,,,,1,3
10432,5185,873.42001271052,Far,240.820628192307,Southwest,Southwest,Isolated,Explicit,f,,,,,,10,3
10432,5157,903.633466798217,Far,238.90935568633,Southwest,Southwest,Isolated,Explicit,f,,,,,,10,3
10432,5968,853.752911992578,Far,227.389616808945,Southwest,Southwest,Isolated,Explicit,f,,,,,,10,3
10432,13021,853.752911992578,Far,227.389616808945,Southwest,Southwest,Isolated,Explicit,f,,,,,,10,3
10432,5252,844.144449784856,Far,227.051127724639,Southwest,Southwest,Isolated,Explicit,f,,,,,,10,3
10432,6672,870.511956757898,Far,225.267098189622,Southwest,Southwest,Isolated,Explicit,f,,,,,,10,3
10432,5285,836.326313604439,Far,221.019225696807,Southwest,Southwest,Isolated,Explicit,f,,,,,,10,3
10432,5158,752.315517838619,Far,223.220587841278,Southwest,Southwest,Isolated,Explicit,t,,,,,,10,3
10432,13032,314.951475731865,Medium,222.833120421637,Southwest,Southwest,Isolated,Explicit,t,,,,,,10,3
10444,9136,115.295770742792,Close,226.058706305944,Southwest,Southwest,Isolated,Explicit,f,,,,,,9,3
10444,8675,193.744409117467,Close,233.848823614232,Southwest,Southwest,Isolated,Explicit,f,,,,,,9,3
10444,8710,195.75513621915,Close,244.829730429673,Southwest,Southwest,Isolated,Explicit,f,,,,,,9,3
10444,8727,136.835897177086,Close,222.448339599994,Southwest,Southwest,Isolated,Explicit,f,,,,,,9,3
10444,13440,346.678025953356,Medium,259.923102621305,West,West,Isolated,Explicit,f,,,,,,9,3
10444,11846,359.972393772096,Medium,256.275028455379,West,West,Isolated,Explicit,f,,,,,,9,3
10444,12494,359.972393772096,Medium,256.275028455379,West,West,Isolated,Explicit,f,,,,,,9,3
10444,10914,376.053032266568,Medium,263.331696144213,West,West,Isolated,Explicit,f,,,,,,9,3
10704,12388,838.688227204167,Far,31.3678990701124,Northeast,Northeast,Isolated,Explicit,f,,,,,,4,3
10704,13409,975.358350598519,Far,82.3978440180431,East,East,Isolated,Explicit,f,,,,,,4,3
10704,9595,980.708984106922,Far,84.8552443538048,East,East,Isolated,Explicit,f,,,,,,4,3
10704,10918,909.721848511097,Far,294.29537967058,Northwest,Northwest,Isolated,Explicit,f,,,,,,4,3
10705,10901,38.0725554309487,VeryClose,251.632847234931,West,West,Isolated,Explicit,f,,,,,,2,3
10712,13163,911.105785796613,Far,128.376907856927,Southeast,Southeast,Isolated,Explicit,f,,,,,,39,3
10712,5927,887.081959840343,Far,54.36976154884,Northeast,Northeast,Isolated,Explicit,f,,,,,,39,3
10712,9134,943.803647988978,Far,43.2247047016742,Northeast,Northeast,Isolated,Explicit,t,,,,,,39,3
10712,9157,934.250719888217,Far,43.1884237061142,Northeast,Northeast,Isolated,Explicit,t,,,,,,39,3
10712,9390,917.061043953601,Far,43.5323442722013,Northeast,Northeast,Isolated,Explicit,t,,,,,,39,3
10712,9239,900.10112161277,Far,44.02678037023,Northeast,Northeast,Isolated,Explicit,t,,,,,,39,3
10712,9276,892.049935556432,Far,43.240488632995,Northeast,Northeast,Isolated,Explicit,t,,,,,,39,3
10712,9304,775.5016637558,Far,42.3243919747043,Northeast,Northeast,Isolated,Explicit,f,,,,,,39,3
10712,8421,789.098591897685,Far,39.5167338313862,Northeast,Northeast,Isolated,Explicit,f,,,,,,39,3
10712,8457,803.147066368502,Far,37.8226084766671,Northeast,Northeast,Isolated,Explicit,f,,,,,,39,3
10712,9223,820.252313989357,Far,35.9526190274409,Northeast,Northeast,Isolated,Explicit,f,,,,,,39,3
10712,9280,914.548102739161,Far,30.8601574189265,Northeast,Northeast,Isolated,Explicit,f,,,,,,39,3
10712,11923,804.373736058998,Far,35.5649450051173,Northeast,Northeast,Isolated,Explicit,f,,,,,,39,3
10712,12495,804.373736058998,Far,35.5649450051173,Northeast,Northeast,Isolated,Explicit,f,,,,,,39,3
10712,9381,999.142611346683,Far,27.7749523032312,Northeast,Northeast,Isolated,Explicit,f,,,,,,39,3
10712,9199,980.376820460525,Far,34.2275583278674,Northeast,Northeast,Isolated,Explicit,f,,,,,,39,3
10712,13406,326.917078767911,Medium,60.0449127318031,Northeast,Northeast,Isolated,Explicit,f,,,,,,39,3
10712,9343,223.879172907514,Medium,77.4187774339975,East,East,Isolated,Explicit,f,,,,,,39,3
10712,9289,902.605312085708,Far,24.6208708793364,Northeast,Northeast,Isolated,Explicit,f,,,,,,39,3
10712,9383,473.443654207827,Medium,66.6266486993214,Northeast,Northeast,Isolated,Explicit,t,,,,,,39,3
10712,9399,486.85928895258,Medium,62.1399041300947,Northeast,Northeast,Isolated,Explicit,f,,,,,,39,3
10712,9378,442.3060831065,Medium,64.1878101733884,Northeast,Northeast,Isolated,Explicit,f,,,,,,39,3
10712,9207,774.796305488335,Far,29.289015284304,Northeast,Northeast,Isolated,Explicit,f,,,,,,39,3
10712,5916,825.414094956023,Far,22.0078603124531,North,North,Isolated,Explicit,t,,,,,,39,3
10712,9369,352.911203768872,Medium,72.5324010430701,East,East,Isolated,Explicit,f,,,,,,39,3
10712,10932,350.404841944618,Medium,72.3965817413833,East,East,Isolated,Explicit,f,,,,,,39,3
10712,10940,352.368987225906,Medium,72.5792356544055,East,East,Isolated,Explicit,f,,,,,,39,3
10712,13421,327.356251190276,Medium,72.9737808063542,East,East,Isolated,Explicit,f,,,,,,39,3
10712,9317,360.053860528296,Medium,74.0006365402268,East,East,Isolated,Explicit,f,,,,,,39,3
10712,12540,377.625965364142,Medium,72.5860271168255,East,East,Isolated,Explicit,f,,,,,,39,3
10712,5742,209.915187626176,Medium,332.361136378905,Northwest,Northwest,Isolated,Explicit,f,,,,,,39,3
10721,13346,548.26450341455,Far,230.379713229627,Southwest,Southwest,Isolated,Explicit,f,,,,,,5,3
10733,9234,374.880209922478,Medium,163.823643660566,South,South,Isolated,Explicit,f,,,,,,2,3
10733,10890,46.3719072212224,VeryClose,104.504335291354,East,East,Isolated,Explicit,f,,,,,,2,3
10771,9386,990.153950834698,Far,94.9231790969057,East,East,Isolated,Explicit,f,,,,,,8,3
10771,13176,906.703123179282,Far,63.1523379291148,Northeast,Northeast,Isolated,Explicit,f,,,,,,8,3
10771,10491,897.708508320154,Far,57.5271495679848,Northeast,Northeast,Isolated,Explicit,f,,,,,,8,3
10771,10885,846.788100649129,Far,69.0516192835837,East,East,Isolated,Explicit,f,,,,,,8,3
10771,10602,637.698065776697,Far,56.5846117290516,Northeast,Northeast,Isolated,Explicit,f,,,,,,8,3
10778,12388,646.153946546849,Far,350.322842137847,North,North,Isolated,Explicit,f,,,,,,19,3
10778,13409,424.546891782771,Medium,83.2519777366739,East,East,Isolated,Explicit,f,,,,,,19,3
10778,9595,431.66796494541,Medium,88.8326457202106,East,East,Isolated,Explicit,t,,,,,,19,3
10778,10489,727.726749553204,Far,84.3469940368334,East,East,Isolated,Explicit,f,,,,,,19,3
10778,8359,740.199853702921,Far,94.1868685853778,East,East,Isolated,Explicit,f,,,,,,19,3
10778,11053,745.976242581194,Far,85.0012384616121,East,East,Isolated,Explicit,f,,,,,,19,3
10778,7750,977.931749056362,Far,71.7152241389196,East,East,Isolated,Explicit,f,,,,,,19,3
10778,8948,979.816814368141,Far,71.6090174643842,East,East,Isolated,Explicit,f,,,,,,19,3
10778,6645,981.856952548861,Far,71.2660452544208,East,East,Isolated,Explicit,f,,,,,,19,3
10778,7587,989.43237939397,Far,72.4530477964311,East,East,Isolated,Explicit,f,,,,,,19,3
10819,13012,769.900986453793,Far,91.8473502108656,East,East,Isolated,Explicit,f,,,,,,59,4
10819,9281,799.321701925378,Far,92.0777330472082,East,East,Isolated,Explicit,f,,,,,,59,4
10819,9097,697.618681509047,Far,86.838281421017,East,East,Isolated,Explicit,f,,,,,,59,4
10819,9177,633.957758150206,Far,85.69762091846,East,East,Isolated,Explicit,f,,,,,,59,4
10819,9307,647.565560281422,Far,85.7988325308129,East,East,Isolated,Explicit,f,,,,,,59,4
10819,9614,622.071667517775,Far,91.0640688808757,East,East,Isolated,Explicit,f,,,,,,59,4
10819,5879,348.438740543041,Medium,83.2694655928025,East,East,Isolated,Explicit,f,,,,,,59,4
10819,10879,389.009604639517,Medium,80.5197151839548,East,East,Isolated,Explicit,f,,,,,,59,4
10819,10906,381.521321672285,Medium,80.3293236231148,East,East,Isolated,Explicit,f,,,,,,59,4
10819,10717,395.156478582047,Medium,81.4681687593079,East,East,Isolated,Explicit,f,,,,,,59,4
10819,10878,424.718796725127,Medium,83.9187851500968,East,East,Isolated,Explicit,f,,,,,,59,4
10819,6480,320.636196729461,Medium,81.5940336571201,East,East,Isolated,Explicit,f,,,,,,59,4
10819,13351,249.777764067814,Medium,91.2377683790653,East,East,Isolated,Explicit,f,,,,,,59,4
10819,6673,235.496237245005,Medium,82.7462961976001,East,East,Isolated,Explicit,f,,,,,,59,4
10819,12547,67.083744650507,Close,206.114590100204,Southwest,Southwest,Isolated,Explicit,f,,,,,,59,4
10819,5757,47.3070632742647,VeryClose,206.65977778254,Southwest,Southwest,Isolated,Explicit,f,,,,,,59,4
10819,6482,275.034656936648,Medium,257.888892961501,West,West,Isolated,Explicit,f,,,,,,59,4
10819,8894,304.78500282876,Medium,265.13998657496,West,West,Isolated,Explicit,f,,,,,,59,4
10819,9366,406.896140353018,Medium,304.691219961741,Northwest,Northwest,Isolated,Explicit,f,,,,,,59,4
10819,12642,344.156411814247,Medium,267.048241876971,West,West,Isolated,Explicit,f,,,,,,59,4
10819,12653,351.339744070608,Medium,266.129585576931,West,West,Isolated,Explicit,f,,,,,,59,4
10819,6977,358.638239097408,Medium,264.802682471391,West,West,Isolated,Explicit,f,,,,,,59,4
10819,11330,449.604997122892,Medium,277.584353826334,West,West,Isolated,Explicit,f,,,,,,59,4
10819,9237,463.648955528976,Medium,249.137004361899,West,West,Isolated,Explicit,f,,,,,,59,4
10819,10749,547.150686597221,Far,232.811663872943,Southwest,Southwest,Isolated,Explicit,f,,,,,,59,4
10819,10827,467.578446392998,Medium,277.314309109228,West,West,Isolated,Explicit,f,,,,,,59,4
10819,10948,471.566449013065,Medium,277.165230388956,West,West,Isolated,Explicit,f,,,,,,59,4
10819,9516,472.992177064956,Medium,273.73344580084,West,West,Isolated,Explicit,f,,,,,,59,4
10819,6937,529.964707794653,Far,282.768910097245,West,West,Isolated,Explicit,f,,,,,,59,4
10819,5535,510.479811798772,Far,273.628119873253,West,West,Isolated,Explicit,f,,,,,,59,4
10819,6801,521.523960257356,Far,274.19396796388,West,West,Isolated,Explicit,f,,,,,,59,4
10819,9395,739.034601774549,Far,274.16582680304,West,West,Isolated,Explicit,f,,,,,,59,4
10819,11043,932.655777189777,Far,268.96496997587,West,West,Isolated,Explicit,t,,,,,,59,4
10819,10604,928.332932205218,Far,269.058637123802,West,West,Isolated,Explicit,t,,,,,,59,4
10819,6719,980.168550588944,Far,92.2699162495161,East,East,Isolated,Explicit,f,,,,,,59,4
10819,9269,990.472194343887,Far,92.2114900483016,East,East,Isolated,Explicit,f,,,,,,59,4
10819,5513,876.365028478764,Far,91.6394582396385,East,East,Isolated,Explicit,f,,,,,,59,4
10819,5490,921.097808856521,Far,92.2562860473205,East,East,Isolated,Explicit,f,,,,,,59,4
10889,9896,987.025693716423,Far,149.332016749184,Southeast,Southeast,Isolated,Explicit,f,,,,,,136,6
10889,6349,822.524071426154,Far,146.676841314949,Southeast,Southeast,Isolated,Explicit,f,,,,,,136,6
10889,9951,670.170888814377,Far,135.234746094727,Southeast,Southeast,Isolated,Explicit,f,,,,,,136,6
10889,11718,797.730853556791,Far,144.05540154755,Southeast,Southeast,Isolated,Explicit,f,,,,,,136,6
10889,11211,617.920841411849,Far,127.171971418334,Southeast,Southeast,Isolated,Explicit,f,,,,,,136,6
10889,11435,612.884466133585,Far,127.925899866767,Southeast,Southeast,Isolated,Explicit,f,,,,,,136,6
10889,12332,584.911176861335,Far,109.315564845898,East,East,Isolated,Explicit,f,,,,,,136,6
10889,12482,554.977313692445,Far,88.6394482728843,East,East,Isolated,Explicit,t,,,,,,136,6
10889,11263,656.350168987708,Far,127.505654540101,Southeast,Southeast,Isolated,Explicit,f,,,,,,136,6
10889,11013,758.2418120565,Far,137.12022604315,Southeast,Southeast,Isolated,Explicit,f,,,,,,136,6
10889,8917,775.034986735329,Far,137.433335569534,Southeast,Southeast,Isolated,Explicit,f,,,,,,136,6
10889,11057,809.932632946817,Far,138.273363749974,Southeast,Southeast,Isolated,Explicit,f,,,,,,136,6
10889,7790,734.55340129574,Far,131.842397411553,Southeast,Southeast,Isolated,Explicit,f,,,,,,136,6
10889,10033,731.894587928597,Far,131.828527710453,Southeast,Southeast,Isolated,Explicit,f,,,,,,136,6
10889,11324,734.234742294052,Far,126.081781606045,Southeast,Southeast,Isolated,Explicit,f,,,,,,136,6
10889,11160,675.941984343383,Far,118.617881715042,Southeast,Southeast,Isolated,Explicit,f,,,,,,136,6
10889,8819,963.580722896026,Far,141.368609673153,Southeast,Southeast,Isolated,Explicit,f,,,,,,136,6
10889,12537,635.621944278897,Far,92.1069046101836,East,East,Isolated,Explicit,f,,,,,,136,6
10889,11906,598.503526881329,Far,94.7557039130692,East,East,Isolated,Explicit,f,,,,,,136,6
10889,9885,668.210702368141,Far,98.3944320068435,East,East,Isolated,Explicit,f,,,,,,136,6
10889,12451,911.397355989237,Far,112.092493807253,East,East,Isolated,Explicit,t,,,,,,136,6
10889,11800,906.897276891818,Far,109.564840040209,East,East,Isolated,Explicit,f,,,,,,136,6
10889,12288,910.483124256386,Far,109.723592671981,East,East,Isolated,Explicit,f,,,,,,136,6
10889,8938,913.930690472087,Far,109.177930768969,East,East,Isolated,Explicit,f,,,,,,136,6
10889,11795,901.859731879242,Far,104.371833124465,East,East,Isolated,Explicit,f,,,,,,136,6
10889,8577,933.186003720671,Far,108.099875628629,East,East,Isolated,Explicit,f,,,,,,136,6
10889,8671,937.249770163145,Far,108.769786710932,East,East,Isolated,Explicit,f,,,,,,136,6
10889,7783,999.894819400187,Far,108.780569835551,East,East,Isolated,Explicit,f,,,,,,136,6
10889,9187,978.377825380606,Far,108.620671091785,East,East,Isolated,Explicit,f,,,,,,136,6
10889,13474,969.00052475456,Far,106.815508727209,East,East,Isolated,Explicit,f,,,,,,136,6
10889,13471,968.809170662839,Far,106.484049035281,East,East,Isolated,Explicit,f,,,,,,136,6
10889,5438,952.714682373333,Far,100.738190669221,East,East,Isolated,Explicit,f,,,,,,136,6
10889,6360,967.822371249012,Far,104.304936103413,East,East,Isolated,Explicit,f,,,,,,136,6
10889,8522,980.921980222913,Far,106.24858820638,East,East,Isolated,Explicit,f,,,,,,136,6
10889,6309,976.460435252416,Far,105.168153914838,East,East,Isolated,Explicit,f,,,,,,136,6
10889,6200,979.253823144763,Far,105.763921840318,East,East,Isolated,Explicit,f,,,,,,136,6
10889,6390,979.836403809155,Far,105.774839575486,East,East,Isolated,Explicit,f,,,,,,136,6
10889,8512,979.836403809155,Far,105.774839575486,East,East,Isolated,Explicit,f,,,,,,136,6
10889,7045,981.150424017589,Far,104.909362810932,East,East,Isolated,Explicit,f,,,,,,136,6
10889,5367,981.707445045549,Far,104.506897480225,East,East,Isolated,Explicit,f,,,,,,136,6
10889,5696,989.778500878902,Far,106.424981207407,East,East,Isolated,Explicit,f,,,,,,136,6
10889,7233,993.437199099372,Far,106.571357748125,East,East,Isolated,Explicit,f,,,,,,136,6
10889,8025,988.749489073805,Far,104.790084722352,East,East,Isolated,Explicit,f,,,,,,136,6
10889,6290,986.524006886806,Far,104.643357557416,East,East,Isolated,Explicit,f,,,,,,136,6
10889,5718,981.024490416359,Far,104.176393255,East,East,Isolated,Explicit,f,,,,,,136,6
10889,6104,958.508678402145,Far,105.146197118998,East,East,Isolated,Explicit,f,,,,,,136,6
10889,6590,965.003843351307,Far,106.301892467748,East,East,Isolated,Explicit,f,,,,,,136,6
10889,6263,959.777885321103,Far,105.434764710414,East,East,Isolated,Explicit,f,,,,,,136,6
10889,13473,966.872054071897,Far,106.653671554952,East,East,Isolated,Explicit,f,,,,,,136,6
10889,7913,965.955971407597,Far,107.046606476319,East,East,Isolated,Explicit,f,,,,,,136,6
10889,8634,960.245506473964,Far,106.044935656791,East,East,Isolated,Explicit,f,,,,,,136,6
10889,8554,961.111964604393,Far,107.166618394687,East,East,Isolated,Explicit,f,,,,,,136,6
10889,11414,958.34039255721,Far,107.361558869505,East,East,Isolated,Explicit,f,,,,,,136,6
10889,5936,947.33793927446,Far,105.919944985586,East,East,Isolated,Explicit,f,,,,,,136,6
10889,6010,944.029298058529,Far,105.83540793174,East,East,Isolated,Explicit,f,,,,,,136,6
10889,11249,950.167128855384,Far,107.60142439483,East,East,Isolated,Explicit,f,,,,,,136,6
10889,11267,940.694006707098,Far,106.501651206958,East,East,Isolated,Explicit,f,,,,,,136,6
10889,11486,940.20768586903,Far,106.587512936008,East,East,Isolated,Explicit,f,,,,,,136,6
10889,11429,936.324821684917,Far,107.080376075348,East,East,Isolated,Explicit,f,,,,,,136,6
10889,9583,865.647091493849,Far,120.527393175905,Southeast,Southeast,Isolated,Explicit,f,,,,,,136,6
10889,8429,967.371693143158,Far,96.8692335257521,East,East,Isolated,Explicit,f,,,,,,136,6
10889,6353,999.641181806202,Far,105.782507919301,East,East,Isolated,Explicit,f,,,,,,136,6
10889,7883,993.550443375432,Far,104.89817378447,East,East,Isolated,Explicit,f,,,,,,136,6
10889,8795,638.425764652034,Far,266.75757151602,West,West,Isolated,Explicit,f,,,,,,136,6
10889,8899,677.421452374978,Far,289.605075381124,West,West,Isolated,Explicit,f,,,,,,136,6
10889,7806,683.029703467307,Far,290.925498646311,West,West,Isolated,Explicit,t,,,,,,136,6
10889,11261,683.000580892193,Far,290.312115670447,West,West,Isolated,Explicit,t,,,,,,136,6
10889,11384,680.489521424703,Far,290.845192393891,West,West,Isolated,Explicit,t,,,,,,136,6
10889,11167,678.83070286639,Far,291.497111682038,West,West,Isolated,Explicit,t,,,,,,136,6
10889,12490,683.976678127356,Far,286.571552650683,West,West,Isolated,Explicit,f,,,,,,136,6
10889,11242,729.898601958021,Far,294.723411623102,Northwest,Northwest,Isolated,Explicit,f,,,,,,136,6
10889,11681,723.938874321719,Far,275.745526601472,West,West,Isolated,Explicit,f,,,,,,136,6
10889,10849,813.940246064965,Far,244.710733038744,Southwest,Southwest,Isolated,Explicit,f,,,,,,136,6
10889,12013,780.09639177471,Far,271.955796876686,West,West,Isolated,Explicit,f,,,,,,136,6
10889,11806,809.340671427657,Far,282.980195951653,West,West,Isolated,Explicit,f,,,,,,136,6
10889,11662,815.829613299695,Far,269.185145298439,West,West,Isolated,Explicit,t,,,,,,136,6
10889,8779,810.849425783886,Far,274.260964894026,West,West,Isolated,Explicit,f,,,,,,136,6
10889,12740,825.929617643889,Far,274.364476799701,West,West,Isolated,Explicit,f,,,,,,136,6
10889,10250,740.739365259004,Far,151.840308804818,Southeast,Southeast,Isolated,Explicit,f,,,,,,136,6
10889,10990,760.386275033979,Far,152.575877484811,Southeast,Southeast,Isolated,Explicit,f,,,,,,136,6
10889,11986,475.913720544978,Medium,132.321197555804,Southeast,Southeast,Isolated,Explicit,f,,,,,,136,6
10889,9998,573.779685465849,Far,140.503920510872,Southeast,Southeast,Isolated,Explicit,f,,,,,,136,6
10889,6433,552.361966871835,Far,133.402125411178,Southeast,Southeast,Isolated,Explicit,t,,,,,,136,6
10889,7009,545.705275205702,Far,133.33487267714,Southeast,Southeast,Isolated,Explicit,t,,,,,,136,6
10889,10016,432.443480475106,Medium,116.805038669755,Southeast,Southeast,Isolated,Explicit,f,,,,,,136,6
10889,7814,478.095216141263,Medium,113.315194287462,Southeast,Southeast,Isolated,Explicit,f,,,,,,136,6
10889,12245,553.33056444056,Far,128.063326009224,Southeast,Southeast,Isolated,Explicit,f,,,,,,136,6
10889,12393,944.936850420907,Far,157.389834877409,Southeast,Southeast,Isolated,Explicit,t,,,,,,136,6
10889,5228,935.698364158891,Far,159.585294318318,South,South,Isolated,Explicit,f,,,,,,136,6
10889,5187,933.771199942742,Far,163.773061670403,South,South,Isolated,Explicit,f,,,,,,136,6
10889,10465,749.628850097566,Far,158.705008329977,South,South,Isolated,Explicit,f,,,,,,136,6
10889,10591,749.930486942164,Far,158.693138250585,South,South,Isolated,Explicit,f,,,,,,136,6
10889,10252,782.714325464898,Far,157.275299717396,Southeast,Southeast,Isolated,Explicit,t,,,,,,136,6
10889,8247,782.244240444152,Far,157.417246413916,Southeast,Southeast,Isolated,Explicit,t,,,,,,136,6
10889,10623,810.753461815053,Far,157.634655733461,South,South,Isolated,Explicit,f,,,,,,136,6
10889,11274,885.731804265771,Far,159.731661494121,South,South,Isolated,Explicit,f,,,,,,136,6
10889,7765,509.675230416853,Far,141.778810846745,Southeast,Southeast,Isolated,Explicit,f,,,,,,136,6
10889,11735,479.290808241798,Medium,138.849942236437,Southeast,Southeast,Isolated,Explicit,f,,,,,,136,6
10889,5455,839.119657291509,Far,171.447911236969,South,South,Isolated,Explicit,f,,,,,,136,6
10889,9960,984.163923015287,Far,169.937413103549,South,South,Isolated,Explicit,f,,,,,,136,6
10889,12803,846.988893140923,Far,172.994828301918,South,South,Isolated,Explicit,f,,,,,,136,6
10889,9954,982.317750263375,Far,173.577020369117,South,South,Isolated,Explicit,f,,,,,,136,6
10889,10041,989.2733675289,Far,179.377909269578,South,South,Isolated,Explicit,t,,,,,,136,6
10889,13389,39.0975722154662,VeryClose,191.414923489578,South,South,Isolated,Explicit,f,,,,,,136,6
10889,12736,519.55723224526,Far,228.662609038916,Southwest,Southwest,Isolated,Explicit,f,,,,,,136,6
10889,11367,548.037966400879,Far,226.334327893942,Southwest,Southwest,Isolated,Explicit,f,,,,,,136,6
10889,12754,582.823862867727,Far,223.59973938157,Southwest,Southwest,Isolated,Explicit,t,,,,,,136,6
10889,10431,532.464693113331,Far,285.197052237951,West,West,Isolated,Explicit,f,,,,,,136,6
10889,12721,576.087764686086,Far,245.509593984699,Southwest,Southwest,Isolated,Explicit,t,,,,,,136,6
10889,9548,497.452767606654,Medium,264.86248497119,West,West,Isolated,Explicit,f,,,,,,136,6
10889,12834,638.946622165845,Far,192.788845179315,South,South,Isolated,Explicit,f,,,,,,136,6
10889,13535,989.555675224749,Far,188.912141562859,South,South,Isolated,Explicit,f,,,,,,136,6
10889,10233,989.855520716448,Far,188.579653581695,South,South,Isolated,Explicit,f,,,,,,136,6
10920,11119,358.26293813876,Medium,69.5667741663965,East,East,Isolated,Explicit,f,,,,,,4,3
10921,9068,920.530604233437,Far,130.20587892043,Southeast,Southeast,Isolated,Explicit,f,,,,,,12,3
10921,11105,930.452704100996,Far,128.865792338757,Southeast,Southeast,Isolated,Explicit,f,,,,,,12,3
10921,11282,975.246678484312,Far,120.576623378408,Southeast,Southeast,Isolated,Explicit,f,,,,,,12,3
10921,11763,827.734152089162,Far,147.23264993121,Southeast,Southeast,Isolated,Explicit,f,,,,,,12,3
10921,6789,813.443440323109,Far,146.591499910989,Southeast,Southeast,Isolated,Explicit,f,,,,,,12,3
10921,6760,854.191887437534,Far,140.832422622931,Southeast,Southeast,Isolated,Explicit,f,,,,,,12,3
10921,13349,872.914731429868,Far,137.342561392881,Southeast,Southeast,Isolated,Explicit,f,,,,,,12,3
10921,10484,754.73673975819,Far,151.543400062917,Southeast,Southeast,Isolated,Explicit,f,,,,,,12,3
10961,6553,951.901072483648,Far,80.3762611790934,East,East,Isolated,Explicit,f,,,,,,60,4
10961,7831,972.757966032578,Far,90.9357933963293,East,East,Isolated,Explicit,f,,,,,,60,4
10961,12450,989.776657901664,Far,90.4206773396537,East,East,Isolated,Explicit,f,,,,,,60,4
10961,10363,938.194561837734,Far,77.0439895619372,East,East,Isolated,Explicit,f,,,,,,60,4
10961,7448,873.445072690621,Far,80.2817507403278,East,East,Isolated,Explicit,f,,,,,,60,4
10961,13359,786.258488147542,Far,90.9509247584163,East,East,Isolated,Explicit,f,,,,,,60,4
10961,10622,686.28781608974,Far,91.3980024295043,East,East,Isolated,Explicit,f,,,,,,60,4
10961,10632,675.812105266079,Far,89.4863395198958,East,East,Isolated,Explicit,t,,,,,,60,4
10961,10480,704.542786310215,Far,84.2113818309145,East,East,Isolated,Explicit,f,,,,,,60,4
10961,10407,711.266737758186,Far,90.9771571855544,East,East,Isolated,Explicit,f,,,,,,60,4
10961,11061,709.048960826966,Far,90.9057344670072,East,East,Isolated,Explicit,f,,,,,,60,4
10961,10266,715.405302853786,Far,88.1842879444077,East,East,Isolated,Explicit,t,,,,,,60,4
10961,11109,732.669916389257,Far,83.5151739345756,East,East,Isolated,Explicit,f,,,,,,60,4
10961,10668,736.378689895617,Far,83.0384023942348,East,East,Isolated,Explicit,f,,,,,,60,4
10961,10685,737.337213900653,Far,83.3880479180489,East,East,Isolated,Explicit,f,,,,,,60,4
10961,10555,721.981535428971,Far,83.7697353992199,East,East,Isolated,Explicit,f,,,,,,60,4
10961,10781,975.238475536689,Far,46.5836758840563,Northeast,Northeast,Isolated,Explicit,f,,,,,,60,4
10961,11131,657.957077203413,Far,87.3395590487321,East,East,Isolated,Explicit,f,,,,,,60,4
10961,10676,674.529660074945,Far,91.7843346452461,East,East,Isolated,Explicit,f,,,,,,60,4
10961,10657,668.235329928639,Far,89.9275388817052,East,East,Isolated,Explicit,t,,,,,,60,4
10961,10648,667.80302768314,Far,89.974549218923,East,East,Isolated,Explicit,t,,,,,,60,4
10961,10635,664.699949997711,Far,88.7931382723746,East,East,Isolated,Explicit,t,,,,,,60,4
10961,10306,773.527562216644,Far,134.594560646834,Southeast,Southeast,Isolated,Explicit,t,,,,,,60,4
10961,13331,835.333160118028,Far,136.111192152047,Southeast,Southeast,Isolated,Explicit,f,,,,,,60,4
10961,8663,638.987194113741,Far,117.829454429981,Southeast,Southeast,Isolated,Explicit,f,,,,,,60,4
10961,13347,681.419805528386,Far,47.1882128879509,Northeast,Northeast,Isolated,Explicit,f,,,,,,60,4
10961,6447,507.335493331397,Far,101.076667757714,East,East,Isolated,Explicit,f,,,,,,60,4
10961,7642,541.178901554501,Far,102.344653077502,East,East,Isolated,Explicit,f,,,,,,60,4
10961,10297,558.55952495845,Far,106.868308692193,East,East,Isolated,Explicit,f,,,,,,60,4
10961,12625,561.132405244083,Far,103.471512235739,East,East,Isolated,Explicit,f,,,,,,60,4
10961,8662,592.717844111559,Far,115.316539731021,Southeast,Southeast,Isolated,Explicit,f,,,,,,60,4
10961,11087,756.485741019499,Far,134.20175535174,Southeast,Southeast,Isolated,Explicit,t,,,,,,60,4
10961,9402,996.190605200816,Far,148.422440443337,Southeast,Southeast,Isolated,Explicit,f,,,,,,60,4
10961,9386,724.311274485082,Far,137.965284871715,Southeast,Southeast,Isolated,Explicit,f,,,,,,60,4
10961,13336,990.731098928796,Far,151.805813240303,Southeast,Southeast,Isolated,Explicit,f,,,,,,60,4
10961,6674,452.331704170142,Medium,97.3502819689037,East,East,Isolated,Explicit,f,,,,,,60,4
10961,6940,471.466091384453,Medium,97.3712649705663,East,East,Isolated,Explicit,f,,,,,,60,4
10961,13176,310.517985809586,Medium,98.0556247014211,East,East,Isolated,Explicit,f,,,,,,60,4
10961,5480,363.160864529499,Medium,75.9924557089423,East,East,Isolated,Explicit,f,,,,,,60,4
10961,7193,406.818076362831,Medium,55.453007736283,Northeast,Northeast,Isolated,Explicit,f,,,,,,60,4
10961,10491,257.468277854485,Medium,83.5371886461562,East,East,Isolated,Explicit,f,,,,,,60,4
10961,10885,325.991753951091,Medium,117.445288241313,Southeast,Southeast,Isolated,Explicit,f,,,,,,60,4
10962,10418,950.897730572974,Far,175.672561368436,South,South,Isolated,Explicit,f,,,,,,7,3
10962,13010,956.13451268794,Far,175.828783848951,South,South,Isolated,Explicit,f,,,,,,7,3
10962,10703,414.907000870771,Medium,154.495806011276,Southeast,Southeast,Isolated,Explicit,f,,,,,,7,3
10989,6698,551.234053868882,Far,122.036130017502,Southeast,Southeast,Isolated,Explicit,f,,,,,,13,3
10989,6966,542.641284500926,Far,118.89405015342,Southeast,Southeast,Isolated,Explicit,f,,,,,,13,3
10989,12929,529.577050953321,Far,116.010235489782,Southeast,Southeast,Isolated,Explicit,f,,,,,,13,3
10989,12161,559.189254491351,Far,121.52896950823,Southeast,Southeast,Isolated,Explicit,f,,,,,,13,3
10989,9352,527.185267355244,Far,111.528764420972,East,East,Isolated,Explicit,t,,,,,,13,3
10989,8759,634.584300129732,Far,106.512108999134,East,East,Isolated,Explicit,f,,,,,,13,3
10989,10368,582.542708894474,Far,16.7833138498077,North,North,Isolated,Explicit,f,,,,,,13,3
10997,13353,897.147469505583,Far,6.16452153637135,North,North,Isolated,Explicit,f,,,,,,7,3
10997,10703,688.559532893965,Far,12.4891112826443,North,North,Isolated,Explicit,f,,,,,,7,3
10997,10949,767.509960088399,Far,239.895094995634,Southwest,Southwest,Isolated,Explicit,f,,,,,,7,3
10997,6544,773.728592081325,Far,240.149306718509,Southwest,Southwest,Isolated,Explicit,f,,,,,,7,3
11112,8705,962.348834597018,Far,4.56324860310114,North,North,Isolated,Explicit,f,,,,,,11,3
11112,13228,952.585830521565,Far,355.824321663279,North,North,Isolated,Explicit,f,,,,,,11,3
11112,10823,729.581908167613,Far,345.083377249638,North,North,Isolated,Explicit,f,,,,,,11,3
11112,5360,980.896228050876,Far,8.01281597238566,North,North,Isolated,Explicit,f,,,,,,11,3
11112,6743,978.892271595617,Far,7.53503290608857,North,North,Isolated,Explicit,f,,,,,,11,3
11112,12801,852.208580197843,Far,14.411053313278,North,North,Isolated,Explicit,f,,,,,,11,3
11112,7700,996.229935638005,Far,10.9759623970874,North,North,Isolated,Explicit,f,,,,,,11,3
11112,7359,987.989274664717,Far,10.7517153619395,North,North,Isolated,Explicit,f,,,,,,11,3
11112,9178,987.741324054659,Far,10.7442366573194,North,North,Isolated,Explicit,f,,,,,,11,3
11118,11522,876.152210591269,Far,98.6694379449778,East,East,Isolated,Explicit,f,,,,,,43,3
11118,7652,901.342723263068,Far,98.9977863915804,East,East,Isolated,Explicit,f,,,,,,43,3
11118,7622,901.998027498568,Far,99.0203099216377,East,East,Isolated,Explicit,f,,,,,,43,3
11118,9155,910.522674671204,Far,95.0927351430881,East,East,Isolated,Explicit,f,,,,,,43,3
11118,8778,991.422145791531,Far,67.8504501293991,East,East,Isolated,Explicit,f,,,,,,43,3
11118,13404,941.738426966038,Far,71.4517568591426,East,East,Isolated,Explicit,f,,,,,,43,3
11118,8452,963.441122174514,Far,66.6587018153503,Northeast,Northeast,Isolated,Explicit,t,,,,,,43,3
11118,5371,851.329674290796,Far,75.9908773795688,East,East,Isolated,Explicit,f,,,,,,43,3
11118,11822,846.291699180052,Far,98.7956877338294,East,East,Isolated,Explicit,f,,,,,,43,3
11118,7301,950.891423019333,Far,119.381113286524,Southeast,Southeast,Isolated,Explicit,f,,,,,,43,3
11118,12037,825.039707878505,Far,104.864056395264,East,East,Isolated,Explicit,f,,,,,,43,3
11118,13318,971.984600283313,Far,128.64751902467,Southeast,Southeast,Isolated,Explicit,f,,,,,,43,3
11118,11175,889.227753707238,Far,121.241093251493,Southeast,Southeast,Isolated,Explicit,f,,,,,,43,3
11118,9676,943.446467493087,Far,126.408237408416,Southeast,Southeast,Isolated,Explicit,f,,,,,,43,3
11118,10339,835.70843489573,Far,115.414272524341,Southeast,Southeast,Isolated,Explicit,f,,,,,,43,3
11118,9273,977.970072001363,Far,130.438514911719,Southeast,Southeast,Isolated,Explicit,f,,,,,,43,3
11118,9684,752.04339534313,Far,77.1749220382443,East,East,Isolated,Explicit,f,,,,,,43,3
11118,9467,699.117685428045,Far,72.3003770479849,East,East,Isolated,Explicit,f,,,,,,43,3
11118,13416,950.636562720676,Far,142.331100389367,Southeast,Southeast,Isolated,Explicit,f,,,,,,43,3
11118,9398,769.55473727324,Far,137.013808941432,Southeast,Southeast,Isolated,Explicit,f,,,,,,43,3
11118,6436,767.798308780762,Far,144.231666546998,Southeast,Southeast,Isolated,Explicit,f,,,,,,43,3
11118,13367,700.514227274008,Far,148.001449394222,Southeast,Southeast,Isolated,Explicit,f,,,,,,43,3
11118,13163,190.461535719555,Close,147.178916223554,Southeast,Southeast,Isolated,Explicit,f,,,,,,43,3
11118,5927,928.892461764957,Far,6.80047458759453,North,North,Isolated,Explicit,f,,,,,,43,3
11118,9304,982.973072908185,Far,354.813675615957,North,North,Isolated,Explicit,f,,,,,,43,3
11118,8461,767.892066008451,Far,311.829458282684,Northwest,Northwest,Isolated,Explicit,f,,,,,,43,3
11118,13422,741.390887089654,Far,302.179512481111,Northwest,Northwest,Isolated,Explicit,f,,,,,,43,3
11118,13430,600.566335380064,Far,298.738017703428,Northwest,Northwest,Isolated,Explicit,f,,,,,,43,3
11118,9384,749.797656311602,Far,334.576317094256,Northwest,Northwest,Isolated,Explicit,f,,,,,,43,3
11118,13406,656.502742609127,Far,330.047929263685,Northwest,Northwest,Isolated,Explicit,f,,,,,,43,3
11118,9343,600.422120163028,Far,319.175971846548,Northwest,Northwest,Isolated,Explicit,f,,,,,,43,3
11118,9383,619.083155758257,Far,343.442022030934,North,North,Isolated,Explicit,f,,,,,,43,3
11118,9399,658.355951425863,Far,344.079055432107,North,North,Isolated,Explicit,f,,,,,,43,3
11118,9378,634.915897208528,Far,340.413108282088,North,North,Isolated,Explicit,f,,,,,,43,3
11118,9369,580.463330972474,Far,331.790317643232,Northwest,Northwest,Isolated,Explicit,f,,,,,,43,3
11118,10932,581.751327553618,Far,331.562947824978,Northwest,Northwest,Isolated,Explicit,f,,,,,,43,3
11118,10940,580.281726795885,Far,331.732406253252,Northwest,Northwest,Isolated,Explicit,f,,,,,,43,3
11118,13421,583.312147018468,Far,329.276259459334,Northwest,Northwest,Isolated,Explicit,f,,,,,,43,3
11118,9317,570.11370730677,Far,332.311091078006,Northwest,Northwest,Isolated,Explicit,f,,,,,,43,3
11118,12540,576.01880694522,Far,334.19972177575,Northwest,Northwest,Isolated,Explicit,f,,,,,,43,3
11118,5742,922.9088257947,Far,309.863427389112,Northwest,Northwest,Isolated,Explicit,f,,,,,,43,3
11133,9545,702.034879876213,Far,91.3543337671679,East,East,Isolated,Explicit,f,,,,,,56,4
11133,12987,746.036778011944,Far,100.896685383056,East,East,Isolated,Explicit,f,,,,,,56,4
11133,12821,997.931496178877,Far,201.577927959843,South,South,Isolated,Explicit,t,,,,,,56,4
11133,13451,608.101769220194,Far,189.945975498384,South,South,Isolated,Explicit,f,,,,,,56,4
11133,12684,546.86933150471,Far,14.3043358625779,North,North,Isolated,Explicit,f,,,,,,56,4
11133,8758,784.005802499412,Far,169.886897562837,South,South,Isolated,Explicit,f,,,,,,56,4
11133,10300,848.527183893668,Far,170.761605656185,South,South,Isolated,Explicit,f,,,,,,56,4
11133,10882,848.77525587947,Far,170.752813323138,South,South,Isolated,Explicit,f,,,,,,56,4
11133,13008,844.593754412222,Far,170.038960095119,South,South,Isolated,Explicit,f,,,,,,56,4
11133,5280,858.500297449373,Far,171.269515477414,South,South,Isolated,Explicit,f,,,,,,56,4
11133,6409,441.228282851933,Medium,165.017831510663,South,South,Isolated,Explicit,f,,,,,,56,4
11133,13434,379.030400583957,Medium,161.877306728136,South,South,Isolated,Explicit,f,,,,,,56,4
11133,6713,679.275223814697,Far,172.179811838964,South,South,Isolated,Explicit,f,,,,,,56,4
11133,8953,666.491666947094,Far,176.380637679064,South,South,Isolated,Explicit,f,,,,,,56,4
11133,12886,558.649703739201,Far,356.366468055052,North,North,Isolated,Explicit,f,,,,,,56,4
11133,8547,482.786491697376,Medium,183.018258807774,South,South,Isolated,Explicit,f,,,,,,56,4
11133,6762,875.81349096602,Far,168.792550978161,South,South,Isolated,Explicit,f,,,,,,56,4
11133,5496,928.569774466022,Far,166.449242839328,South,South,Isolated,Explicit,f,,,,,,56,4
11133,11171,764.067541157935,Far,164.001602351593,South,South,Isolated,Explicit,f,,,,,,56,4
11133,5492,456.681637024851,Medium,141.53474546152,Southeast,Southeast,Isolated,Explicit,f,,,,,,56,4
11133,7202,468.634882253496,Medium,142.020042000484,Southeast,Southeast,Isolated,Explicit,f,,,,,,56,4
11133,5522,742.404036616387,Far,159.671353109832,South,South,Isolated,Explicit,f,,,,,,56,4
11133,6606,750.369472687214,Far,160.466729123986,South,South,Isolated,Explicit,f,,,,,,56,4
11133,11014,965.660763997964,Far,162.522923227756,South,South,Isolated,Explicit,f,,,,,,56,4
11133,10287,961.998283332483,Far,162.873803489061,South,South,Isolated,Explicit,f,,,,,,56,4
11133,7834,781.098083822005,Far,156.498899975543,Southeast,Southeast,Isolated,Explicit,t,,,,,,56,4
11133,13344,933.15487551491,Far,159.849987764802,South,South,Isolated,Explicit,f,,,,,,56,4
11133,6663,752.34223963003,Far,151.894041846606,Southeast,Southeast,Isolated,Explicit,f,,,,,,56,4
11133,9766,749.063624912735,Far,152.78739483715,Southeast,Southeast,Isolated,Explicit,f,,,,,,56,4
11133,6437,748.596417331421,Far,153.24018315767,Southeast,Southeast,Isolated,Explicit,f,,,,,,56,4
11133,8895,823.80866360497,Far,155.881309089418,Southeast,Southeast,Isolated,Explicit,t,,,,,,56,4
11133,6751,598.518645594432,Far,146.914313592697,Southeast,Southeast,Isolated,Explicit,f,,,,,,56,4
11133,11559,735.216638776193,Far,148.976102843651,Southeast,Southeast,Isolated,Explicit,f,,,,,,56,4
11133,5759,790.018508357993,Far,151.107405523566,Southeast,Southeast,Isolated,Explicit,f,,,,,,56,4
11133,7349,803.456709974276,Far,151.619824912977,Southeast,Southeast,Isolated,Explicit,f,,,,,,56,4
11133,6856,886.631010363356,Far,154.302595944708,Southeast,Southeast,Isolated,Explicit,f,,,,,,56,4
11133,8268,883.210215962137,Far,154.655593538497,Southeast,Southeast,Isolated,Explicit,f,,,,,,56,4
11133,8281,883.210215962137,Far,154.655593538497,Southeast,Southeast,Isolated,Explicit,f,,,,,,56,4
11133,7407,876.478278209194,Far,155.573354317496,Southeast,Southeast,Isolated,Explicit,t,,,,,,56,4
11133,7123,887.659138737524,Far,155.417568104854,Southeast,Southeast,Isolated,Explicit,t,,,,,,56,4
11133,7773,886.020810457219,Far,153.709129648657,Southeast,Southeast,Isolated,Explicit,f,,,,,,56,4
11133,5884,887.503203243107,Far,153.948864368896,Southeast,Southeast,Isolated,Explicit,f,,,,,,56,4
11133,8876,794.346361854705,Far,150.561101725861,Southeast,Southeast,Isolated,Explicit,f,,,,,,56,4
11133,8755,809.570601051463,Far,128.405004056896,Southeast,Southeast,Isolated,Explicit,f,,,,,,56,4
11133,12996,919.784086776619,Far,152.804432622351,Southeast,Southeast,Isolated,Explicit,f,,,,,,56,4
11190,11689,939.93867758609,Far,58.5696919607505,Northeast,Northeast,Isolated,Explicit,f,,,,,,37,3
11190,12783,806.51518391406,Far,45.0258070647233,Northeast,Northeast,Isolated,Explicit,f,,,,,,37,3
11190,10934,756.038888394468,Far,37.0739238089383,Northeast,Northeast,Isolated,Explicit,f,,,,,,37,3
11190,10323,753.089632182693,Far,37.1107944543663,Northeast,Northeast,Isolated,Explicit,f,,,,,,37,3
11190,11327,748.782542735479,Far,36.7472088832625,Northeast,Northeast,Isolated,Explicit,f,,,,,,37,3
11190,11348,758.386093624474,Far,35.3684165516801,Northeast,Northeast,Isolated,Explicit,f,,,,,,37,3
11190,12958,938.388944082715,Far,20.9898753275498,North,North,Isolated,Explicit,t,,,,,,37,3
11190,12951,981.079549921777,Far,9.75239423444912,North,North,Isolated,Explicit,f,,,,,,37,3
11190,6543,938.544253616194,Far,9.90174807354525,North,North,Isolated,Explicit,f,,,,,,37,3
11190,8706,353.954171476592,Medium,27.8391762990439,Northeast,Northeast,Isolated,Explicit,f,,,,,,37,3
11190,11255,220.001510322119,Medium,156.591674018611,Southeast,Southeast,Isolated,Explicit,t,,,,,,37,3
11190,11174,889.9254328495,Far,5.29288953525354,North,North,Isolated,Explicit,f,,,,,,37,3
11190,8475,178.813053273954,Close,16.7362607757206,North,North,Isolated,Explicit,f,,,,,,37,3
11190,11339,33.9907232568656,VeryClose,62.5262612851622,Northeast,Northeast,Isolated,Explicit,f,,,,,,37,3
11190,7678,35.2667575148738,VeryClose,101.855487602981,East,East,Isolated,Explicit,f,,,,,,37,3
11190,11964,31.5609224427692,VeryClose,56.3009696455285,Northeast,Northeast,Isolated,Explicit,f,,,,,,37,3
11190,9705,303.108083610042,Medium,184.848714319589,South,South,Isolated,Explicit,f,,,,,,37,3
11190,11346,582.587727920722,Far,354.886066704238,North,North,Isolated,Explicit,f,,,,,,37,3
11190,10810,760.593184650609,Far,343.988597770397,North,North,Isolated,Explicit,f,,,,,,37,3
11190,11848,615.424243071039,Far,246.946662961868,Southwest,Southwest,Isolated,Explicit,t,,,,,,37,3
11190,9409,571.787076000663,Far,252.127904216342,West,West,Isolated,Explicit,f,,,,,,37,3
11202,13046,913.228141343016,Far,155.87315970914,Southeast,Southeast,Isolated,Explicit,t,,,,,,2,3
11208,13244,919.920885165444,Far,229.306123048318,Southwest,Southwest,Isolated,Explicit,f,,,,,,22,3
11208,13185,833.014066967923,Far,236.998436453363,Southwest,Southwest,Isolated,Explicit,f,,,,,,22,3
11208,13245,727.170126854149,Far,274.399923660132,West,West,Isolated,Explicit,f,,,,,,22,3
11208,12828,693.052389085444,Far,250.22286047763,West,West,Isolated,Explicit,f,,,,,,22,3
11208,13005,679.627529603342,Far,243.3569012962,Southwest,Southwest,Isolated,Explicit,f,,,,,,22,3
11208,9148,203.616863901137,Medium,247.780497064899,West,West,Isolated,Explicit,f,,,,,,22,3
11208,11898,321.704533953857,Medium,254.563248843487,West,West,Isolated,Explicit,f,,,,,,22,3
11208,9488,365.043764834203,Medium,123.503418154461,Southeast,Southeast,Isolated,Explicit,f,,,,,,22,3
11208,10842,364.286871848037,Medium,121.381963461554,Southeast,Southeast,Isolated,Explicit,f,,,,,,22,3
11208,12752,493.780390684468,Medium,106.292669650323,East,East,Isolated,Explicit,f,,,,,,22,3
11208,12684,842.11974186686,Far,143.816780836642,Southeast,Southeast,Isolated,Explicit,f,,,,,,22,3
11208,11410,876.001969953611,Far,150.440289860543,Southeast,Southeast,Isolated,Explicit,f,,,,,,22,3
11208,12886,729.326390573929,Far,153.393090882127,Southeast,Southeast,Isolated,Explicit,f,,,,,,22,3
11208,6383,878.8546654764,Far,96.19829413126,East,East,Isolated,Explicit,f,,,,,,22,3
11208,11645,905.864809993734,Far,100.352979622221,East,East,Isolated,Explicit,f,,,,,,22,3
11208,5836,967.666158454548,Far,99.0355876490943,East,East,Isolated,Explicit,f,,,,,,22,3
11208,7453,962.27954273222,Far,99.557606213649,East,East,Isolated,Explicit,f,,,,,,22,3
11208,13064,989.113721062343,Far,101.388122313428,East,East,Isolated,Explicit,f,,,,,,22,3
11208,5831,995.743843752646,Far,100.322876698971,East,East,Isolated,Explicit,f,,,,,,22,3
11223,11005,450.168220333448,Medium,242.919433045665,Southwest,Southwest,Isolated,Explicit,f,,,,,,21,3
11223,10638,462.1781149295,Medium,232.275471493049,Southwest,Southwest,Isolated,Explicit,f,,,,,,21,3
11223,10666,330.441001040824,Medium,242.194416576925,Southwest,Southwest,Isolated,Explicit,f,,,,,,21,3
11223,10821,361.863163881515,Medium,236.920410648357,Southwest,Southwest,Isolated,Explicit,f,,,,,,21,3
11223,10671,363.323678453324,Medium,237.011699401352,Southwest,Southwest,Isolated,Explicit,f,,,,,,21,3
11223,10658,362.270613859156,Medium,237.385241736119,Southwest,Southwest,Isolated,Explicit,f,,,,,,21,3
11223,10624,350.491682588161,Medium,243.006636866484,Southwest,Southwest,Isolated,Explicit,f,,,,,,21,3
11223,11758,243.726586114473,Medium,274.213452720914,West,West,Isolated,Explicit,f,,,,,,21,3
11223,10609,331.18551099738,Medium,240.634477950099,Southwest,Southwest,Isolated,Explicit,f,,,,,,21,3
11223,6654,124.315265613839,Close,286.970055070718,West,West,Isolated,Explicit,f,,,,,,21,3
11223,7694,137.768281403624,Close,282.839186324803,West,West,Isolated,Explicit,f,,,,,,21,3
11223,12645,151.68090339879,Close,279.974014087185,West,West,Isolated,Explicit,f,,,,,,21,3
11223,11603,262.550114853038,Medium,349.931853676117,North,North,Isolated,Explicit,f,,,,,,21,3
11223,11098,110.8671235922,Close,311.545516666232,Northwest,Northwest,Isolated,Explicit,f,,,,,,21,3
11223,9489,298.92907230103,Medium,354.141518605163,North,North,Isolated,Explicit,f,,,,,,21,3
11223,11059,344.710006992549,Medium,358.451961614815,North,North,Isolated,Explicit,t,,,,,,21,3
11223,11031,418.454249329922,Medium,24.3107438262092,Northeast,Northeast,Isolated,Explicit,f,,,,,,21,3
11230,5391,423.965275148031,Medium,87.9148333863383,East,East,Isolated,Explicit,t,,,,,,7,3
11230,10741,595.69544086482,Far,56.7101062167512,Northeast,Northeast,Isolated,Explicit,f,,,,,,7,3
11230,11084,618.331784013685,Far,59.5681662010243,Northeast,Northeast,Isolated,Explicit,f,,,,,,7,3
11266,10741,857.869657136145,Far,224.916557934722,Southwest,Southwest,Isolated,Explicit,t,,,,,,6,3
11266,11084,843.477504686142,Far,222.562209283149,Southwest,Southwest,Isolated,Explicit,t,,,,,,6,3
11266,10428,329.514893682904,Medium,60.5828071408311,Northeast,Northeast,Isolated,Explicit,f,,,,,,6,3
11286,10329,184.769391172721,Close,65.9069177598279,Northeast,Northeast,Isolated,Explicit,t,,,,,,5,3
11286,6504,178.902403368876,Close,74.5246008405172,East,East,Isolated,Explicit,f,,,,,,5,3
11350,5185,672.70938613937,Far,243.184540497238,Southwest,Southwest,Isolated,Explicit,f,,,,,,11,3
11350,5157,701.851726992892,Far,240.625437536652,Southwest,Southwest,Isolated,Explicit,f,,,,,,11,3
11350,6096,804.992534662753,Far,245.167040562161,Southwest,Southwest,Isolated,Explicit,t,,,,,,11,3
11350,5968,651.829702685321,Far,225.652011299666,Southwest,Southwest,Isolated,Explicit,f,,,,,,11,3
11350,13021,651.829702685321,Far,225.652011299666,Southwest,Southwest,Isolated,Explicit,f,,,,,,11,3
11350,5252,642.383821269089,Far,225.181384903816,Southwest,Southwest,Isolated,Explicit,f,,,,,,11,3
11350,6672,669.714037960567,Far,222.935913944364,Southwest,Southwest,Isolated,Explicit,t,,,,,,11,3
11350,5285,638.932293157792,Far,217.242941449478,Southwest,Southwest,Isolated,Explicit,f,,,,,,11,3
11350,5158,553.136170341794,Far,219.653551954127,Southwest,Southwest,Isolated,Explicit,f,,,,,,11,3
11363,10673,949.518369889994,Far,90.1076512079629,East,East,Isolated,Explicit,f,,,,,,11,3
11363,10611,964.160190658733,Far,90.7627120581408,East,East,Isolated,Explicit,f,,,,,,11,3
11363,10670,963.989334479701,Far,90.7627273543321,East,East,Isolated,Explicit,f,,,,,,11,3
11509,9446,316.091650745842,Medium,172.537242249903,South,South,Isolated,Explicit,f,,,,,,17,3
11509,9744,332.701394467983,Medium,172.795659003931,South,South,Isolated,Explicit,f,,,,,,17,3
11509,9739,331.918063254513,Medium,174.137841749765,South,South,Isolated,Explicit,f,,,,,,17,3
11509,9432,953.325815126318,Far,194.756318376415,South,South,Isolated,Explicit,f,,,,,,17,3
11509,9762,793.66349186399,Far,155.373055738692,Southeast,Southeast,Isolated,Explicit,t,,,,,,17,3
11509,7676,486.331470722469,Medium,150.045730594805,Southeast,Southeast,Isolated,Explicit,f,,,,,,17,3
11509,9763,547.715609776142,Far,152.859866421713,Southeast,Southeast,Isolated,Explicit,f,,,,,,17,3
11509,9536,560.752977542503,Far,153.353791712442,Southeast,Southeast,Isolated,Explicit,f,,,,,,17,3
11509,9526,517.22342115939,Far,149.495293258042,Southeast,Southeast,Isolated,Explicit,f,,,,,,17,3
11509,9450,534.335192183406,Far,150.079655960496,Southeast,Southeast,Isolated,Explicit,f,,,,,,17,3
11509,9740,570.847464142972,Far,151.351866042363,Southeast,Southeast,Isolated,Explicit,f,,,,,,17,3
11509,6091,463.466642920076,Medium,152.376911309589,Southeast,Southeast,Isolated,Explicit,f,,,,,,17,3
11509,9760,543.403493147265,Far,155.149968456485,Southeast,Southeast,Isolated,Explicit,t,,,,,,17,3
11509,6120,476.391281786268,Medium,155.839190551129,Southeast,Southeast,Isolated,Explicit,t,,,,,,17,3
11509,7489,316.834703066853,Medium,148.694486921672,Southeast,Southeast,Isolated,Explicit,f,,,,,,17,3
11509,11611,294.405869204515,Medium,145.770910539459,Southeast,Southeast,Isolated,Explicit,f,,,,,,17,3
11509,9731,403.891880153888,Medium,160.094677256212,South,South,Isolated,Explicit,f,,,,,,17,3
11563,8492,488.098776278085,Medium,322.441145254111,Northwest,Northwest,Isolated,Explicit,f,,,,,,32,3
11563,9249,470.689857244039,Medium,327.440970309093,Northwest,Northwest,Isolated,Explicit,f,,,,,,32,3
11563,6116,471.061989385815,Medium,327.446002053451,Northwest,Northwest,Isolated,Explicit,f,,,,,,32,3
11563,9336,551.25000207471,Far,325.330416044613,Northwest,Northwest,Isolated,Explicit,f,,,,,,32,3
11563,8668,458.256128784163,Medium,333.253742412753,Northwest,Northwest,Isolated,Explicit,f,,,,,,32,3
11563,9147,478.232237573681,Medium,328.797877982691,Northwest,Northwest,Isolated,Explicit,f,,,,,,32,3
11563,8473,469.064130752479,Medium,329.127680538899,Northwest,Northwest,Isolated,Explicit,f,,,,,,32,3
11563,11653,453.856182842181,Medium,326.301411427801,Northwest,Northwest,Isolated,Explicit,f,,,,,,32,3
11563,12266,303.402679228074,Medium,325.880740297077,Northwest,Northwest,Isolated,Explicit,f,,,,,,32,3
11563,10389,230.834993726847,Medium,315.505915487175,Northwest,Northwest,Isolated,Explicit,f,,,,,,32,3
11563,10709,244.201663465281,Medium,313.197679126967,Northwest,Northwest,Isolated,Explicit,t,,,,,,32,3
11563,9438,470.573448116863,Medium,345.135011801003,North,North,Isolated,Explicit,f,,,,,,32,3
11563,9473,566.55279119246,Far,324.642552655782,Northwest,Northwest,Isolated,Explicit,f,,,,,,32,3
11563,9370,579.320830779144,Far,325.096096860891,Northwest,Northwest,Isolated,Explicit,f,,,,,,32,3
11563,8635,514.810288699749,Far,322.061914380217,Northwest,Northwest,Isolated,Explicit,f,,,,,,32,3
11563,6169,507.852026742818,Far,319.572087622985,Northwest,Northwest,Isolated,Explicit,f,,,,,,32,3
11563,9179,522.917075707843,Far,319.118460240935,Northwest,Northwest,Isolated,Explicit,f,,,,,,32,3
11563,8683,630.870707530366,Far,323.821755186607,Northwest,Northwest,Isolated,Explicit,f,,,,,,32,3
11563,13375,623.914873759296,Far,322.852727045179,Northwest,Northwest,Isolated,Explicit,f,,,,,,32,3
11563,8737,555.330262670047,Far,319.403200268881,Northwest,Northwest,Isolated,Explicit,f,,,,,,32,3
11563,6102,583.92549731956,Far,323.213494237003,Northwest,Northwest,Isolated,Explicit,f,,,,,,32,3
11563,9357,682.657666978253,Far,323.273214557697,Northwest,Northwest,Isolated,Explicit,f,,,,,,32,3
11563,8768,601.276887741076,Far,316.858364100061,Northwest,Northwest,Isolated,Explicit,f,,,,,,32,3
11563,9208,617.594487433654,Far,318.731477003586,Northwest,Northwest,Isolated,Explicit,f,,,,,,32,3
11563,6301,629.819673822017,Far,320.263232590912,Northwest,Northwest,Isolated,Explicit,f,,,,,,32,3
11563,8673,644.699799944536,Far,322.960130960996,Northwest,Northwest,Isolated,Explicit,f,,,,,,32,3
11563,13341,745.425639610078,Far,321.050036459717,Northwest,Northwest,Isolated,Explicit,f,,,,,,32,3
11571,11005,928.039440871364,Far,215.456002771766,Southwest,Southwest,Isolated,Explicit,f,,,,,,23,3
11571,10638,973.815649961593,Far,211.105277535804,Southwest,Southwest,Isolated,Explicit,f,,,,,,23,3
11571,10666,825.815583528497,Far,211.363331598699,Southwest,Southwest,Isolated,Explicit,f,,,,,,23,3
11571,10821,868.629810711831,Far,210.489806837346,Southwest,Southwest,Isolated,Explicit,f,,,,,,23,3
11571,10671,869.680368351343,Far,210.566773567487,Southwest,Southwest,Isolated,Explicit,f,,,,,,23,3
11571,10658,867.680346469583,Far,210.675219447079,Southwest,Southwest,Isolated,Explicit,f,,,,,,23,3
11571,10624,840.581658816576,Far,212.35339094904,Southwest,Southwest,Isolated,Explicit,f,,,,,,23,3
11571,11758,655.014957600214,Far,215.523491458021,Southwest,Southwest,Isolated,Explicit,f,,,,,,23,3
11571,6908,761.988832719761,Far,212.555220942726,Southwest,Southwest,Isolated,Explicit,f,,,,,,23,3
11571,10609,831.003299277399,Far,210.851525105927,Southwest,Southwest,Isolated,Explicit,f,,,,,,23,3
11571,9007,543.308404321509,Far,215.624539476946,Southwest,Southwest,Isolated,Explicit,f,,,,,,23,3
11571,11056,544.466586132172,Far,215.059490293398,Southwest,Southwest,Isolated,Explicit,f,,,,,,23,3
11571,8910,543.778788860657,Far,215.305453091739,Southwest,Southwest,Isolated,Explicit,f,,,,,,23,3
11571,6654,575.060010000107,Far,206.481254736568,Southwest,Southwest,Isolated,Explicit,f,,,,,,23,3
11571,7694,587.119816899472,Far,207.581648343431,Southwest,Southwest,Isolated,Explicit,f,,,,,,23,3
11571,12645,598.051830988883,Far,208.668307418868,Southwest,Southwest,Isolated,Explicit,f,,,,,,23,3
11571,11603,345.253332549318,Medium,212.09051603997,Southwest,Southwest,Isolated,Explicit,f,,,,,,23,3
11571,11098,525.933397363055,Far,204.78706301474,Southwest,Southwest,Isolated,Explicit,f,,,,,,23,3
11571,9489,304.250970573428,Medium,213.523650271477,Southwest,Southwest,Isolated,Explicit,f,,,,,,23,3
11571,11059,253.319780163302,Medium,215.424660833252,Southwest,Southwest,Isolated,Explicit,f,,,,,,23,3
11571,7861,772.286393052264,Far,51.6887641360282,Northeast,Northeast,Isolated,Explicit,f,,,,,,23,3
11571,6555,783.506808575926,Far,52.8902019920626,Northeast,Northeast,Isolated,Explicit,f,,,,,,23,3
11581,9921,316.02245762854,Medium,263.746239079619,West,West,Isolated,Explicit,f,,,,,,4,3
11581,10439,300.319718632282,Medium,263.243665766404,West,West,Isolated,Explicit,f,,,,,,4,3
11581,8652,699.141622589039,Far,275.693125327658,West,West,Isolated,Explicit,f,,,,,,4,3
11605,9921,180.368118633549,Close,6.55765997556607,North,North,Isolated,Explicit,f,,,,,,4,3
11605,10439,181.980561967246,Close,11.5723754147843,North,North,Isolated,Explicit,f,,,,,,4,3
11605,13317,51.4542236439066,Close,279.0516113438,West,West,Isolated,Explicit,f,,,,,,4,3
11605,8652,458.647768906171,Medium,308.094605387036,Northwest,Northwest,Isolated,Explicit,f,,,,,,4,3
11609,5454,556.240343544404,Far,81.9726859524051,East,East,Isolated,Explicit,f,,,,,,6,3
11655,11206,701.031535962356,Far,244.62619981644,Southwest,Southwest,Isolated,Explicit,f,,,,,,23,3
11655,10923,685.278977286381,Far,248.298079879338,West,West,Isolated,Explicit,f,,,,,,23,3
11655,10826,559.152890918426,Far,302.369168976325,Northwest,Northwest,Isolated,Explicit,f,,,,,,23,3
11655,8174,215.681835603059,Medium,86.0283810505076,East,East,Isolated,Explicit,f,,,,,,23,3
11655,11187,421.970301694115,Medium,66.0632361119233,Northeast,Northeast,Isolated,Explicit,t,,,,,,23,3
11655,11066,747.281624972179,Far,253.679536523096,West,West,Isolated,Explicit,f,,,,,,23,3
11655,6971,761.668399452757,Far,253.621081433684,West,West,Isolated,Explicit,f,,,,,,23,3
11655,8981,829.32044577507,Far,241.435539536298,Southwest,Southwest,Isolated,Explicit,f,,,,,,23,3
11655,11940,821.632949886478,Far,242.196688880686,Southwest,Southwest,Isolated,Explicit,f,,,,,,23,3
11655,11377,770.532329437395,Far,246.650985079475,Southwest,Southwest,Isolated,Explicit,t,,,,,,23,3
11655,6553,808.0520396202,Far,258.981275165679,West,West,Isolated,Explicit,f,,,,,,23,3
11655,7831,827.452413402525,Far,246.536224610675,Southwest,Southwest,Isolated,Explicit,t,,,,,,23,3
11655,12450,808.314955372787,Far,246.613475344257,Southwest,Southwest,Isolated,Explicit,t,,,,,,23,3
11655,10363,823.843276165889,Far,262.801532697853,West,West,Isolated,Explicit,f,,,,,,23,3
11655,7448,886.457231262883,Far,259.197824246092,West,West,Isolated,Explicit,f,,,,,,23,3
11687,8500,730.005518303995,Far,195.913884552582,South,South,Isolated,Explicit,f,,,,,,42,3
11687,9192,715.162122951034,Far,197.487299621049,South,South,Isolated,Explicit,f,,,,,,42,3
11687,9545,556.263524928386,Far,315.39963945179,Northwest,Northwest,Isolated,Explicit,f,,,,,,42,3
11687,12987,450.85336954323,Medium,307.048455926715,Northwest,Northwest,Isolated,Explicit,f,,,,,,42,3
11687,12997,568.94603907145,Far,223.734361489323,Southwest,Southwest,Isolated,Explicit,t,,,,,,42,3
11687,5256,867.110414623485,Far,350.342949964797,North,North,Isolated,Explicit,f,,,,,,42,3
11687,6409,978.451782379372,Far,269.205653091157,West,West,Isolated,Explicit,t,,,,,,42,3
11687,13434,975.934620877479,Far,273.07997747935,West,West,Isolated,Explicit,f,,,,,,42,3
11687,11171,938.722928112619,Far,249.951402661241,West,West,Isolated,Explicit,f,,,,,,42,3
11687,5492,810.224185355943,Far,273.898708609171,West,West,Isolated,Explicit,f,,,,,,42,3
11687,7202,805.195843216101,Far,273.080777960699,West,West,Isolated,Explicit,f,,,,,,42,3
11687,5522,881.349418367458,Far,251.236361188562,West,West,Isolated,Explicit,f,,,,,,42,3
11687,6606,891.583680802828,Far,250.711025495299,West,West,Isolated,Explicit,f,,,,,,42,3
11687,11014,949.923494991296,Far,237.641127061239,Southwest,Southwest,Isolated,Explicit,f,,,,,,42,3
11687,10287,954.685355617033,Far,237.945411916486,Southwest,Southwest,Isolated,Explicit,f,,,,,,42,3
11687,10926,970.684849487941,Far,234.024722517391,Southwest,Southwest,Isolated,Explicit,f,,,,,,42,3
11687,7834,837.901123527089,Far,248.753219059504,West,West,Isolated,Explicit,f,,,,,,42,3
11687,13344,899.507103980132,Far,238.992925750237,Southwest,Southwest,Isolated,Explicit,f,,,,,,42,3
11687,6663,779.495627976366,Far,251.219004764204,West,West,Isolated,Explicit,f,,,,,,42,3
11687,9766,791.567480271392,Far,251.322711906729,West,West,Isolated,Explicit,f,,,,,,42,3
11687,6437,797.490700154145,Far,251.294485969838,West,West,Isolated,Explicit,f,,,,,,42,3
11687,8895,828.42982716289,Far,245.827753844481,Southwest,Southwest,Isolated,Explicit,t,,,,,,42,3
11687,6751,770.82929622152,Far,263.384251576442,West,West,Isolated,Explicit,f,,,,,,42,3
11687,11624,911.965053333436,Far,299.620552454634,Northwest,Northwest,Isolated,Explicit,f,,,,,,42,3
11687,11559,745.876076181896,Far,253.055570666307,West,West,Isolated,Explicit,f,,,,,,42,3
11687,5759,763.518712802832,Far,248.565520195371,West,West,Isolated,Explicit,f,,,,,,42,3
11687,7349,769.034919396532,Far,247.505621779067,West,West,Isolated,Explicit,f,,,,,,42,3
11687,6856,806.487416386684,Far,241.382458450084,Southwest,Southwest,Isolated,Explicit,f,,,,,,42,3
11687,8268,811.755104940466,Far,241.644341902242,Southwest,Southwest,Isolated,Explicit,f,,,,,,42,3
11687,8281,811.755104940466,Far,241.644341902242,Southwest,Southwest,Isolated,Explicit,f,,,,,,42,3
11687,7407,825.449688232324,Far,242.16996248191,Southwest,Southwest,Isolated,Explicit,f,,,,,,42,3
11687,7123,823.781502325625,Far,241.383918772314,Southwest,Southwest,Isolated,Explicit,f,,,,,,42,3
11687,7773,797.288660962508,Far,241.396065940712,Southwest,Southwest,Isolated,Explicit,f,,,,,,42,3
11687,5884,801.059688730334,Far,241.301399060861,Southwest,Southwest,Isolated,Explicit,f,,,,,,42,3
11687,8876,755.458981044547,Far,248.317337061053,West,West,Isolated,Explicit,f,,,,,,42,3
11687,8755,466.819952451013,Medium,258.852370455148,West,West,Isolated,Explicit,f,,,,,,42,3
11687,13337,927.858284267997,Far,225.347257731368,Southwest,Southwest,Isolated,Explicit,f,,,,,,42,3
11687,12996,784.881585124388,Far,238.898164538972,Southwest,Southwest,Isolated,Explicit,f,,,,,,42,3
11688,5454,302.028637405889,Medium,311.14689881519,Northwest,Northwest,Isolated,Explicit,f,,,,,,1,3
11751,10428,293.397257316282,Medium,327.647011225169,Northwest,Northwest,Isolated,Explicit,f,,,,,,10,3
11751,11005,803.407964754944,Far,63.0793836538595,Northeast,Northeast,Isolated,Explicit,f,,,,,,10,3
11751,10638,804.133958172567,Far,69.1741724563312,East,East,Isolated,Explicit,f,,,,,,10,3
11751,10666,923.180860339728,Far,63.3181384200017,Northeast,Northeast,Isolated,Explicit,f,,,,,,10,3
11751,10821,894.589046127123,Far,65.4861248688545,Northeast,Northeast,Isolated,Explicit,t,,,,,,10,3
11751,10671,893.059128730806,Far,65.4633519898286,Northeast,Northeast,Isolated,Explicit,t,,,,,,10,3
11751,10658,893.764718662925,Far,65.3035942894554,Northeast,Northeast,Isolated,Explicit,t,,,,,,10,3
11751,10624,903.083395629425,Far,63.0278851360782,Northeast,Northeast,Isolated,Explicit,f,,,,,,10,3
11751,6908,970.24133082406,Far,60.5228840832192,Northeast,Northeast,Isolated,Explicit,f,,,,,,10,3
11751,10609,922.780167405653,Far,63.8785891305372,Northeast,Northeast,Isolated,Explicit,f,,,,,,10,3
11952,7861,610.139717843785,Far,172.561602925155,South,South,Isolated,Explicit,f,,,,,,3,3
11952,6555,618.830273465278,Far,170.902893126226,South,South,Isolated,Explicit,f,,,,,,3,3
12039,11240,430.494927447635,Medium,59.380046763675,Northeast,Northeast,Isolated,Explicit,f,,,,,,9,3
12039,11140,780.528535463777,Far,142.383171271598,Southeast,Southeast,Isolated,Explicit,f,,,,,,9,3
12039,7858,944.698921374041,Far,83.1703266521172,East,East,Isolated,Explicit,f,,,,,,9,3
12039,7799,961.458371119415,Far,88.8886304818148,East,East,Isolated,Explicit,t,,,,,,9,3
12039,9365,949.648529916675,Far,65.8179666268833,Northeast,Northeast,Isolated,Explicit,t,,,,,,9,3
12376,9432,815.560645229472,Far,208.86933532831,Southwest,Southwest,Isolated,Explicit,f,,,,,,27,3
12376,9762,544.340220945656,Far,160.714466718157,South,South,Isolated,Explicit,f,,,,,,27,3
12376,11611,38.6258942982346,VeryClose,157.693935179363,South,South,Isolated,Explicit,f,,,,,,27,3
12376,8338,957.891535452448,Far,137.432288216675,Southeast,Southeast,Isolated,Explicit,f,,,,,,27,3
12376,8412,956.417039669751,Far,134.459923787358,Southeast,Southeast,Isolated,Explicit,t,,,,,,27,3
12376,6098,987.694969964648,Far,135.351983752169,Southeast,Southeast,Isolated,Explicit,f,,,,,,27,3
12376,6416,955.31296566736,Far,133.99135194575,Southeast,Southeast,Isolated,Explicit,t,,,,,,27,3
12376,9657,936.936144372172,Far,133.143590070918,Southeast,Southeast,Isolated,Explicit,t,,,,,,27,3
12376,9144,973.024783979611,Far,139.895464559361,Southeast,Southeast,Isolated,Explicit,f,,,,,,27,3
12376,10801,993.983266301894,Far,135.139335218029,Southeast,Southeast,Isolated,Explicit,f,,,,,,27,3
12376,11841,998.495880195622,Far,131.801213541854,Southeast,Southeast,Isolated,Explicit,f,,,,,,27,3
12376,5223,999.324193894264,Far,131.147759104173,Southeast,Southeast,Isolated,Explicit,f,,,,,,27,3
12725,9068,907.122762110183,Far,77.484723931588,East,East,Isolated,Explicit,f,,,,,,9,3
12725,11105,930.30918002247,Far,77.1467518715779,East,East,Isolated,Explicit,f,,,,,,9,3
12725,11763,637.610157578592,Far,81.4506388630869,East,East,Isolated,Explicit,f,,,,,,9,3
12725,6789,640.249183122502,Far,79.9458434357603,East,East,Isolated,Explicit,f,,,,,,9,3
12725,6760,733.385566998328,Far,79.904682704298,East,East,Isolated,Explicit,f,,,,,,9,3
12725,13349,788.212877158828,Far,79.1144861122732,East,East,Isolated,Explicit,f,,,,,,9,3
12725,10484,556.893777809383,Far,76.7900904297345,East,East,Isolated,Explicit,f,,,,,,9,3
12725,10447,810.653344160717,Far,11.9386017854343,North,North,Isolated,Explicit,f,,,,,,9,3
12726,7788,911.016378781888,Far,319.255553324329,Northwest,Northwest,Isolated,Explicit,f,,,,,,85,4
12726,9016,726.539544721789,Far,305.465669366323,Northwest,Northwest,Isolated,Explicit,f,,,,,,85,4
12726,12272,984.274681331989,Far,299.411826187809,Northwest,Northwest,Isolated,Explicit,f,,,,,,85,4
12726,7778,918.305322552228,Far,350.68310454629,North,North,Isolated,Explicit,f,,,,,,85,4
12726,12056,355.585808413126,Medium,341.641307769743,North,North,Isolated,Explicit,f,,,,,,85,4
12726,12544,355.585808413126,Medium,341.641307769743,North,North,Isolated,Explicit,f,,,,,,85,4
12726,10777,884.883487344664,Far,346.681947785367,North,North,Isolated,Explicit,f,,,,,,85,4
12726,10757,888.353411041011,Far,346.238086672324,North,North,Isolated,Explicit,f,,,,,,85,4
12726,5258,835.322679947272,Far,338.643232035354,North,North,Isolated,Explicit,f,,,,,,85,4
12726,11937,843.202707303184,Far,338.627870104353,North,North,Isolated,Explicit,f,,,,,,85,4
12726,9786,588.306844225428,Far,322.506339453323,Northwest,Northwest,Isolated,Explicit,f,,,,,,85,4
12726,8357,560.845099999505,Far,320.557151779772,Northwest,Northwest,Isolated,Explicit,f,,,,,,85,4
12726,8696,555.35460553407,Far,322.323673063834,Northwest,Northwest,Isolated,Explicit,f,,,,,,85,4
12726,11332,542.632466403736,Far,321.962651798316,Northwest,Northwest,Isolated,Explicit,f,,,,,,85,4
12726,8336,579.770933227773,Far,314.697022772197,Northwest,Northwest,Isolated,Explicit,t,,,,,,85,4
12726,9571,569.079888104077,Far,313.207774753076,Northwest,Northwest,Isolated,Explicit,t,,,,,,85,4
12726,6328,597.140886309935,Far,315.238277620971,Northwest,Northwest,Isolated,Explicit,f,,,,,,85,4
12726,9163,626.584392488275,Far,318.009660079257,Northwest,Northwest,Isolated,Explicit,f,,,,,,85,4
12726,11326,623.116390033695,Far,318.598202360776,Northwest,Northwest,Isolated,Explicit,f,,,,,,85,4
12726,8313,563.813384127698,Far,314.991090169172,Northwest,Northwest,Isolated,Explicit,t,,,,,,85,4
12726,6274,580.05526899256,Far,317.571691603378,Northwest,Northwest,Isolated,Explicit,f,,,,,,85,4
12726,5923,557.786667184944,Far,316.749409572823,Northwest,Northwest,Isolated,Explicit,f,,,,,,85,4
12726,5776,545.528825211825,Far,316.155622601801,Northwest,Northwest,Isolated,Explicit,f,,,,,,85,4
12726,5671,529.894620153621,Far,314.526032694645,Northwest,Northwest,Isolated,Explicit,t,,,,,,85,4
12726,6089,609.628387149875,Far,322.711871641566,Northwest,Northwest,Isolated,Explicit,f,,,,,,85,4
12726,11309,813.096618018484,Far,332.397602496957,Northwest,Northwest,Isolated,Explicit,f,,,,,,85,4
12726,11155,803.289836402445,Far,333.117945543151,Northwest,Northwest,Isolated,Explicit,f,,,,,,85,4
12726,5363,985.229671626733,Far,335.691218172001,Northwest,Northwest,Isolated,Explicit,t,,,,,,85,4
12726,11557,722.304779273537,Far,318.607956748315,Northwest,Northwest,Isolated,Explicit,f,,,,,,85,4
12726,10659,882.593888126561,Far,328.705354384823,Northwest,Northwest,Isolated,Explicit,f,,,,,,85,4
12726,11365,773.958028485356,Far,316.438518340274,Northwest,Northwest,Isolated,Explicit,f,,,,,,85,4
12726,10035,767.344967724973,Far,8.02738425441088,North,North,Isolated,Explicit,f,,,,,,85,4
12726,12619,678.01332222892,Far,358.070901712294,North,North,Isolated,Explicit,t,,,,,,85,4
12726,12637,678.91697910294,Far,357.043022078942,North,North,Isolated,Explicit,f,,,,,,85,4
12726,5297,630.493773553334,Far,356.380525449502,North,North,Isolated,Explicit,f,,,,,,85,4
12726,7776,732.268220074107,Far,357.36957548291,North,North,Isolated,Explicit,f,,,,,,85,4
12830,13029,951.009821754245,Far,144.586090381573,Southeast,Southeast,Isolated,Explicit,f,,,,,,4,3
12858,10928,856.724949449787,Far,115.077168553465,Southeast,Southeast,Isolated,Explicit,f,,,,,,7,3
12992,12742,262.342568041742,Medium,269.174744581657,West,West,Isolated,Explicit,t,,,,,,2,3
12992,9713,502.43182319199,Far,307.338117345032,Northwest,Northwest,Isolated,Explicit,f,,,,,,2,3
12998,9274,312.526359026499,Medium,88.6594182305984,East,East,Isolated,Explicit,t,,,,,,6,3
13004,13259,575.076595533381,Far,266.211830679893,West,West,Isolated,Explicit,f,,,,,,7,3
13004,11082,58.4360203414456,Close,15.0061250527845,North,North,Isolated,Explicit,f,,,,,,7,3
13004,11004,56.2012595143646,Close,14.7744407331908,North,North,Isolated,Explicit,f,,,,,,7,3
13004,11787,984.488653833569,Far,86.5285301529642,East,East,Isolated,Explicit,f,,,,,,7,3
13013,9323,146.606150954217,Close,191.506975392436,South,South,Isolated,Explicit,f,,,,,,3,3
13013,9266,730.775354487905,Far,118.338894487779,Southeast,Southeast,Isolated,Explicit,f,,,,,,3,3
13013,10735,447.346976242536,Medium,133.349102302617,Southeast,Southeast,Isolated,Explicit,t,,,,,,3,3
13015,8681,682.282740545059,Far,41.4544869869581,Northeast,Northeast,Isolated,Explicit,f,,,,,,5,3
13015,10449,671.093873539939,Far,218.891945890207,Southwest,Southwest,Isolated,Explicit,f,,,,,,5,3
13015,5484,823.417242752442,Far,216.446936555893,Southwest,Southwest,Isolated,Explicit,f,,,,,,5,3
13015,8728,986.623367370793,Far,220.027324593492,Southwest,Southwest,Isolated,Explicit,f,,,,,,5,3
13015,12674,898.378372792637,Far,218.517750340633,Southwest,Southwest,Isolated,Explicit,f,,,,,,5,3
13037,10761,861.279931011242,Far,109.06225862718,East,East,Isolated,Explicit,f,,,,,,23,3
13037,10301,881.280097229814,Far,109.452610722853,East,East,Isolated,Explicit,f,,,,,,23,3
13037,10840,890.919710748939,Far,108.656261635931,East,East,Isolated,Explicit,f,,,,,,23,3
13037,11104,889.219031785786,Far,108.639120122021,East,East,Isolated,Explicit,f,,,,,,23,3
13037,6667,946.335242852066,Far,105.609800422753,East,East,Isolated,Explicit,f,,,,,,23,3
13037,13244,930.96264937213,Far,95.4787722442045,East,East,Isolated,Explicit,f,,,,,,23,3
13037,13185,927.351636269443,Far,86.4632048681851,East,East,Isolated,Explicit,f,,,,,,23,3
13037,12870,711.417635894417,Far,162.724079298005,South,South,Isolated,Explicit,f,,,,,,23,3
13037,10081,649.647083547451,Far,174.133253505842,South,South,Isolated,Explicit,f,,,,,,23,3
13037,7679,497.652763457374,Medium,188.564255923119,South,South,Isolated,Explicit,f,,,,,,23,3
13037,10854,517.296459906417,Far,187.93645805326,South,South,Isolated,Explicit,f,,,,,,23,3
13037,5510,477.366332568514,Medium,186.256846315925,South,South,Isolated,Explicit,f,,,,,,23,3
13037,11329,739.386649138016,Far,190.261747146115,South,South,Isolated,Explicit,f,,,,,,23,3
13037,11647,548.291217090804,Far,197.514630568267,South,South,Isolated,Explicit,f,,,,,,23,3
13037,7689,516.473071102943,Far,197.748240678646,South,South,Isolated,Explicit,f,,,,,,23,3
13037,11895,697.643349277493,Far,213.039251199344,Southwest,Southwest,Isolated,Explicit,f,,,,,,23,3
13049,7750,855.333289521198,Far,176.19522033371,South,South,Isolated,Explicit,f,,,,,,21,3
13049,8948,853.104914593869,Far,176.103248069579,South,South,Isolated,Explicit,f,,,,,,21,3
13049,6645,846.908550956733,Far,176.07028921458,South,South,Isolated,Explicit,f,,,,,,21,3
13049,7587,864.931716609281,Far,175.251764947491,South,South,Isolated,Explicit,f,,,,,,21,3
13049,13532,913.97235264153,Far,167.292976539813,South,South,Isolated,Explicit,f,,,,,,21,3
13049,10868,829.656374948836,Far,169.514378722825,South,South,Isolated,Explicit,f,,,,,,21,3
13049,12065,816.12918901266,Far,161.249595213531,South,South,Isolated,Explicit,f,,,,,,21,3
13049,12508,990.084236528493,Far,112.664798546923,Southeast,Southeast,Isolated,Explicit,f,,,,,,21,3
13049,11576,995.572825280939,Far,121.35620079144,Southeast,Southeast,Isolated,Explicit,f,,,,,,21,3
13049,12822,967.329391476651,Far,113.651427931957,Southeast,Southeast,Isolated,Explicit,f,,,,,,21,3
13049,9486,902.67213044819,Far,114.358409681774,Southeast,Southeast,Isolated,Explicit,f,,,,,,21,3
13049,10406,568.01728746045,Far,106.055633957728,East,East,Isolated,Explicit,f,,,,,,21,3
13049,10227,570.526199232712,Far,106.194605969754,East,East,Isolated,Explicit,f,,,,,,21,3
13049,11103,572.224430939975,Far,105.617834380449,East,East,Isolated,Explicit,f,,,,,,21,3
13049,12843,844.679938559714,Far,137.112678261962,Southeast,Southeast,Isolated,Explicit,f,,,,,,21,3
13049,12453,943.528267856136,Far,141.72063080477,Southeast,Southeast,Isolated,Explicit,f,,,,,,21,3
13049,11165,956.424602637393,Far,149.892410824508,Southeast,Southeast,Isolated,Explicit,f,,,,,,21,3
13049,13408,546.548569279182,Far,115.277404246881,Southeast,Southeast,Isolated,Explicit,f,,,,,,21,3
13049,12220,431.344665559633,Medium,109.9900813951,East,East,Isolated,Explicit,f,,,,,,21,3
13120,5270,909.5499367501,Far,292.746804830949,Northwest,Northwest,Isolated,Explicit,f,,,,,,7,3
13120,8721,266.020528894764,Medium,113.468050281214,Southeast,Southeast,Isolated,Explicit,f,,,,,,7,3
13120,8454,670.024569058703,Far,124.003050058055,Southeast,Southeast,Isolated,Explicit,f,,,,,,7,3
13120,10335,624.951526741486,Far,99.4587319274426,East,East,Isolated,Explicit,f,,,,,,7,3
13120,10240,612.497714628867,Far,98.6705908049829,East,East,Isolated,Explicit,f,,,,,,7,3
13136,9202,504.333503112496,Far,183.56389873546,South,South,Isolated,Explicit,f,,,,,,33,3
13136,13534,455.577044296227,Medium,193.46631153535,South,South,Isolated,Explicit,f,,,,,,33,3
13136,10239,447.744661560083,Medium,195.166871121493,South,South,Isolated,Explicit,f,,,,,,33,3
13136,10895,447.744661560083,Medium,195.166871121493,South,South,Isolated,Explicit,f,,,,,,33,3
13136,10367,456.247029350691,Medium,196.356378482136,South,South,Isolated,Explicit,f,,,,,,33,3
13136,10752,764.841194529421,Far,253.282480040871,West,West,Isolated,Explicit,f,,,,,,33,3
13136,10905,764.807963919273,Far,253.290413877655,West,West,Isolated,Explicit,f,,,,,,33,3
13136,10230,760.554510653546,Far,254.003585130905,West,West,Isolated,Explicit,f,,,,,,33,3
13136,12829,754.389703338444,Far,256.30541287513,West,West,Isolated,Explicit,f,,,,,,33,3
13136,12646,709.462249889372,Far,257.997195500177,West,West,Isolated,Explicit,f,,,,,,33,3
13136,7696,723.137610542568,Far,256.786803097554,West,West,Isolated,Explicit,f,,,,,,33,3
13136,10479,528.055394341482,Far,253.634215708095,West,West,Isolated,Explicit,f,,,,,,33,3
13136,11290,530.628766651898,Far,255.639743331534,West,West,Isolated,Explicit,f,,,,,,33,3
13136,10941,510.691701394226,Far,251.288669301348,West,West,Isolated,Explicit,f,,,,,,33,3
13136,8877,497.681145799024,Medium,254.77675783616,West,West,Isolated,Explicit,f,,,,,,33,3
13136,12824,479.339575742568,Medium,257.60951339768,West,West,Isolated,Explicit,f,,,,,,33,3
13136,12519,490.112249660226,Medium,252.377515176828,West,West,Isolated,Explicit,f,,,,,,33,3
13136,6514,443.337322031488,Medium,270.010556483094,West,West,Isolated,Explicit,f,,,,,,33,3
13136,5162,429.95779752668,Medium,268.22840731035,West,West,Isolated,Explicit,t,,,,,,33,3
13136,5239,356.615339290266,Medium,279.996798493901,West,West,Isolated,Explicit,f,,,,,,33,3
13136,12552,946.420254899445,Far,249.826629319278,West,West,Isolated,Explicit,f,,,,,,33,3
13136,11614,927.087948391825,Far,249.422340223924,West,West,Isolated,Explicit,f,,,,,,33,3
13136,6496,936.170772951534,Far,248.160661310814,West,West,Isolated,Explicit,f,,,,,,33,3
13136,10309,914.89425212096,Far,252.07098935813,West,West,Isolated,Explicit,f,,,,,,33,3
13136,11047,919.312201542105,Far,252.054209621976,West,West,Isolated,Explicit,f,,,,,,33,3
13136,13381,901.516293359441,Far,250.557029386421,West,West,Isolated,Explicit,f,,,,,,33,3
13136,9222,903.534960987764,Far,247.5450281106,West,West,Isolated,Explicit,f,,,,,,33,3
13136,6779,904.111246063291,Far,247.514732912512,West,West,Isolated,Explicit,f,,,,,,33,3
13136,5444,830.350969396165,Far,254.17526384584,West,West,Isolated,Explicit,f,,,,,,33,3
13136,10867,812.654465467691,Far,253.100506622561,West,West,Isolated,Explicit,f,,,,,,33,3
13205,6739,442.453316400985,Medium,140.363639243966,Southeast,Southeast,Isolated,Explicit,f,,,,,,45,3
13205,10242,450.573253850975,Medium,136.237106865863,Southeast,Southeast,Isolated,Explicit,f,,,,,,45,3
13205,10916,477.605475484391,Medium,135.832849028458,Southeast,Southeast,Isolated,Explicit,f,,,,,,45,3
13205,10341,486.451852840694,Medium,135.678737072957,Southeast,Southeast,Isolated,Explicit,f,,,,,,45,3
13205,11107,503.44272064669,Far,135.360138776352,Southeast,Southeast,Isolated,Explicit,f,,,,,,45,3
13205,9106,646.083483287089,Far,146.568598683409,Southeast,Southeast,Isolated,Explicit,f,,,,,,45,3
13205,13405,506.559550598344,Far,126.72780381662,Southeast,Southeast,Isolated,Explicit,f,,,,,,45,3
13205,9616,961.008532799016,Far,139.636440879775,Southeast,Southeast,Isolated,Explicit,f,,,,,,45,3
13205,5840,460.26780420557,Medium,111.194407805434,East,East,Isolated,Explicit,t,,,,,,45,3
13205,5418,476.7729237472,Medium,114.682732298404,Southeast,Southeast,Isolated,Explicit,f,,,,,,45,3
13205,7287,466.577122165912,Medium,112.306653564333,East,East,Isolated,Explicit,t,,,,,,45,3
13205,7346,449.772382292507,Medium,108.085724030406,East,East,Isolated,Explicit,f,,,,,,45,3
13205,7427,480.766974384256,Medium,115.414466907758,Southeast,Southeast,Isolated,Explicit,f,,,,,,45,3
13205,11522,662.438814573322,Far,41.9535912563158,Northeast,Northeast,Isolated,Explicit,f,,,,,,45,3
13205,7652,672.361233818372,Far,43.9890204302215,Northeast,Northeast,Isolated,Explicit,t,,,,,,45,3
13205,7622,672.446896602726,Far,44.0520832335952,Northeast,Northeast,Isolated,Explicit,t,,,,,,45,3
13205,9155,727.823036775764,Far,41.6447519060074,Northeast,Northeast,Isolated,Explicit,f,,,,,,45,3
13205,9431,968.608853891638,Far,46.4692231245817,Northeast,Northeast,Isolated,Explicit,f,,,,,,45,3
13205,5371,923.263615942472,Far,25.8615849576587,Northeast,Northeast,Isolated,Explicit,f,,,,,,45,3
13205,11822,644.93610576522,Far,39.8262403691629,Northeast,Northeast,Isolated,Explicit,f,,,,,,45,3
13205,12037,557.326258046325,Far,42.1696942872021,Northeast,Northeast,Isolated,Explicit,f,,,,,,45,3
13205,9684,850.179455372791,Far,21.3846854089884,North,North,Isolated,Explicit,t,,,,,,45,3
13205,9467,871.741076120713,Far,16.1680671780072,North,North,Isolated,Explicit,f,,,,,,45,3
13205,13416,202.924095444471,Medium,129.023557714069,Southeast,Southeast,Isolated,Explicit,f,,,,,,45,3
13205,6436,25.5614560917853,VeryClose,86.1174540175518,East,East,Isolated,Explicit,f,,,,,,45,3
13205,13163,564.212176359518,Far,325.441362974166,Northwest,Northwest,Isolated,Explicit,f,,,,,,45,3
13227,11002,972.480835408301,Far,78.9319172562291,East,East,Isolated,Explicit,f,,,,,,31,3
13227,11378,987.575168657802,Far,78.3495656444928,East,East,Isolated,Explicit,f,,,,,,31,3
13227,12635,994.37784244575,Far,76.0812729302294,East,East,Isolated,Explicit,f,,,,,,31,3
13227,7857,983.646386996699,Far,76.1262688392887,East,East,Isolated,Explicit,f,,,,,,31,3
13227,8772,999.249737570727,Far,72.8741554518869,East,East,Isolated,Explicit,f,,,,,,31,3
13227,12471,993.496845421416,Far,72.5863086985967,East,East,Isolated,Explicit,f,,,,,,31,3
13227,12005,996.691739925522,Far,72.5789836160117,East,East,Isolated,Explicit,f,,,,,,31,3
13227,10697,984.516750910313,Far,71.509333034066,East,East,Isolated,Explicit,f,,,,,,31,3
13227,10637,978.125918810546,Far,70.6964049478096,East,East,Isolated,Explicit,f,,,,,,31,3
13227,10665,978.036858624073,Far,70.6668460587955,East,East,Isolated,Explicit,f,,,,,,31,3
13227,10652,964.431019912108,Far,70.7452506239708,East,East,Isolated,Explicit,f,,,,,,31,3
13227,10268,958.526558058789,Far,70.3278860886327,East,East,Isolated,Explicit,f,,,,,,31,3
13227,11168,780.990582936445,Far,78.7374391056737,East,East,Isolated,Explicit,f,,,,,,31,3
13227,11082,838.809417640389,Far,263.932689205712,West,West,Isolated,Explicit,f,,,,,,31,3
13227,11004,839.827572821218,Far,263.795968577797,West,West,Isolated,Explicit,f,,,,,,31,3
13227,13329,376.775788890061,Medium,89.7130757642358,East,East,Isolated,Explicit,t,,,,,,31,3
13227,10441,359.55933506334,Medium,78.8324511548428,East,East,Isolated,Explicit,f,,,,,,31,3
13227,6113,361.646032912141,Medium,77.8937889191379,East,East,Isolated,Explicit,f,,,,,,31,3
13227,10805,357.938358990658,Medium,80.8225104646016,East,East,Isolated,Explicit,f,,,,,,31,3
13227,10815,362.060086436168,Medium,79.0585123079596,East,East,Isolated,Explicit,f,,,,,,31,3
13227,11071,371.896189805311,Medium,81.990250055061,East,East,Isolated,Explicit,f,,,,,,31,3
13227,6086,378.435736210899,Medium,76.5519002462079,East,East,Isolated,Explicit,f,,,,,,31,3
13227,13455,191.243795912366,Close,125.495142374227,Southeast,Southeast,Isolated,Explicit,f,,,,,,31,3
13227,11335,158.528837507704,Close,74.2781399134172,East,East,Isolated,Explicit,f,,,,,,31,3
13227,13454,158.1544446538,Close,55.8346781901184,Northeast,Northeast,Isolated,Explicit,f,,,,,,31,3
13227,11787,158.477509785655,Close,122.646077332429,Southeast,Southeast,Isolated,Explicit,f,,,,,,31,3
13258,13268,335.23350998835,Medium,37.8616455861386,Northeast,Northeast,Isolated,Explicit,f,,,,,,1,3
13267,11082,582.424342714848,Far,80.8296001294836,East,East,Isolated,Explicit,f,,,,,,4,3
13267,11004,581.304842802286,Far,81.0214152002525,East,East,Isolated,Explicit,f,,,,,,4,3
13267,13268,696.299410147014,Far,222.331788083148,Southwest,Southwest,Isolated,Explicit,f,,,,,,4,3
14597,14704,902.125471072643,Far,285.170928545825,West,West,Isolated,Explicit,f,,,,,,51,4
14597,14703,915.763921804239,Far,287.996103640197,West,West,Isolated,Explicit,f,,,,,,51,4
14597,15257,706.838209628542,Far,152.417533346022,Southeast,Southeast,Isolated,Explicit,f,,,,,,51,4
14597,15101,662.068762045399,Far,147.938729837197,Southeast,Southeast,Isolated,Explicit,f,,,,,,51,4
14597,14409,603.160915188333,Far,144.018010532182,Southeast,Southeast,Isolated,Explicit,f,,,,,,51,4
14597,14290,591.672590666971,Far,72.3745702132438,East,East,Isolated,Explicit,f,,,,,,51,4
14597,15430,842.013516596471,Far,122.29708557826,Southeast,Southeast,Isolated,Explicit,f,,,,,,51,4
14597,15036,842.055958353833,Far,122.268624174082,Southeast,Southeast,Isolated,Explicit,f,,,,,,51,4
14597,14294,834.206872189628,Far,107.996760523625,East,East,Isolated,Explicit,f,,,,,,51,4
14597,14804,853.243026799985,Far,111.897727917799,East,East,Isolated,Explicit,t,,,,,,51,4
14597,14806,846.285644725599,Far,108.448062457306,East,East,Isolated,Explicit,f,,,,,,51,4
14597,14616,845.404737420372,Far,107.898841714726,East,East,Isolated,Explicit,f,,,,,,51,4
14597,14269,902.640929207234,Far,114.296985236031,Southeast,Southeast,Isolated,Explicit,f,,,,,,51,4
14597,14238,942.804661706967,Far,110.017865163211,East,East,Isolated,Explicit,t,,,,,,51,4
14597,14230,926.315653450545,Far,115.063134511369,Southeast,Southeast,Isolated,Explicit,f,,,,,,51,4
14597,14685,977.831575786634,Far,119.560035203152,Southeast,Southeast,Isolated,Explicit,f,,,,,,51,4
14597,14423,698.789280514069,Far,238.526314484545,Southwest,Southwest,Isolated,Explicit,f,,,,,,51,4
14597,14490,781.458965187073,Far,242.549044679483,Southwest,Southwest,Isolated,Explicit,f,,,,,,51,4
14597,14558,799.46367258974,Far,240.62241583076,Southwest,Southwest,Isolated,Explicit,f,,,,,,51,4
14597,14640,535.270579099352,Far,241.916341269483,Southwest,Southwest,Isolated,Explicit,f,,,,,,51,4
14597,14594,528.763216965076,Far,241.642516909319,Southwest,Southwest,Isolated,Explicit,f,,,,,,51,4
14597,14272,501.271290196735,Far,246.704518478379,Southwest,Southwest,Isolated,Explicit,t,,,,,,51,4
14597,14681,656.269816578904,Far,321.984259292081,Northwest,Northwest,Isolated,Explicit,f,,,,,,51,4
14597,15302,945.692829767428,Far,332.830515982707,Northwest,Northwest,Isolated,Explicit,f,,,,,,51,4
14597,15469,667.026497264949,Far,192.630977571874,South,South,Isolated,Explicit,f,,,,,,51,4
14597,14444,729.291533591898,Far,188.290377399843,South,South,Isolated,Explicit,f,,,,,,51,4
14597,15065,313.140504139523,Medium,194.640369854538,South,South,Isolated,Explicit,f,,,,,,51,4
14597,14735,772.085031871896,Far,177.171045379516,South,South,Isolated,Explicit,f,,,,,,51,4
14597,15125,787.17922036077,Far,181.880495681985,South,South,Isolated,Explicit,f,,,,,,51,4
14597,14211,708.838637762203,Far,183.708407143446,South,South,Isolated,Explicit,f,,,,,,51,4
14597,14596,84.8813128766965,Close,312.459962075137,Northwest,Northwest,Isolated,Explicit,f,,,,,,51,4
14597,15073,182.040561147958,Close,1.16510597406196,North,North,Isolated,Explicit,f,,,,,,51,4
14597,14700,343.469113415892,Medium,39.696840964758,Northeast,Northeast,Isolated,Explicit,f,,,,,,51,4
14597,14964,557.673124642052,Far,171.608762976566,South,South,Isolated,Explicit,f,,,,,,51,4
14597,14995,799.839955437252,Far,171.870651278075,South,South,Isolated,Explicit,f,,,,,,51,4
14602,15020,685.53069101968,Far,43.911139328137,Northeast,Northeast,Isolated,Explicit,t,,,,,,71,4
14602,15028,638.623746543399,Far,42.6857565974469,Northeast,Northeast,Isolated,Explicit,t,,,,,,71,4
14602,15022,632.043015717516,Far,41.9640476607206,Northeast,Northeast,Isolated,Explicit,f,,,,,,71,4
14602,15248,702.984592648374,Far,158.637310305914,South,South,Isolated,Explicit,f,,,,,,71,4
14602,14670,687.109915699821,Far,7.76871922724292,North,North,Isolated,Explicit,f,,,,,,71,4
14602,14694,57.8228255048419,Close,48.2220279722125,Northeast,Northeast,Isolated,Explicit,f,,,,,,71,4
14602,14680,173.761397367047,Close,8.24784509669665,North,North,Isolated,Explicit,f,,,,,,71,4
14602,14400,698.830642938389,Far,179.257636637339,South,South,Isolated,Explicit,t,,,,,,71,4
14602,15400,633.112390120337,Far,178.83500997871,South,South,Isolated,Explicit,t,,,,,,71,4
14602,14399,654.286232445502,Far,181.47453661102,South,South,Isolated,Explicit,f,,,,,,71,4
14602,14405,683.348565048957,Far,181.36818716918,South,South,Isolated,Explicit,f,,,,,,71,4
14602,14401,692.260759733495,Far,180.790205196102,South,South,Isolated,Explicit,f,,,,,,71,4
14602,14407,705.798408406091,Far,180.742812457356,South,South,Isolated,Explicit,f,,,,,,71,4
14602,14448,649.627269538919,Far,179.367935880427,South,South,Isolated,Explicit,t,,,,,,71,4
14602,14386,649.406923592678,Far,179.360001968243,South,South,Isolated,Explicit,t,,,,,,71,4
14602,15269,694.383223219176,Far,179.920682506422,South,South,Isolated,Explicit,t,,,,,,71,4
14602,15286,711.706490198499,Far,179.851920481941,South,South,Isolated,Explicit,t,,,,,,71,4
14602,15288,927.028708719268,Far,178.381616043627,South,South,Isolated,Explicit,t,,,,,,71,4
14602,14174,637.441595355239,Far,169.290686791889,South,South,Isolated,Explicit,f,,,,,,71,4
14602,14227,693.478657664637,Far,341.921141563872,North,North,Isolated,Explicit,f,,,,,,71,4
14602,14289,603.793608797495,Far,339.114346935926,North,North,Isolated,Explicit,f,,,,,,71,4
14602,14434,640.478327849553,Far,340.703126193283,North,North,Isolated,Explicit,f,,,,,,71,4
14602,14179,677.112041452683,Far,341.768932529719,North,North,Isolated,Explicit,f,,,,,,71,4
14602,14523,670.973535574042,Far,193.016521679828,South,South,Isolated,Explicit,f,,,,,,71,4
14602,14520,609.072220642577,Far,197.740028089434,South,South,Isolated,Explicit,f,,,,,,71,4
14602,14391,749.739460690203,Far,190.591373528252,South,South,Isolated,Explicit,f,,,,,,71,4
14602,14662,715.69539720338,Far,189.477845353806,South,South,Isolated,Explicit,f,,,,,,71,4
14602,14439,707.495598572655,Far,189.189972188408,South,South,Isolated,Explicit,f,,,,,,71,4
14602,14403,638.195682371699,Far,189.442113251763,South,South,Isolated,Explicit,f,,,,,,71,4
14602,14532,628.321664533362,Far,190.430673393798,South,South,Isolated,Explicit,f,,,,,,71,4
14602,15277,633.602061563888,Far,188.64652645213,South,South,Isolated,Explicit,f,,,,,,71,4
14602,14392,688.031074614966,Far,187.638366209467,South,South,Isolated,Explicit,f,,,,,,71,4
14602,14413,772.38720899099,Far,183.35082331129,South,South,Isolated,Explicit,f,,,,,,71,4
14602,14412,654.982374713173,Far,185.177095002328,South,South,Isolated,Explicit,f,,,,,,71,4
14602,15295,715.944755510371,Far,184.770603672055,South,South,Isolated,Explicit,f,,,,,,71,4
14602,14410,771.296875797063,Far,184.800962492317,South,South,Isolated,Explicit,f,,,,,,71,4
14602,14428,674.407887203567,Far,185.859325430279,South,South,Isolated,Explicit,f,,,,,,71,4
14602,14416,661.19383227437,Far,186.749731575034,South,South,Isolated,Explicit,f,,,,,,71,4
14602,15284,652.970274465452,Far,186.511588433375,South,South,Isolated,Explicit,f,,,,,,71,4
14602,14402,689.696908086206,Far,185.968552430085,South,South,Isolated,Explicit,f,,,,,,71,4
14602,15159,727.515631410207,Far,185.798190435208,South,South,Isolated,Explicit,f,,,,,,71,4
14602,14441,769.298104024305,Far,186.123900083096,South,South,Isolated,Explicit,f,,,,,,71,4
14602,15408,691.781404886535,Far,353.108679253639,North,North,Isolated,Explicit,f,,,,,,71,4
14602,14916,690.559308798884,Far,353.031096450989,North,North,Isolated,Explicit,f,,,,,,71,4
14602,15366,569.529483799317,Far,345.711526818832,North,North,Isolated,Explicit,f,,,,,,71,4
14602,14896,988.757173052631,Far,352.768936912422,North,North,Isolated,Explicit,f,,,,,,71,4
14602,14223,822.217418691733,Far,344.910750303903,North,North,Isolated,Explicit,f,,,,,,71,4
14602,14732,941.27620328456,Far,336.617438366915,Northwest,Northwest,Isolated,Explicit,t,,,,,,71,4
14602,15137,422.936719010277,Medium,227.627394445222,Southwest,Southwest,Isolated,Explicit,f,,,,,,71,4
14602,15144,639.342971285814,Far,216.344511809872,Southwest,Southwest,Isolated,Explicit,f,,,,,,71,4
14602,15225,904.454614439238,Far,210.929804813306,Southwest,Southwest,Isolated,Explicit,f,,,,,,71,4
14602,14725,868.745273947512,Far,211.991848625117,Southwest,Southwest,Isolated,Explicit,f,,,,,,71,4
14602,14332,916.166698170946,Far,209.057984278505,Southwest,Southwest,Isolated,Explicit,f,,,,,,71,4
14602,14739,827.57886130454,Far,212.516271544035,Southwest,Southwest,Isolated,Explicit,f,,,,,,71,4
14602,14973,903.880796877065,Far,211.893717382325,Southwest,Southwest,Isolated,Explicit,f,,,,,,71,4
14602,15462,962.907360500978,Far,212.713603406087,Southwest,Southwest,Isolated,Explicit,f,,,,,,71,4
14602,15275,806.807494363027,Far,221.533294983153,Southwest,Southwest,Isolated,Explicit,f,,,,,,71,4
14602,15243,826.530577308036,Far,219.562038257562,Southwest,Southwest,Isolated,Explicit,f,,,,,,71,4
14602,15253,927.222597189248,Far,214.126755821407,Southwest,Southwest,Isolated,Explicit,f,,,,,,71,4
14602,14245,952.514557027887,Far,212.347455024148,Southwest,Southwest,Isolated,Explicit,f,,,,,,71,4
14602,14698,846.081835754889,Far,219.71204386198,Southwest,Southwest,Isolated,Explicit,f,,,,,,71,4
14602,15291,844.52200424091,Far,219.558688458703,Southwest,Southwest,Isolated,Explicit,f,,,,,,71,4
14602,14600,743.693916402254,Far,42.1459309785581,Northeast,Northeast,Isolated,Explicit,f,,,,,,71,4
14605,14985,995.864934042288,Far,352.027960702992,North,North,Isolated,Explicit,f,,,,,,35,3
14605,15020,85.3290926019797,Close,210.11031675145,Southwest,Southwest,Isolated,Explicit,f,,,,,,35,3
14605,15028,130.091244082237,Close,220.959915462305,Southwest,Southwest,Isolated,Explicit,f,,,,,,35,3
14605,15022,136.722898545847,Close,224.380351572581,Southwest,Southwest,Isolated,Explicit,t,,,,,,35,3
14605,14210,623.080403194749,Far,335.733166424302,Northwest,Northwest,Isolated,Explicit,t,,,,,,35,3
14605,15246,591.349187405352,Far,337.956358489601,North,North,Isolated,Explicit,f,,,,,,35,3
14605,15440,446.911779825693,Medium,336.739412552704,Northwest,Northwest,Isolated,Explicit,t,,,,,,35,3
14605,14670,440.155672288302,Medium,284.892276686934,West,West,Isolated,Explicit,f,,,,,,35,3
14605,14694,711.166285562239,Far,221.920641608867,Southwest,Southwest,Isolated,Explicit,f,,,,,,35,3
14605,15129,764.98109588348,Far,223.162695196975,Southwest,Southwest,Isolated,Explicit,t,,,,,,35,3
14605,14680,632.425068761126,Far,231.265272656347,Southwest,Southwest,Isolated,Explicit,f,,,,,,35,3
14605,14828,514.405234314068,Far,58.9548145955519,Northeast,Northeast,Isolated,Explicit,f,,,,,,35,3
14605,15037,733.362747219169,Far,27.0652366025041,Northeast,Northeast,Isolated,Explicit,f,,,,,,35,3
14605,14824,634.475391171107,Far,27.4313788022478,Northeast,Northeast,Isolated,Explicit,f,,,,,,35,3
14605,15435,973.441802267881,Far,359.386340114061,North,North,Isolated,Explicit,t,,,,,,35,3
14605,15254,967.840107533028,Far,5.03577212382003,North,North,Isolated,Explicit,f,,,,,,35,3
14605,15256,943.2913396954,Far,93.7166916081724,East,East,Isolated,Explicit,f,,,,,,35,3
14605,14395,909.873439424095,Far,56.3917671287393,Northeast,Northeast,Isolated,Explicit,f,,,,,,35,3
14605,15378,966.307360033518,Far,54.8346264461462,Northeast,Northeast,Isolated,Explicit,f,,,,,,35,3
14605,14691,836.95082861264,Far,71.4182307929498,East,East,Isolated,Explicit,f,,,,,,35,3
14605,14171,928.922679360273,Far,51.9849577753232,Northeast,Northeast,Isolated,Explicit,f,,,,,,35,3
14605,14862,936.655757023241,Far,141.757374831465,Southeast,Southeast,Isolated,Explicit,f,,,,,,35,3
14605,14227,739.147975629695,Far,277.115599076474,West,West,Isolated,Explicit,f,,,,,,35,3
14605,14289,733.514529930493,Far,269.721786244097,West,West,Isolated,Explicit,t,,,,,,35,3
14605,14434,730.833091843019,Far,272.887303323442,West,West,Isolated,Explicit,f,,,,,,35,3
14605,14179,733.972806736426,Far,275.899487146821,West,West,Isolated,Explicit,f,,,,,,35,3
14605,15478,795.191648106799,Far,240.896092196564,Southwest,Southwest,Isolated,Explicit,f,,,,,,35,3
14605,15408,612.938154202861,Far,281.204540753644,West,West,Isolated,Explicit,f,,,,,,35,3
14605,14916,613.448903884276,Far,281.06886016247,West,West,Isolated,Explicit,f,,,,,,35,3
14605,15366,659.001938102719,Far,268.628683726794,West,West,Isolated,Explicit,t,,,,,,35,3
14605,14896,764.078156786722,Far,302.737880938633,Northwest,Northwest,Isolated,Explicit,f,,,,,,35,3
14605,14223,766.429280895179,Far,287.164547362279,West,West,Isolated,Explicit,f,,,,,,35,3
14605,14732,939.745185454125,Far,288.378303181975,West,West,Isolated,Explicit,f,,,,,,35,3
14692,14991,971.669030377102,Far,211.339710180072,Southwest,Southwest,Isolated,Explicit,f,,,,,,198,8
14692,23870,596.165797605778,Far,309.8666212242,Northwest,Northwest,Isolated,Explicit,f,,,,,,198,8
14692,17173,595.10853466512,Far,309.950484340323,Northwest,Northwest,Isolated,Explicit,f,,,,,,198,8
14692,20068,559.396155432381,Far,306.269533685553,Northwest,Northwest,Isolated,Explicit,f,,,,,,198,8
14692,16873,562.510572223313,Far,304.880303806719,Northwest,Northwest,Isolated,Explicit,f,,,,,,198,8
14692,17879,602.207230596946,Far,308.557446916069,Northwest,Northwest,Isolated,Explicit,f,,,,,,198,8
14692,18799,609.610406137277,Far,309.18087174347,Northwest,Northwest,Isolated,Explicit,f,,,,,,198,8
14692,18115,615.476002426236,Far,308.414861216204,Northwest,Northwest,Isolated,Explicit,f,,,,,,198,8
14692,15636,626.918466407235,Far,307.997677665228,Northwest,Northwest,Isolated,Explicit,f,,,,,,198,8
14692,22831,593.767653975216,Far,315.299349598309,Northwest,Northwest,Isolated,Explicit,f,,,,,,198,8
14692,23998,955.473459407095,Far,334.457921730827,Northwest,Northwest,Isolated,Explicit,f,,,,,,198,8
14692,22699,868.085532430126,Far,330.440502997669,Northwest,Northwest,Isolated,Explicit,f,,,,,,198,8
14692,23090,861.692043367716,Far,329.969574629148,Northwest,Northwest,Isolated,Explicit,f,,,,,,198,8
14692,22203,865.327098622253,Far,332.720313405258,Northwest,Northwest,Isolated,Explicit,f,,,,,,198,8
14692,15546,537.244022749313,Far,315.424336735337,Northwest,Northwest,Isolated,Explicit,f,,,,,,198,8
14692,15659,537.728519101453,Far,315.372692862887,Northwest,Northwest,Isolated,Explicit,f,,,,,,198,8
14692,15887,547.604562227139,Far,314.64048525913,Northwest,Northwest,Isolated,Explicit,t,,,,,,198,8
14692,15605,552.407523831179,Far,313.950493695201,Northwest,Northwest,Isolated,Explicit,t,,,,,,198,8
14692,19855,551.157043361562,Far,313.994489015118,Northwest,Northwest,Isolated,Explicit,t,,,,,,198,8
14692,17298,516.532450692671,Far,309.295683498539,Northwest,Northwest,Isolated,Explicit,f,,,,,,198,8
14692,17066,511.986864812425,Far,308.782303123536,Northwest,Northwest,Isolated,Explicit,f,,,,,,198,8
14692,19035,556.88040454881,Far,313.718283153147,Northwest,Northwest,Isolated,Explicit,t,,,,,,198,8
14692,17830,529.840107405341,Far,308.295882879077,Northwest,Northwest,Isolated,Explicit,f,,,,,,198,8
14692,15589,564.72165162061,Far,312.728470075839,Northwest,Northwest,Isolated,Explicit,t,,,,,,198,8
14692,18081,557.620575362853,Far,310.665196550507,Northwest,Northwest,Isolated,Explicit,f,,,,,,198,8
14692,15635,580.838123980315,Far,312.303699055047,Northwest,Northwest,Isolated,Explicit,f,,,,,,198,8
14692,20174,530.894303833988,Far,306.646909530498,Northwest,Northwest,Isolated,Explicit,f,,,,,,198,8
14692,20772,926.929682246465,Far,340.108934155987,North,North,Isolated,Explicit,f,,,,,,198,8
14692,20519,521.991966466738,Far,320.674323750565,Northwest,Northwest,Isolated,Explicit,f,,,,,,198,8
14692,23780,853.416254306508,Far,335.443883619736,Northwest,Northwest,Isolated,Explicit,t,,,,,,198,8
14692,22553,712.474633444381,Far,302.594421374985,Northwest,Northwest,Isolated,Explicit,f,,,,,,198,8
14692,20500,741.601141080415,Far,303.615292232943,Northwest,Northwest,Isolated,Explicit,f,,,,,,198,8
14692,21944,823.42300513502,Far,315.086452192165,Northwest,Northwest,Isolated,Explicit,f,,,,,,198,8
14692,18969,803.551286305999,Far,293.384877970088,Northwest,Northwest,Isolated,Explicit,f,,,,,,198,8
14692,19104,819.475840562248,Far,294.621068893322,Northwest,Northwest,Isolated,Explicit,f,,,,,,198,8
14692,19414,814.513224696346,Far,293.024297615468,Northwest,Northwest,Isolated,Explicit,f,,,,,,198,8
14692,18972,999.418166607991,Far,290.577379667144,West,West,Isolated,Explicit,t,,,,,,198,8
14692,19355,991.953341501256,Far,291.078201560623,West,West,Isolated,Explicit,t,,,,,,198,8
14692,19043,981.407306154486,Far,289.888432433815,West,West,Isolated,Explicit,f,,,,,,198,8
14692,23594,986.486446284967,Far,291.053380908908,West,West,Isolated,Explicit,t,,,,,,198,8
14692,16470,895.876818241296,Far,292.916269064984,Northwest,Northwest,Isolated,Explicit,f,,,,,,198,8
14692,18055,905.0772199716,Far,292.720544155122,Northwest,Northwest,Isolated,Explicit,f,,,,,,198,8
14692,16955,905.631914489923,Far,292.706133918938,Northwest,Northwest,Isolated,Explicit,f,,,,,,198,8
14692,18114,916.696466624447,Far,293.316019934401,Northwest,Northwest,Isolated,Explicit,f,,,,,,198,8
14692,20020,917.693562703216,Far,292.210723399558,West,West,Isolated,Explicit,t,,,,,,198,8
14692,19787,939.884035028683,Far,291.706554055305,West,West,Isolated,Explicit,t,,,,,,198,8
14692,24345,941.600628200587,Far,291.499213249337,West,West,Isolated,Explicit,t,,,,,,198,8
14692,22497,915.129197811052,Far,296.26546563558,Northwest,Northwest,Isolated,Explicit,f,,,,,,198,8
14692,23492,926.14838161331,Far,303.223000853738,Northwest,Northwest,Isolated,Explicit,f,,,,,,198,8
14692,21578,929.358540023419,Far,305.410997098901,Northwest,Northwest,Isolated,Explicit,f,,,,,,198,8
14692,22477,847.234186653131,Far,295.400293120654,Northwest,Northwest,Isolated,Explicit,f,,,,,,198,8
14692,16937,845.568954152301,Far,294.090534602335,Northwest,Northwest,Isolated,Explicit,f,,,,,,198,8
14692,18645,852.895798706863,Far,294.453153122278,Northwest,Northwest,Isolated,Explicit,f,,,,,,198,8
14692,19056,858.644075912144,Far,293.772726860749,Northwest,Northwest,Isolated,Explicit,f,,,,,,198,8
14692,19045,865.978581620327,Far,293.595080148844,Northwest,Northwest,Isolated,Explicit,f,,,,,,198,8
14692,19036,868.880477706855,Far,293.322235678485,Northwest,Northwest,Isolated,Explicit,f,,,,,,198,8
14692,19904,870.494529445582,Far,293.26937958,Northwest,Northwest,Isolated,Explicit,f,,,,,,198,8
14692,15107,526.559833555216,Far,124.599667959456,Southeast,Southeast,Isolated,Explicit,f,,,,,,198,8
14692,23472,477.834757339726,Medium,6.35499896101012,North,North,Isolated,Explicit,f,,,,,,198,8
14692,16369,889.926614304392,Far,3.67401648067095,North,North,Isolated,Explicit,f,,,,,,198,8
14692,22073,889.80118651039,Far,3.65789821738278,North,North,Isolated,Explicit,f,,,,,,198,8
14692,19628,895.323119196618,Far,3.61646518955111,North,North,Isolated,Explicit,f,,,,,,198,8
14692,20272,926.776341741055,Far,0.597823175076895,North,North,Isolated,Explicit,f,,,,,,198,8
14692,15339,891.168403835424,Far,190.291205322179,South,South,Isolated,Explicit,f,,,,,,198,8
14692,15144,956.231384682213,Far,78.9379785109993,East,East,Isolated,Explicit,f,,,,,,198,8
14692,15225,855.991958239137,Far,95.1875241482123,East,East,Isolated,Explicit,f,,,,,,198,8
14692,14725,857.962224708643,Far,92.5625396726274,East,East,Isolated,Explicit,f,,,,,,198,8
14692,14332,878.376857414677,Far,96.6949267390756,East,East,Isolated,Explicit,f,,,,,,198,8
14692,14739,872.508518082377,Far,89.9607778852827,East,East,Isolated,Explicit,t,,,,,,198,8
14692,14973,842.631192943577,Far,94.6954785329368,East,East,Isolated,Explicit,f,,,,,,198,8
14692,15462,804.764285729948,Far,97.9804412100159,East,East,Isolated,Explicit,f,,,,,,198,8
14692,15275,788.091680671273,Far,83.1137133499939,East,East,Isolated,Explicit,f,,,,,,198,8
14692,15243,793.303412710574,Far,85.5724185132998,East,East,Isolated,Explicit,f,,,,,,198,8
14692,15253,800.158753744966,Far,94.9547955933384,East,East,Isolated,Explicit,f,,,,,,198,8
14692,14245,814.678620374922,Far,97.4944359298994,East,East,Isolated,Explicit,f,,,,,,198,8
14692,14698,778.233639445415,Far,86.4946516450291,East,East,Isolated,Explicit,f,,,,,,198,8
14692,15291,780.951238206963,Far,86.524651821265,East,East,Isolated,Explicit,f,,,,,,198,8
14692,22202,497.199256402319,Medium,249.872327987607,West,West,Isolated,Explicit,f,,,,,,198,8
14692,17954,512.101476109335,Far,238.490370991527,Southwest,Southwest,Isolated,Explicit,f,,,,,,198,8
14692,16389,489.88275295714,Medium,246.249222007579,Southwest,Southwest,Isolated,Explicit,t,,,,,,198,8
14692,21712,487.998221883851,Medium,248.992173434722,West,West,Isolated,Explicit,f,,,,,,198,8
14692,22231,515.855586644583,Far,241.504795397255,Southwest,Southwest,Isolated,Explicit,f,,,,,,198,8
14692,17967,520.142295984127,Far,240.588303995459,Southwest,Southwest,Isolated,Explicit,f,,,,,,198,8
14692,22138,492.828618462467,Medium,249.142957105862,West,West,Isolated,Explicit,f,,,,,,198,8
14692,21004,496.822248310705,Medium,284.614562941101,West,West,Isolated,Explicit,f,,,,,,198,8
14692,21040,495.091663075188,Medium,262.39955779281,West,West,Isolated,Explicit,f,,,,,,198,8
14692,20037,497.576813676607,Medium,266.705915993235,West,West,Isolated,Explicit,f,,,,,,198,8
14692,17789,391.305550885966,Medium,255.343709674058,West,West,Isolated,Explicit,f,,,,,,198,8
14692,15715,391.091642293093,Medium,271.37840714846,West,West,Isolated,Explicit,f,,,,,,198,8
14692,16953,426.845687842689,Medium,261.607824827576,West,West,Isolated,Explicit,f,,,,,,198,8
14692,21031,537.892166586646,Far,229.644281378859,Southwest,Southwest,Isolated,Explicit,f,,,,,,198,8
14692,22241,540.543063096465,Far,229.777593274733,Southwest,Southwest,Isolated,Explicit,f,,,,,,198,8
14692,18473,543.800866818221,Far,230.071378670252,Southwest,Southwest,Isolated,Explicit,f,,,,,,198,8
14692,20392,446.154030860719,Medium,254.520979307399,West,West,Isolated,Explicit,f,,,,,,198,8
14692,22210,491.766293173728,Medium,240.973562652953,Southwest,Southwest,Isolated,Explicit,f,,,,,,198,8
14692,16705,559.358887461837,Far,229.798161260364,Southwest,Southwest,Isolated,Explicit,f,,,,,,198,8
14692,16650,497.222602989276,Medium,238.236022600748,Southwest,Southwest,Isolated,Explicit,f,,,,,,198,8
14692,22244,571.632235485018,Far,225.352300847942,Southwest,Southwest,Isolated,Explicit,f,,,,,,198,8
14692,22246,571.632235485018,Far,225.352300847942,Southwest,Southwest,Isolated,Explicit,f,,,,,,198,8
14692,20232,569.572224586918,Far,225.570989932837,Southwest,Southwest,Isolated,Explicit,f,,,,,,198,8
14692,21047,353.165412574874,Medium,274.439802113079,West,West,Isolated,Explicit,f,,,,,,198,8
14692,15946,370.36775425706,Medium,234.241907860344,Southwest,Southwest,Isolated,Explicit,f,,,,,,198,8
14692,19141,295.07230477261,Medium,265.634985275212,West,West,Isolated,Explicit,f,,,,,,198,8
14692,19950,523.77903976816,Far,266.963866197283,West,West,Isolated,Explicit,f,,,,,,198,8
14692,24343,524.623729807663,Far,267.479294649328,West,West,Isolated,Explicit,f,,,,,,198,8
14692,21067,527.20983438281,Far,263.07223672647,West,West,Isolated,Explicit,f,,,,,,198,8
14692,20464,536.700635797229,Far,251.167513343506,West,West,Isolated,Explicit,f,,,,,,198,8
14692,22670,587.587276239463,Far,238.126111610611,Southwest,Southwest,Isolated,Explicit,f,,,,,,198,8
14692,21667,549.650920995999,Far,254.894957899458,West,West,Isolated,Explicit,f,,,,,,198,8
14692,21037,568.661713940783,Far,259.340280700164,West,West,Isolated,Explicit,f,,,,,,198,8
14692,22229,620.19951227451,Far,246.970387089764,Southwest,Southwest,Isolated,Explicit,t,,,,,,198,8
14692,22012,775.6175250552,Far,229.12538443769,Southwest,Southwest,Isolated,Explicit,f,,,,,,198,8
14692,21926,632.589102246153,Far,246.919781359971,Southwest,Southwest,Isolated,Explicit,t,,,,,,198,8
14692,22205,659.546688871565,Far,248.308237330783,West,West,Isolated,Explicit,f,,,,,,198,8
14692,19109,661.292023389501,Far,284.774157393085,West,West,Isolated,Explicit,f,,,,,,198,8
14692,20165,667.691321433219,Far,282.559388516016,West,West,Isolated,Explicit,f,,,,,,198,8
14692,23400,786.871975432028,Far,236.444182513294,Southwest,Southwest,Isolated,Explicit,f,,,,,,198,8
14692,22219,693.481112913347,Far,255.838453179997,West,West,Isolated,Explicit,f,,,,,,198,8
14692,21963,708.283241603134,Far,250.588083005916,West,West,Isolated,Explicit,f,,,,,,198,8
14692,22542,764.76434679019,Far,240.508296684975,Southwest,Southwest,Isolated,Explicit,f,,,,,,198,8
14692,18469,685.784418140409,Far,270.67905437993,West,West,Isolated,Explicit,f,,,,,,198,8
14692,22224,679.244266847642,Far,267.141070915655,West,West,Isolated,Explicit,f,,,,,,198,8
14692,18538,670.512045705653,Far,268.513255433469,West,West,Isolated,Explicit,t,,,,,,198,8
14692,21960,666.97188126985,Far,261.623535609975,West,West,Isolated,Explicit,f,,,,,,198,8
14692,22033,667.344809429947,Far,261.609192715614,West,West,Isolated,Explicit,f,,,,,,198,8
14692,16996,715.012816843734,Far,292.878999999419,Northwest,Northwest,Isolated,Explicit,f,,,,,,198,8
14692,22910,711.300505837646,Far,288.406705534105,West,West,Isolated,Explicit,f,,,,,,198,8
14692,18481,716.502123317068,Far,288.290178780321,West,West,Isolated,Explicit,f,,,,,,198,8
14692,21858,716.202805414347,Far,285.381387899415,West,West,Isolated,Explicit,f,,,,,,198,8
14692,17210,719.216426477858,Far,285.775154537987,West,West,Isolated,Explicit,f,,,,,,198,8
14692,22156,760.637569368387,Far,289.549499743375,West,West,Isolated,Explicit,f,,,,,,198,8
14692,21574,739.455594057445,Far,284.757583785953,West,West,Isolated,Explicit,f,,,,,,198,8
14692,21314,733.952198022425,Far,284.912354722304,West,West,Isolated,Explicit,f,,,,,,198,8
14692,19949,727.914168663876,Far,282.959014419429,West,West,Isolated,Explicit,f,,,,,,198,8
14692,22009,692.41484189146,Far,267.203062090767,West,West,Isolated,Explicit,f,,,,,,198,8
14692,22242,693.499372989391,Far,267.125401552527,West,West,Isolated,Explicit,f,,,,,,198,8
14692,22222,879.202410960886,Far,233.36663500705,Southwest,Southwest,Isolated,Explicit,f,,,,,,198,8
14692,22265,881.022529792226,Far,233.275042380731,Southwest,Southwest,Isolated,Explicit,f,,,,,,198,8
14692,22070,725.335503473521,Far,261.314716035068,West,West,Isolated,Explicit,f,,,,,,198,8
14692,22223,779.408342118561,Far,251.100311413844,West,West,Isolated,Explicit,f,,,,,,198,8
14692,22183,740.6280255751,Far,267.21336292003,West,West,Isolated,Explicit,f,,,,,,198,8
14692,22225,741.875212909765,Far,268.068326220124,West,West,Isolated,Explicit,t,,,,,,198,8
14692,22547,960.159427917451,Far,272.539062027207,West,West,Isolated,Explicit,f,,,,,,198,8
14692,24219,997.864325787813,Far,272.655669703237,West,West,Isolated,Explicit,f,,,,,,198,8
14692,22714,992.061226519195,Far,266.864867637862,West,West,Isolated,Explicit,f,,,,,,198,8
14692,23439,991.293347899979,Far,266.939255622119,West,West,Isolated,Explicit,f,,,,,,198,8
14692,22155,987.953277085512,Far,247.846291548005,West,West,Isolated,Explicit,f,,,,,,198,8
14692,22424,939.470271277848,Far,258.239271625725,West,West,Isolated,Explicit,f,,,,,,198,8
14692,19951,898.401717642266,Far,267.141789627632,West,West,Isolated,Explicit,f,,,,,,198,8
14692,21846,942.409340394494,Far,249.932674927153,West,West,Isolated,Explicit,f,,,,,,198,8
14692,19959,951.464385802814,Far,252.477176747565,West,West,Isolated,Explicit,f,,,,,,198,8
14692,24248,968.691421823649,Far,250.33700725567,West,West,Isolated,Explicit,f,,,,,,198,8
14692,19231,954.967027015941,Far,250.312840576074,West,West,Isolated,Explicit,f,,,,,,198,8
14692,19866,892.251212329184,Far,260.927295726436,West,West,Isolated,Explicit,f,,,,,,198,8
14692,22489,904.473922434816,Far,250.221429437552,West,West,Isolated,Explicit,f,,,,,,198,8
14692,22228,842.494959531374,Far,259.333682311412,West,West,Isolated,Explicit,f,,,,,,198,8
14692,20627,905.325050909315,Far,284.687306848325,West,West,Isolated,Explicit,f,,,,,,198,8
14692,22240,762.341544786172,Far,266.886319984194,West,West,Isolated,Explicit,f,,,,,,198,8
14692,22834,858.024567118405,Far,288.369783644206,West,West,Isolated,Explicit,f,,,,,,198,8
14692,22235,821.151308688785,Far,263.919747257956,West,West,Isolated,Explicit,f,,,,,,198,8
14692,22245,815.149946938452,Far,263.541962040614,West,West,Isolated,Explicit,f,,,,,,198,8
14692,22135,802.121622439564,Far,266.655460589724,West,West,Isolated,Explicit,f,,,,,,198,8
14692,22243,799.403266029525,Far,265.956834791471,West,West,Isolated,Explicit,f,,,,,,198,8
14692,22239,788.876936432283,Far,267.400121508492,West,West,Isolated,Explicit,f,,,,,,198,8
14692,22232,827.616288053632,Far,259.468940339757,West,West,Isolated,Explicit,f,,,,,,198,8
14692,21975,832.639266875013,Far,250.349890017868,West,West,Isolated,Explicit,f,,,,,,198,8
14692,22015,797.565917555954,Far,259.068154787556,West,West,Isolated,Explicit,f,,,,,,198,8
14692,22234,813.996666157549,Far,250.128737362064,West,West,Isolated,Explicit,f,,,,,,198,8
14692,22179,789.018319173197,Far,255.766509187049,West,West,Isolated,Explicit,f,,,,,,198,8
14692,22197,776.327138912483,Far,258.753976501478,West,West,Isolated,Explicit,f,,,,,,198,8
14692,22017,893.397809855744,Far,238.789805509366,Southwest,Southwest,Isolated,Explicit,f,,,,,,198,8
14695,14677,854.511895691025,Far,303.562529730969,Northwest,Northwest,Isolated,Explicit,f,,,,,,112,6
14695,15425,656.749851968109,Far,277.221211511546,West,West,Isolated,Explicit,f,,,,,,112,6
14695,15460,828.611542501488,Far,224.942524790751,Southwest,Southwest,Isolated,Explicit,t,,,,,,112,6
14695,14632,750.802702617713,Far,223.332332628451,Southwest,Southwest,Isolated,Explicit,t,,,,,,112,6
14695,15265,695.450045445681,Far,296.600806433859,Northwest,Northwest,Isolated,Explicit,f,,,,,,112,6
14695,14323,959.3283323685,Far,318.374581770094,Northwest,Northwest,Isolated,Explicit,f,,,,,,112,6
14695,15438,924.816463794049,Far,317.932673763321,Northwest,Northwest,Isolated,Explicit,f,,,,,,112,6
14695,15196,905.320699677179,Far,313.256380858366,Northwest,Northwest,Isolated,Explicit,t,,,,,,112,6
14695,14687,889.568452843372,Far,311.313021749022,Northwest,Northwest,Isolated,Explicit,f,,,,,,112,6
14695,14683,898.509077517176,Far,311.993121649242,Northwest,Northwest,Isolated,Explicit,f,,,,,,112,6
14695,15256,874.840952487374,Far,290.56013224789,West,West,Isolated,Explicit,t,,,,,,112,6
14695,15464,994.3734653312,Far,235.049201832784,Southwest,Southwest,Isolated,Explicit,f,,,,,,112,6
14695,61810,926.408221070976,Far,33.6062664534765,Northeast,Northeast,Isolated,Explicit,f,,,,,,112,6
14695,73642,831.17930376669,Far,21.3243648930482,North,North,Isolated,Explicit,t,,,,,,112,6
14695,73645,808.197537702969,Far,24.7802328661871,Northeast,Northeast,Isolated,Explicit,f,,,,,,112,6
14695,66001,952.564108535831,Far,21.9929147872454,North,North,Isolated,Explicit,t,,,,,,112,6
14695,75279,449.800356934484,Medium,59.0138163305049,Northeast,Northeast,Isolated,Explicit,f,,,,,,112,6
14695,68953,928.241199257221,Far,109.113184391026,East,East,Isolated,Explicit,f,,,,,,112,6
14695,67043,955.385788892232,Far,90.2634439184904,East,East,Isolated,Explicit,f,,,,,,112,6
14695,68907,989.444668195972,Far,110.413947017711,East,East,Isolated,Explicit,t,,,,,,112,6
14695,74863,924.93781563077,Far,99.5122437629356,East,East,Isolated,Explicit,f,,,,,,112,6
14695,74851,916.813404572653,Far,98.6596444503224,East,East,Isolated,Explicit,f,,,,,,112,6
14695,68440,784.321424913336,Far,118.011516790751,Southeast,Southeast,Isolated,Explicit,f,,,,,,112,6
14695,67111,714.767099373919,Far,155.434538401249,Southeast,Southeast,Isolated,Explicit,t,,,,,,112,6
14695,73345,904.203468617818,Far,156.447714310848,Southeast,Southeast,Isolated,Explicit,t,,,,,,112,6
14695,57729,875.449092011289,Far,153.554442463409,Southeast,Southeast,Isolated,Explicit,f,,,,,,112,6
14695,75411,499.966134526682,Medium,84.2073812644174,East,East,Isolated,Explicit,f,,,,,,112,6
14695,66991,844.029872671289,Far,144.168689561532,Southeast,Southeast,Isolated,Explicit,f,,,,,,112,6
14695,54791,913.142701477938,Far,150.267929505993,Southeast,Southeast,Isolated,Explicit,f,,,,,,112,6
14695,14767,978.316023295131,Far,175.202162824123,South,South,Isolated,Explicit,f,,,,,,112,6
14695,14913,717.070418765503,Far,11.7597708035416,North,North,Isolated,Explicit,f,,,,,,112,6
14695,15447,902.440184842939,Far,1.28953678699281,North,North,Isolated,Explicit,f,,,,,,112,6
14695,15097,626.71120333658,Far,3.02343302767676,North,North,Isolated,Explicit,f,,,,,,112,6
14695,15168,833.143919962044,Far,356.806066576498,North,North,Isolated,Explicit,f,,,,,,112,6
14695,15053,558.133896060191,Far,359.545742375462,North,North,Isolated,Explicit,t,,,,,,112,6
14695,14699,291.159429571372,Medium,188.286881070846,South,South,Isolated,Explicit,f,,,,,,112,6
14695,14564,986.397633688748,Far,181.448780327308,South,South,Isolated,Explicit,f,,,,,,112,6
14695,14710,999.040841193441,Far,182.005243023863,South,South,Isolated,Explicit,f,,,,,,112,6
14695,14306,996.889179868127,Far,187.152430561756,South,South,Isolated,Explicit,f,,,,,,112,6
14695,14246,841.070863828475,Far,195.236503665194,South,South,Isolated,Explicit,f,,,,,,112,6
14695,14297,863.51516526224,Far,194.481792552102,South,South,Isolated,Explicit,f,,,,,,112,6
14695,14494,998.925749305335,Far,192.707864231208,South,South,Isolated,Explicit,f,,,,,,112,6
14695,14265,982.823054563552,Far,192.896123430378,South,South,Isolated,Explicit,f,,,,,,112,6
14695,15407,996.021637730285,Far,192.477497696165,South,South,Isolated,Explicit,f,,,,,,112,6
14695,15215,940.330247136466,Far,192.772962435783,South,South,Isolated,Explicit,f,,,,,,112,6
14695,14254,992.241769880248,Far,192.059936657273,South,South,Isolated,Explicit,f,,,,,,112,6
14695,15206,997.55799884807,Far,192.05749720725,South,South,Isolated,Explicit,f,,,,,,112,6
14695,15228,993.285081228102,Far,191.841313591448,South,South,Isolated,Explicit,f,,,,,,112,6
14695,15235,928.525999479533,Far,192.548511467632,South,South,Isolated,Explicit,f,,,,,,112,6
14695,15011,920.364449373798,Far,192.216577613982,South,South,Isolated,Explicit,f,,,,,,112,6
14695,14498,972.180005909248,Far,191.659709596279,South,South,Isolated,Explicit,f,,,,,,112,6
14695,14420,994.749560566966,Far,191.442949473599,South,South,Isolated,Explicit,f,,,,,,112,6
14695,14298,954.619258609872,Far,195.191981116599,South,South,Isolated,Explicit,f,,,,,,112,6
14695,14335,954.354986301883,Far,195.392572417813,South,South,Isolated,Explicit,f,,,,,,112,6
14695,14255,874.9868769869,Far,196.082882973535,South,South,Isolated,Explicit,f,,,,,,112,6
14695,15203,869.830422288053,Far,196.359177194926,South,South,Isolated,Explicit,f,,,,,,112,6
14695,14707,829.941600935201,Far,197.187342642971,South,South,Isolated,Explicit,f,,,,,,112,6
14695,14295,836.482786809295,Far,196.66228951121,South,South,Isolated,Explicit,f,,,,,,112,6
14695,14415,863.702905975664,Far,196.221352033458,South,South,Isolated,Explicit,f,,,,,,112,6
14695,14374,954.926632903341,Far,194.430106086737,South,South,Isolated,Explicit,f,,,,,,112,6
14695,14566,958.42852928315,Far,194.773283315223,South,South,Isolated,Explicit,f,,,,,,112,6
14695,14471,985.882983843296,Far,193.763946853109,South,South,Isolated,Explicit,f,,,,,,112,6
14695,14310,922.759497697205,Far,194.817287524432,South,South,Isolated,Explicit,f,,,,,,112,6
14695,14243,914.895222197191,Far,194.827152284917,South,South,Isolated,Explicit,f,,,,,,112,6
14695,14464,949.739010639301,Far,194.36439485525,South,South,Isolated,Explicit,f,,,,,,112,6
14695,14496,939.446935704153,Far,194.363837849976,South,South,Isolated,Explicit,f,,,,,,112,6
14695,14371,976.956645496012,Far,193.784543158455,South,South,Isolated,Explicit,f,,,,,,112,6
14695,14226,986.868274714472,Far,193.612795277271,South,South,Isolated,Explicit,f,,,,,,112,6
14695,14461,912.582973821695,Far,194.393813402778,South,South,Isolated,Explicit,f,,,,,,112,6
14695,14356,925.469195514206,Far,194.125410203978,South,South,Isolated,Explicit,f,,,,,,112,6
14695,14359,908.79658881047,Far,194.564073766625,South,South,Isolated,Explicit,f,,,,,,112,6
14695,14362,912.279476991354,Far,194.547930485582,South,South,Isolated,Explicit,f,,,,,,112,6
14695,14460,904.536093558882,Far,194.615052461554,South,South,Isolated,Explicit,f,,,,,,112,6
14695,14293,875.873837324248,Far,195.1571785995,South,South,Isolated,Explicit,f,,,,,,112,6
14695,14629,903.876835990349,Far,194.301688932888,South,South,Isolated,Explicit,f,,,,,,112,6
14695,14363,898.869232830353,Far,194.30728631812,South,South,Isolated,Explicit,f,,,,,,112,6
14695,14312,834.253688692347,Far,195.609093173527,South,South,Isolated,Explicit,f,,,,,,112,6
14695,14552,901.613273740836,Far,194.914127088263,South,South,Isolated,Explicit,f,,,,,,112,6
14695,14495,875.853428116491,Far,195.464128787956,South,South,Isolated,Explicit,f,,,,,,112,6
14695,14276,896.332157411335,Far,195.249561796092,South,South,Isolated,Explicit,f,,,,,,112,6
14695,14548,265.348997752477,Medium,298.525150045024,Northwest,Northwest,Isolated,Explicit,f,,,,,,112,6
14695,14331,387.158602453739,Medium,319.591502991803,Northwest,Northwest,Isolated,Explicit,f,,,,,,112,6
14695,14999,887.393209218532,Far,339.198256363145,North,North,Isolated,Explicit,f,,,,,,112,6
14695,15002,905.343787836833,Far,338.536281242873,North,North,Isolated,Explicit,f,,,,,,112,6
14695,15000,905.343787836833,Far,338.536281242873,North,North,Isolated,Explicit,f,,,,,,112,6
14695,15241,873.650523272118,Far,335.619143744854,Northwest,Northwest,Isolated,Explicit,t,,,,,,112,6
14695,14472,727.202992213421,Far,327.001730846909,Northwest,Northwest,Isolated,Explicit,f,,,,,,112,6
14695,14781,513.535941767157,Far,235.00678858938,Southwest,Southwest,Isolated,Explicit,f,,,,,,112,6
14695,14183,527.749903292096,Far,235.644993538079,Southwest,Southwest,Isolated,Explicit,f,,,,,,112,6
14695,14573,772.421712477849,Far,218.732319482721,Southwest,Southwest,Isolated,Explicit,f,,,,,,112,6
14695,14615,764.395486847813,Far,219.521047030394,Southwest,Southwest,Isolated,Explicit,f,,,,,,112,6
14695,14650,780.610736539697,Far,219.501118094098,Southwest,Southwest,Isolated,Explicit,f,,,,,,112,6
14695,14195,786.195571605409,Far,219.18002050933,Southwest,Southwest,Isolated,Explicit,f,,,,,,112,6
14695,14530,774.684640668184,Far,212.636242001508,Southwest,Southwest,Isolated,Explicit,f,,,,,,112,6
14695,15059,499.740935466267,Medium,323.019643526887,Northwest,Northwest,Isolated,Explicit,f,,,,,,112,6
14701,15425,635.387347808838,Far,150.22956886391,Southeast,Southeast,Isolated,Explicit,f,,,,,,41,3
14701,15256,358.757744832646,Medium,155.651647171847,Southeast,Southeast,Isolated,Explicit,t,,,,,,41,3
14701,15168,941.610335835302,Far,77.8759220601342,East,East,Isolated,Explicit,f,,,,,,41,3
14701,15053,965.595027049793,Far,94.5123688761581,East,East,Isolated,Explicit,f,,,,,,41,3
14701,14548,892.197214571926,Far,124.657699568717,Southeast,Southeast,Isolated,Explicit,f,,,,,,41,3
14701,14331,792.372097567055,Far,115.352681601823,Southeast,Southeast,Isolated,Explicit,f,,,,,,41,3
14701,14999,680.556310001304,Far,73.3088353178506,East,East,Isolated,Explicit,f,,,,,,41,3
14701,15002,669.059448410188,Far,71.8447783410198,East,East,Isolated,Explicit,f,,,,,,41,3
14701,15000,669.059448410188,Far,71.8447783410198,East,East,Isolated,Explicit,f,,,,,,41,3
14701,15241,627.562100372134,Far,75.0726824601315,East,East,Isolated,Explicit,f,,,,,,41,3
14701,15362,645.473897765552,Far,58.6382731754107,Northeast,Northeast,Isolated,Explicit,f,,,,,,41,3
14701,14472,571.494436723298,Far,92.4257344111993,East,East,Isolated,Explicit,f,,,,,,41,3
14701,15059,706.589857436218,Far,109.414464217399,East,East,Isolated,Explicit,f,,,,,,41,3
14701,15020,902.501430643619,Far,247.901834584116,West,West,Isolated,Explicit,f,,,,,,41,3
14701,15028,951.065711915282,Far,247.500979093451,West,West,Isolated,Explicit,f,,,,,,41,3
14701,15022,960.435837456886,Far,247.76603848893,West,West,Isolated,Explicit,f,,,,,,41,3
14701,15440,980.651025404329,Far,278.496176456999,West,West,Isolated,Explicit,f,,,,,,41,3
14701,14828,352.675513314683,Medium,269.932522197322,West,West,Isolated,Explicit,t,,,,,,41,3
14701,15037,601.146555263703,Far,310.117135288153,Northwest,Northwest,Isolated,Explicit,f,,,,,,41,3
14701,14824,582.728824270029,Far,300.691728724161,Northwest,Northwest,Isolated,Explicit,f,,,,,,41,3
14701,14600,860.148140057199,Far,250.863006997335,West,West,Isolated,Explicit,f,,,,,,41,3
14701,15254,994.8155480427,Far,314.591125211243,Northwest,Northwest,Isolated,Explicit,t,,,,,,41,3
14963,14893,493.224415675157,Medium,187.262826757393,South,South,Isolated,Explicit,f,,,,,,27,3
14963,14516,987.302485160221,Far,151.352730780166,Southeast,Southeast,Isolated,Explicit,f,,,,,,27,3
14963,14728,464.868658399832,Medium,141.930563538555,Southeast,Southeast,Isolated,Explicit,f,,,,,,27,3
14963,15035,379.590917735159,Medium,151.293377025691,Southeast,Southeast,Isolated,Explicit,f,,,,,,27,3
14963,15421,487.17657565788,Medium,162.59489650999,South,South,Isolated,Explicit,f,,,,,,27,3
14963,15356,412.77006760778,Medium,164.578862613574,South,South,Isolated,Explicit,f,,,,,,27,3
14963,14853,411.546401200063,Medium,161.694973072839,South,South,Isolated,Explicit,f,,,,,,27,3
14963,15094,426.158099177108,Medium,175.410278346044,South,South,Isolated,Explicit,f,,,,,,27,3
14963,15471,341.036465469338,Medium,170.734503751104,South,South,Isolated,Explicit,f,,,,,,27,3
14963,14575,512.53474321578,Far,178.408000802151,South,South,Isolated,Explicit,t,,,,,,27,3
14963,14673,332.342730382344,Medium,174.60518677576,South,South,Isolated,Explicit,f,,,,,,27,3
14963,14927,916.253407895295,Far,183.107190827276,South,South,Isolated,Explicit,f,,,,,,27,3
14963,14509,990.173941522864,Far,295.445300453685,Northwest,Northwest,Isolated,Explicit,f,,,,,,27,3
14963,14421,880.650025826761,Far,341.111779393518,North,North,Isolated,Explicit,f,,,,,,27,3
14963,14689,398.592891200269,Medium,350.161475254273,North,North,Isolated,Explicit,f,,,,,,27,3
14963,14990,923.387946218087,Far,11.8157079696119,North,North,Isolated,Explicit,f,,,,,,27,3
14963,15081,756.332652295681,Far,19.0945227558003,North,North,Isolated,Explicit,f,,,,,,27,3
14963,15475,472.00063828262,Medium,32.9697908442346,Northeast,Northeast,Isolated,Explicit,f,,,,,,27,3
14963,15189,808.693396184681,Far,24.5244817354868,Northeast,Northeast,Isolated,Explicit,f,,,,,,27,3
14963,15051,984.702799663344,Far,27.0901978595005,Northeast,Northeast,Isolated,Explicit,f,,,,,,27,3
14963,14219,919.202535261282,Far,25.7766795802083,Northeast,Northeast,Isolated,Explicit,f,,,,,,27,3
14963,14173,932.969028524565,Far,29.3197916890849,Northeast,Northeast,Isolated,Explicit,f,,,,,,27,3
14963,15050,990.06578821327,Far,28.2702058488078,Northeast,Northeast,Isolated,Explicit,f,,,,,,27,3
15058,14929,907.488485517755,Far,73.3795637829124,East,East,Isolated,Explicit,f,,,,,,57,4
15058,15111,781.953508634633,Far,177.177011790233,South,South,Isolated,Explicit,f,,,,,,57,4
15058,15477,876.51449825149,Far,292.609089359254,Northwest,Northwest,Isolated,Explicit,f,,,,,,57,4
15058,15197,986.678904931068,Far,302.759342961472,Northwest,Northwest,Isolated,Explicit,f,,,,,,57,4
15058,15029,968.418807691198,Far,296.415451529317,Northwest,Northwest,Isolated,Explicit,f,,,,,,57,4
15058,15156,977.030442748235,Far,299.25369876477,Northwest,Northwest,Isolated,Explicit,f,,,,,,57,4
15058,14180,866.529373376993,Far,319.277024031016,Northwest,Northwest,Isolated,Explicit,f,,,,,,57,4
15058,14172,827.854190717325,Far,319.294499200874,Northwest,Northwest,Isolated,Explicit,f,,,,,,57,4
15058,15390,752.09032800384,Far,319.518241022494,Northwest,Northwest,Isolated,Explicit,f,,,,,,57,4
15058,14382,770.048648750657,Far,319.843185949435,Northwest,Northwest,Isolated,Explicit,f,,,,,,57,4
15058,15104,639.545904919969,Far,310.560387507803,Northwest,Northwest,Isolated,Explicit,f,,,,,,57,4
15058,14421,481.004193345777,Medium,276.056711733948,West,West,Isolated,Explicit,f,,,,,,57,4
15058,15091,510.138159326603,Far,318.633870364869,Northwest,Northwest,Isolated,Explicit,f,,,,,,57,4
15058,14689,469.255648938312,Medium,213.84352290225,Southwest,Southwest,Isolated,Explicit,f,,,,,,57,4
15058,15395,597.604194369827,Far,345.249785477142,North,North,Isolated,Explicit,f,,,,,,57,4
15058,14990,121.417054855682,Close,358.038606402657,North,North,Isolated,Explicit,t,,,,,,57,4
15058,15267,602.310996471758,Far,355.285436040724,North,North,Isolated,Explicit,f,,,,,,57,4
15058,15021,780.181283023982,Far,358.422299433474,North,North,Isolated,Explicit,t,,,,,,57,4
15058,15023,779.413790248363,Far,358.401362905263,North,North,Isolated,Explicit,t,,,,,,57,4
15058,14445,793.358052070571,Far,358.277513713505,North,North,Isolated,Explicit,t,,,,,,57,4
15058,14240,802.391600354892,Far,358.424892633909,North,North,Isolated,Explicit,t,,,,,,57,4
15058,14366,800.337355616933,Far,358.805752964889,North,North,Isolated,Explicit,t,,,,,,57,4
15058,15272,719.948535814936,Far,10.2001194431035,North,North,Isolated,Explicit,f,,,,,,57,4
15058,14285,716.944466062863,Far,9.84585209684055,North,North,Isolated,Explicit,f,,,,,,57,4
15058,14527,705.005942568915,Far,10.1113222471145,North,North,Isolated,Explicit,f,,,,,,57,4
15058,14231,693.043761268335,Far,10.2070079215456,North,North,Isolated,Explicit,f,,,,,,57,4
15058,14279,708.624156629019,Far,9.68309496675777,North,North,Isolated,Explicit,f,,,,,,57,4
15058,14778,687.538422613178,Far,9.93828677356192,North,North,Isolated,Explicit,f,,,,,,57,4
15058,14545,660.648625892596,Far,10.341148542263,North,North,Isolated,Explicit,f,,,,,,57,4
15058,14408,647.848205472614,Far,10.6989914346522,North,North,Isolated,Explicit,f,,,,,,57,4
15058,14424,656.026319404956,Far,10.3959948298509,North,North,Isolated,Explicit,f,,,,,,57,4
15058,14544,651.763314323852,Far,10.6829488680678,North,North,Isolated,Explicit,f,,,,,,57,4
15058,14994,640.021204203973,Far,11.3784353294852,North,North,Isolated,Explicit,f,,,,,,57,4
15058,14241,679.418055078165,Far,8.11787854978336,North,North,Isolated,Explicit,f,,,,,,57,4
15058,14722,728.415964915306,Far,6.47812369298662,North,North,Isolated,Explicit,f,,,,,,57,4
15058,14216,603.227644719369,Far,8.01933704690535,North,North,Isolated,Explicit,f,,,,,,57,4
15058,15218,649.582426338438,Far,6.16624973324108,North,North,Isolated,Explicit,f,,,,,,57,4
15058,15110,682.676140667733,Far,3.45650718063234,North,North,Isolated,Explicit,f,,,,,,57,4
15058,15081,86.7584059036102,Close,141.351104194731,Southeast,Southeast,Isolated,Explicit,f,,,,,,57,4
15058,15475,391.690757932338,Medium,170.651098998215,South,South,Isolated,Explicit,f,,,,,,57,4
15058,14917,690.775136904399,Far,11.7552158744099,North,North,Isolated,Explicit,f,,,,,,57,4
15058,14770,654.521800767162,Far,11.3405119165823,North,North,Isolated,Explicit,f,,,,,,57,4
15058,14993,739.109578958647,Far,10.5050193797862,North,North,Isolated,Explicit,f,,,,,,57,4
15058,14932,740.568056984816,Far,10.1021474663519,North,North,Isolated,Explicit,f,,,,,,57,4
15058,14919,607.810415772833,Far,20.3133660122099,North,North,Isolated,Explicit,t,,,,,,57,4
15058,15033,633.734897469043,Far,22.219223056165,North,North,Isolated,Explicit,t,,,,,,57,4
15058,15428,641.987164035514,Far,21.7621736553417,North,North,Isolated,Explicit,t,,,,,,57,4
15058,15124,528.30791618983,Far,85.7461035399911,East,East,Isolated,Explicit,f,,,,,,57,4
15058,14194,720.891708556549,Far,55.0474764652189,Northeast,Northeast,Isolated,Explicit,f,,,,,,57,4
15058,14169,727.920724912735,Far,56.7929125213916,Northeast,Northeast,Isolated,Explicit,f,,,,,,57,4
15058,15162,909.915391907981,Far,51.368171522699,Northeast,Northeast,Isolated,Explicit,f,,,,,,57,4
15315,66353,991.638922119599,Far,275.503724076713,West,West,Isolated,Explicit,f,,,,,,20,3
15315,66499,991.638922119599,Far,275.503724076713,West,West,Isolated,Explicit,f,,,,,,20,3
15315,61900,870.560172794889,Far,286.036883003468,West,West,Isolated,Explicit,f,,,,,,20,3
15315,62173,841.725308996602,Far,329.406817091632,Northwest,Northwest,Isolated,Explicit,f,,,,,,20,3
15315,73458,539.169322627465,Far,340.522306797347,North,North,Isolated,Explicit,f,,,,,,20,3
15315,15474,462.241560451246,Medium,225.655687451993,Southwest,Southwest,Isolated,Explicit,f,,,,,,20,3
15315,62155,752.806734672537,Far,329.299992190426,Northwest,Northwest,Isolated,Explicit,f,,,,,,20,3
15315,66018,774.435719700044,Far,330.913140066104,Northwest,Northwest,Isolated,Explicit,f,,,,,,20,3
15315,67107,774.474135541517,Far,331.992454741535,Northwest,Northwest,Isolated,Explicit,f,,,,,,20,3
15315,51113,886.300121480566,Far,345.579042414137,North,North,Isolated,Explicit,f,,,,,,20,3
15315,74953,737.993390634474,Far,344.681276036432,North,North,Isolated,Explicit,f,,,,,,20,3
15315,51351,804.765893563338,Far,345.92226613884,North,North,Isolated,Explicit,f,,,,,,20,3
15315,54321,840.609907744672,Far,346.550222696519,North,North,Isolated,Explicit,f,,,,,,20,3
15315,54760,830.914025027388,Far,346.99716282206,North,North,Isolated,Explicit,f,,,,,,20,3
15315,67034,988.719086062614,Far,358.941872730401,North,North,Isolated,Explicit,t,,,,,,20,3
15315,70282,967.864146503211,Far,359.166653429699,North,North,Isolated,Explicit,t,,,,,,20,3
15315,62220,963.544632954907,Far,358.652369086577,North,North,Isolated,Explicit,t,,,,,,20,3
15315,14809,693.750300717235,Far,168.721874539985,South,South,Isolated,Explicit,f,,,,,,20,3
15315,61961,670.886893900904,Far,22.2830894238254,North,North,Isolated,Explicit,t,,,,,,20,3
15398,14899,776.937468696861,Far,284.349075931252,West,West,Isolated,Explicit,f,,,,,,107,6
15398,15031,757.493514808459,Far,259.806487980274,West,West,Isolated,Explicit,f,,,,,,107,6
15398,15108,756.397397576608,Far,254.868462328416,West,West,Isolated,Explicit,f,,,,,,107,6
15398,15042,743.302465518903,Far,259.600607823485,West,West,Isolated,Explicit,f,,,,,,107,6
15398,14258,719.555237466584,Far,277.007970450756,West,West,Isolated,Explicit,f,,,,,,107,6
15398,14326,703.729813494202,Far,274.414699402249,West,West,Isolated,Explicit,f,,,,,,107,6
15398,15205,726.950329978641,Far,259.210535958992,West,West,Isolated,Explicit,f,,,,,,107,6
15398,14274,745.585872855155,Far,249.876336283909,West,West,Isolated,Explicit,f,,,,,,107,6
15398,14229,719.465923904226,Far,249.935339266339,West,West,Isolated,Explicit,f,,,,,,107,6
15398,15434,712.381817986306,Far,243.631496299589,Southwest,Southwest,Isolated,Explicit,f,,,,,,107,6
15398,15082,809.733734730365,Far,235.457982056095,Southwest,Southwest,Isolated,Explicit,f,,,,,,107,6
15398,14580,680.883420932851,Far,270.22906924322,West,West,Isolated,Explicit,f,,,,,,107,6
15398,14791,684.127536393767,Far,270.313839880993,West,West,Isolated,Explicit,f,,,,,,107,6
15398,15227,710.209706573163,Far,258.969130310071,West,West,Isolated,Explicit,f,,,,,,107,6
15398,14217,696.728317070816,Far,272.580614498679,West,West,Isolated,Explicit,f,,,,,,107,6
15398,14200,696.910892922444,Far,273.53918061678,West,West,Isolated,Explicit,f,,,,,,107,6
15398,15380,844.877748735823,Far,317.626211330811,Northwest,Northwest,Isolated,Explicit,f,,,,,,107,6
15398,14208,860.824208844831,Far,316.101309046522,Northwest,Northwest,Isolated,Explicit,f,,,,,,107,6
15398,15387,827.073161151363,Far,315.558453237845,Northwest,Northwest,Isolated,Explicit,f,,,,,,107,6
15398,15237,832.833062609934,Far,316.543090792931,Northwest,Northwest,Isolated,Explicit,f,,,,,,107,6
15398,15480,623.20507273984,Far,267.16464630416,West,West,Isolated,Explicit,f,,,,,,107,6
15398,14483,849.730506501827,Far,221.472894800034,Southwest,Southwest,Isolated,Explicit,f,,,,,,107,6
15398,14723,473.719298457961,Medium,264.125345484412,West,West,Isolated,Explicit,f,,,,,,107,6
15398,15103,932.138434099208,Far,330.829091181022,Northwest,Northwest,Isolated,Explicit,f,,,,,,107,6
15398,14859,834.418449990612,Far,332.836381878712,Northwest,Northwest,Isolated,Explicit,f,,,,,,107,6
15398,15465,413.570846548804,Medium,263.662832191168,West,West,Isolated,Explicit,f,,,,,,107,6
15398,15461,335.879600482909,Medium,296.085642488111,Northwest,Northwest,Isolated,Explicit,f,,,,,,107,6
15398,14262,891.532964123678,Far,342.285318316072,North,North,Isolated,Explicit,f,,,,,,107,6
15398,14540,891.226903506655,Far,342.140027185842,North,North,Isolated,Explicit,f,,,,,,107,6
15398,14319,872.080524363232,Far,341.698830445823,North,North,Isolated,Explicit,f,,,,,,107,6
15398,14342,887.89270561077,Far,342.706708606474,North,North,Isolated,Explicit,f,,,,,,107,6
15398,14337,894.182680048337,Far,342.824360294478,North,North,Isolated,Explicit,f,,,,,,107,6
15398,14497,899.175508224028,Far,342.874191226046,North,North,Isolated,Explicit,f,,,,,,107,6
15398,14273,905.81089430898,Far,342.96765965259,North,North,Isolated,Explicit,f,,,,,,107,6
15398,14463,888.398450896996,Far,342.769229910015,North,North,Isolated,Explicit,f,,,,,,107,6
15398,14375,885.231928044478,Far,342.773442758672,North,North,Isolated,Explicit,f,,,,,,107,6
15398,14296,872.187653662229,Far,342.653017937018,North,North,Isolated,Explicit,f,,,,,,107,6
15398,14537,894.859812458754,Far,341.472376230169,North,North,Isolated,Explicit,f,,,,,,107,6
15398,14367,889.902686007198,Far,340.346182690539,North,North,Isolated,Explicit,f,,,,,,107,6
15398,14300,878.515609675493,Far,339.710579811106,North,North,Isolated,Explicit,f,,,,,,107,6
15398,15326,598.039442106305,Far,327.108954790938,Northwest,Northwest,Isolated,Explicit,f,,,,,,107,6
15398,14309,871.698924503721,Far,343.865633456396,North,North,Isolated,Explicit,f,,,,,,107,6
15398,14267,890.361455333218,Far,344.395362598151,North,North,Isolated,Explicit,f,,,,,,107,6
15398,15468,172.952628865646,Close,289.738453760166,West,West,Isolated,Explicit,f,,,,,,107,6
15398,15128,547.247271323138,Far,194.72197162822,South,South,Isolated,Explicit,f,,,,,,107,6
15398,15458,109.887393430559,Close,225.321960250798,Southwest,Southwest,Isolated,Explicit,f,,,,,,107,6
15398,15454,102.536469435607,Close,279.886488234528,West,West,Isolated,Explicit,f,,,,,,107,6
15398,14447,942.905851856129,Far,357.65222294608,North,North,Isolated,Explicit,t,,,,,,107,6
15398,15179,695.782168536304,Far,358.232537638566,North,North,Isolated,Explicit,t,,,,,,107,6
15398,14512,95.074277685589,Close,323.135786603456,Northwest,Northwest,Isolated,Explicit,f,,,,,,107,6
15398,15167,252.875941564264,Medium,4.02169483891754,North,North,Isolated,Explicit,f,,,,,,107,6
15398,15176,253.733516897546,Medium,4.2996638009481,North,North,Isolated,Explicit,f,,,,,,107,6
15398,14555,85.2636186875224,Close,17.1297114945612,North,North,Isolated,Explicit,f,,,,,,107,6
15398,15047,229.742150888484,Medium,22.7897089063007,Northeast,Northeast,Isolated,Explicit,f,,,,,,107,6
15398,14812,179.077113706306,Close,25.4204318563514,Northeast,Northeast,Isolated,Explicit,f,,,,,,107,6
15398,15369,584.741829957793,Far,10.8714825272075,North,North,Isolated,Explicit,f,,,,,,107,6
15398,15437,864.695925149285,Far,5.22587816758894,North,North,Isolated,Explicit,f,,,,,,107,6
15398,14313,922.348311092651,Far,4.84857550483208,North,North,Isolated,Explicit,f,,,,,,107,6
15398,15259,920.770952031488,Far,3.6787834158263,North,North,Isolated,Explicit,f,,,,,,107,6
15398,14185,638.321649092647,Far,5.27516784144116,North,North,Isolated,Explicit,f,,,,,,107,6
15398,14802,961.230762657234,Far,14.1289702682111,North,North,Isolated,Explicit,f,,,,,,107,6
15398,14345,680.518710533326,Far,21.6930665222257,North,North,Isolated,Explicit,t,,,,,,107,6
15398,14303,632.106876906438,Far,23.1045910769022,Northeast,Northeast,Isolated,Explicit,f,,,,,,107,6
15398,15038,666.421139300846,Far,18.7414166832867,North,North,Isolated,Explicit,f,,,,,,107,6
15398,14166,624.702965174543,Far,20.0921752850031,North,North,Isolated,Explicit,t,,,,,,107,6
15398,15240,667.781365089243,Far,19.7089266011984,North,North,Isolated,Explicit,f,,,,,,107,6
15398,15252,769.416304164037,Far,11.434015436954,North,North,Isolated,Explicit,f,,,,,,107,6
15398,15208,630.362826159449,Far,13.5650836287659,North,North,Isolated,Explicit,f,,,,,,107,6
15398,15229,636.262319313193,Far,15.3754425630104,North,North,Isolated,Explicit,f,,,,,,107,6
15398,14196,620.17314094539,Far,17.4637436557512,North,North,Isolated,Explicit,f,,,,,,107,6
15398,15439,304.557648576517,Medium,38.2549008349312,Northeast,Northeast,Isolated,Explicit,f,,,,,,107,6
15398,14797,291.604240195229,Medium,27.9552465543029,Northeast,Northeast,Isolated,Explicit,f,,,,,,107,6
15398,14831,492.300281479104,Medium,33.8833578112427,Northeast,Northeast,Isolated,Explicit,f,,,,,,107,6
15398,15126,766.54353423904,Far,21.4295973118873,North,North,Isolated,Explicit,t,,,,,,107,6
15398,15431,938.83265825017,Far,16.7997772446436,North,North,Isolated,Explicit,f,,,,,,107,6
15398,14721,885.887980289089,Far,18.5068818368191,North,North,Isolated,Explicit,f,,,,,,107,6
15398,14996,992.817737272996,Far,17.2900622152709,North,North,Isolated,Explicit,f,,,,,,107,6
15398,14747,960.752397801537,Far,18.9180751725034,North,North,Isolated,Explicit,f,,,,,,107,6
15398,14734,876.645296463714,Far,20.6960610480861,North,North,Isolated,Explicit,t,,,,,,107,6
15398,15456,389.140490014915,Medium,57.143788072255,Northeast,Northeast,Isolated,Explicit,f,,,,,,107,6
15398,71598,838.380917003809,Far,29.4000926207631,Northeast,Northeast,Isolated,Explicit,f,,,,,,107,6
24396,24947,819.029874693475,Far,260.999341808447,West,West,Isolated,Explicit,f,,,,,,21,3
24396,24980,812.219652659855,Far,258.591452957778,West,West,Isolated,Explicit,f,,,,,,21,3
24396,34925,566.387525970595,Far,245.397189963856,Southwest,Southwest,Isolated,Explicit,t,,,,,,21,3
24396,29632,535.251687839578,Far,183.937699247455,South,South,Isolated,Explicit,f,,,,,,21,3
24396,31290,846.423165012733,Far,79.6076197912902,East,East,Isolated,Explicit,f,,,,,,21,3
24396,31505,825.979966179439,Far,76.2319328413106,East,East,Isolated,Explicit,f,,,,,,21,3
24396,33749,840.123958232415,Far,72.4694581381053,East,East,Isolated,Explicit,f,,,,,,21,3
24396,34217,840.123958232415,Far,72.4694581381053,East,East,Isolated,Explicit,f,,,,,,21,3
24396,34961,881.895171886501,Far,59.0338233391085,Northeast,Northeast,Isolated,Explicit,f,,,,,,21,3
24396,32657,829.897084676844,Far,58.5950368730214,Northeast,Northeast,Isolated,Explicit,f,,,,,,21,3
24396,35099,494.864947832296,Medium,67.6245677821227,East,East,Isolated,Explicit,f,,,,,,21,3
24396,29118,448.810814546445,Medium,53.5278276154448,Northeast,Northeast,Isolated,Explicit,f,,,,,,21,3
24396,24391,537.784957215261,Far,42.9890626840031,Northeast,Northeast,Isolated,Explicit,t,,,,,,21,3
24396,34245,662.596787942943,Far,14.4555993153095,North,North,Isolated,Explicit,f,,,,,,21,3
24674,32787,904.620175323433,Far,89.5152231769589,East,East,Isolated,Explicit,t,,,,,,4,3
24812,25100,976.306300666728,Far,303.459272076235,Northwest,Northwest,Isolated,Explicit,f,,,,,,1,3
25078,33902,568.738331237236,Far,31.2147134440301,Northeast,Northeast,Isolated,Explicit,f,,,,,,1,3
25305,34638,260.554181384312,Medium,340.863687365146,North,North,Isolated,Explicit,f,,,,,,8,3
25305,26574,353.481267054748,Medium,10.5703292695468,North,North,Isolated,Explicit,f,,,,,,8,3
25305,26347,485.991827215548,Medium,44.9192722366698,Northeast,Northeast,Isolated,Explicit,t,,,,,,8,3
25305,32518,530.842212195798,Far,39.0096740287976,Northeast,Northeast,Isolated,Explicit,f,,,,,,8,3
25305,33679,577.540210953083,Far,38.977038435608,Northeast,Northeast,Isolated,Explicit,f,,,,,,8,3
25305,30602,590.074962733125,Far,37.8467187545315,Northeast,Northeast,Isolated,Explicit,f,,,,,,8,3
25305,30467,534.116298007789,Far,50.2163993798109,Northeast,Northeast,Isolated,Explicit,f,,,,,,8,3
25316,30066,985.330538452837,Far,86.2171686120638,East,East,Isolated,Explicit,f,,,,,,52,4
25316,26741,968.3013185597,Far,95.1291770842637,East,East,Isolated,Explicit,f,,,,,,52,4
25316,24919,737.232971679647,Far,116.527746666671,Southeast,Southeast,Isolated,Explicit,f,,,,,,52,4
25316,34389,736.135841191676,Far,117.384453708076,Southeast,Southeast,Isolated,Explicit,f,,,,,,52,4
25316,24921,732.826486629223,Far,117.127975596133,Southeast,Southeast,Isolated,Explicit,f,,,,,,52,4
25316,33099,904.120398485156,Far,134.829998102787,Southeast,Southeast,Isolated,Explicit,t,,,,,,52,4
25316,32951,739.593957735449,Far,116.599786129087,Southeast,Southeast,Isolated,Explicit,f,,,,,,52,4
25316,24433,727.647428316847,Far,113.438812298144,Southeast,Southeast,Isolated,Explicit,f,,,,,,52,4
25316,24905,751.902655435438,Far,114.605609768735,Southeast,Southeast,Isolated,Explicit,f,,,,,,52,4
25316,33772,886.256394023241,Far,123.758653889855,Southeast,Southeast,Isolated,Explicit,f,,,,,,52,4
25316,35153,987.038356161546,Far,59.4857712512947,Northeast,Northeast,Isolated,Explicit,f,,,,,,52,4
25316,35050,792.819495397197,Far,63.1011540078097,Northeast,Northeast,Isolated,Explicit,f,,,,,,52,4
25316,34900,762.805136178113,Far,62.0178113118351,Northeast,Northeast,Isolated,Explicit,f,,,,,,52,4
25316,34963,789.843196536858,Far,137.266827212235,Southeast,Southeast,Isolated,Explicit,f,,,,,,52,4
25316,35020,856.614194976702,Far,141.712410962065,Southeast,Southeast,Isolated,Explicit,f,,,,,,52,4
25316,34671,971.878578659315,Far,156.816226503565,Southeast,Southeast,Isolated,Explicit,t,,,,,,52,4
25316,24710,250.219436964624,Medium,104.677113927936,East,East,Isolated,Explicit,f,,,,,,52,4
25316,24519,275.502582657382,Medium,116.952244195248,Southeast,Southeast,Isolated,Explicit,f,,,,,,52,4
25316,34977,231.23907794996,Medium,115.535008101527,Southeast,Southeast,Isolated,Explicit,f,,,,,,52,4
25316,35198,843.110981032555,Far,167.608995240147,South,South,Isolated,Explicit,f,,,,,,52,4
25316,26557,180.999075746593,Close,297.784020148289,Northwest,Northwest,Isolated,Explicit,f,,,,,,52,4
25316,30600,115.080223471212,Close,307.27985024822,Northwest,Northwest,Isolated,Explicit,f,,,,,,52,4
25316,26733,988.747463735676,Far,179.252222136815,South,South,Isolated,Explicit,t,,,,,,52,4
25316,24907,738.834920895148,Far,175.193361806908,South,South,Isolated,Explicit,f,,,,,,52,4
25316,29660,772.386119778274,Far,209.775139980623,Southwest,Southwest,Isolated,Explicit,f,,,,,,52,4
25316,30057,698.165668861971,Far,207.041386244138,Southwest,Southwest,Isolated,Explicit,f,,,,,,52,4
25316,30037,793.322860735123,Far,197.211485890498,South,South,Isolated,Explicit,f,,,,,,52,4
25316,29605,963.461081908961,Far,192.878506406974,South,South,Isolated,Explicit,f,,,,,,52,4
25316,30075,849.413919653378,Far,196.272849550413,South,South,Isolated,Explicit,f,,,,,,52,4
25316,30039,947.95911623649,Far,195.875373151402,South,South,Isolated,Explicit,f,,,,,,52,4
25316,33658,304.031214112471,Medium,290.035639118019,West,West,Isolated,Explicit,t,,,,,,52,4
25316,24712,239.653705082397,Medium,287.753070071603,West,West,Isolated,Explicit,f,,,,,,52,4
25316,30462,507.719870660639,Far,299.271714720561,Northwest,Northwest,Isolated,Explicit,f,,,,,,52,4
25316,35014,440.034367802618,Medium,261.257851512826,West,West,Isolated,Explicit,f,,,,,,52,4
25316,33684,511.968880432227,Far,244.661412193796,Southwest,Southwest,Isolated,Explicit,f,,,,,,52,4
25316,35051,698.747250524671,Far,293.40204923557,Northwest,Northwest,Isolated,Explicit,f,,,,,,52,4
25316,26808,656.044774670275,Far,293.145424466951,Northwest,Northwest,Isolated,Explicit,f,,,,,,52,4
25316,29730,989.501655005919,Far,295.723540343487,Northwest,Northwest,Isolated,Explicit,f,,,,,,52,4
25518,25105,229.074715094323,Medium,77.6181517191844,East,East,Isolated,Explicit,f,,,,,,39,3
25518,33852,943.39775277357,Far,258.502196663077,West,West,Isolated,Explicit,f,,,,,,39,3
25518,33029,957.377879040002,Far,254.307661708851,West,West,Isolated,Explicit,f,,,,,,39,3
25518,32374,863.579310241614,Far,266.629667497099,West,West,Isolated,Explicit,f,,,,,,39,3
25518,32343,876.090207754117,Far,274.600645078431,West,West,Isolated,Explicit,f,,,,,,39,3
25518,30887,864.514975034305,Far,274.234991608503,West,West,Isolated,Explicit,f,,,,,,39,3
25518,31948,892.36394257433,Far,278.143554107106,West,West,Isolated,Explicit,f,,,,,,39,3
25518,32444,890.219758005868,Far,275.652618088188,West,West,Isolated,Explicit,f,,,,,,39,3
25518,32467,849.733606296723,Far,266.702571724194,West,West,Isolated,Explicit,f,,,,,,39,3
25518,31339,838.435736518289,Far,267.584646186056,West,West,Isolated,Explicit,t,,,,,,39,3
25518,31928,826.345555036089,Far,268.434941278071,West,West,Isolated,Explicit,t,,,,,,39,3
25518,33171,826.489659564005,Far,268.119717970736,West,West,Isolated,Explicit,t,,,,,,39,3
25518,33108,826.201272524899,Far,268.188354659827,West,West,Isolated,Explicit,t,,,,,,39,3
25518,35359,811.404359892716,Far,275.844277217999,West,West,Isolated,Explicit,f,,,,,,39,3
25518,31189,825.824890285478,Far,270.889771287415,West,West,Isolated,Explicit,f,,,,,,39,3
25518,24739,791.726409582652,Far,269.588444027607,West,West,Isolated,Explicit,t,,,,,,39,3
25518,29488,792.733333089179,Far,268.843086883434,West,West,Isolated,Explicit,t,,,,,,39,3
25518,32808,711.82959867723,Far,276.858315435943,West,West,Isolated,Explicit,f,,,,,,39,3
25518,32797,713.907691564367,Far,276.013725737719,West,West,Isolated,Explicit,f,,,,,,39,3
25518,32065,700.980340963361,Far,276.746211327078,West,West,Isolated,Explicit,f,,,,,,39,3
25518,32332,645.399746574385,Far,276.66783036518,West,West,Isolated,Explicit,f,,,,,,39,3
25518,32971,672.500806785128,Far,277.615959737126,West,West,Isolated,Explicit,f,,,,,,39,3
25518,32961,595.344905784756,Far,279.305675928435,West,West,Isolated,Explicit,f,,,,,,39,3
25588,31219,733.374612471658,Far,200.8507663863,South,South,Isolated,Explicit,t,,,,,,4,3
25588,29628,637.950060161489,Far,210.110825306238,Southwest,Southwest,Isolated,Explicit,f,,,,,,4,3
25588,32124,861.103027388865,Far,213.981275212224,Southwest,Southwest,Isolated,Explicit,f,,,,,,4,3
25588,35547,918.012893881209,Far,212.442410520028,Southwest,Southwest,Isolated,Explicit,f,,,,,,4,3
25743,30085,801.71436602212,Far,74.7347933754192,East,East,Isolated,Explicit,f,,,,,,33,3
25743,30058,821.017046450838,Far,67.817386563296,East,East,Isolated,Explicit,f,,,,,,33,3
25743,30050,831.117553023507,Far,61.828603322511,Northeast,Northeast,Isolated,Explicit,f,,,,,,33,3
25743,35670,702.860838640917,Far,76.7400176358491,East,East,Isolated,Explicit,f,,,,,,33,3
25743,30048,879.396188683626,Far,26.7185437948406,Northeast,Northeast,Isolated,Explicit,f,,,,,,33,3
25743,30112,939.182270331257,Far,25.0800030797757,Northeast,Northeast,Isolated,Explicit,f,,,,,,33,3
25743,29649,941.947986218005,Far,25.1215290751999,Northeast,Northeast,Isolated,Explicit,f,,,,,,33,3
25743,30099,972.504925187235,Far,24.8192771925176,Northeast,Northeast,Isolated,Explicit,f,,,,,,33,3
25743,32110,592.010908898196,Far,74.3409326509056,East,East,Isolated,Explicit,f,,,,,,33,3
25743,32624,521.339704889685,Far,65.8804696005301,Northeast,Northeast,Isolated,Explicit,t,,,,,,33,3
25743,26663,400.594089401042,Medium,80.4418359560177,East,East,Isolated,Explicit,f,,,,,,33,3
25743,26571,417.657081382752,Medium,81.4731065858588,East,East,Isolated,Explicit,f,,,,,,33,3
25743,30065,852.475524134567,Far,25.5282708120948,Northeast,Northeast,Isolated,Explicit,f,,,,,,33,3
25743,26280,410.443799340402,Medium,67.0741825153851,Northeast,Northeast,Isolated,Explicit,t,,,,,,33,3
25743,30421,370.40938908663,Medium,80.6023855962201,East,East,Isolated,Explicit,f,,,,,,33,3
25743,24489,336.472292596673,Medium,85.3150338963786,East,East,Isolated,Explicit,f,,,,,,33,3
25743,25098,350.316957491852,Medium,82.1637877980652,East,East,Isolated,Explicit,f,,,,,,33,3
25743,30056,775.565999989969,Far,18.2694907867351,North,North,Isolated,Explicit,f,,,,,,33,3
25743,30097,772.206095110306,Far,15.5973074799896,North,North,Isolated,Explicit,f,,,,,,33,3
25743,30084,712.791420289852,Far,15.2234918255176,North,North,Isolated,Explicit,f,,,,,,33,3
25743,29981,743.728329452221,Far,12.3288518509563,North,North,Isolated,Explicit,f,,,,,,33,3
25743,29614,818.25826565934,Far,6.01181175899453,North,North,Isolated,Explicit,f,,,,,,33,3
25743,30103,989.543525162368,Far,7.83127131705065,North,North,Isolated,Explicit,f,,,,,,33,3
25743,30029,960.373875721027,Far,7.85619274660129,North,North,Isolated,Explicit,f,,,,,,33,3
25743,30055,883.639519264201,Far,15.0992047501963,North,North,Isolated,Explicit,f,,,,,,33,3
25743,29943,891.534048090737,Far,15.846898453346,North,North,Isolated,Explicit,f,,,,,,33,3
25743,32631,249.792984856205,Medium,286.69595365711,West,West,Isolated,Explicit,f,,,,,,33,3
25743,30470,600.574626322036,Far,229.722273570513,Southwest,Southwest,Isolated,Explicit,f,,,,,,33,3
25743,32515,583.070168152376,Far,231.290017847123,Southwest,Southwest,Isolated,Explicit,f,,,,,,33,3
25804,31255,848.670401444666,Far,229.64472763214,Southwest,Southwest,Isolated,Explicit,f,,,,,,5,3
25804,30278,848.966323012835,Far,231.006499895918,Southwest,Southwest,Isolated,Explicit,f,,,,,,5,3
25804,25813,74.2899296508765,Close,146.124334906179,Southeast,Southeast,Isolated,Explicit,f,,,,,,5,3
25804,32376,294.254381287223,Medium,192.358069128834,South,South,Isolated,Explicit,f,,,,,,5,3
25820,30882,363.195633371652,Medium,184.078237020952,South,South,Isolated,Explicit,f,,,,,,6,3
25820,33264,643.737809408084,Far,184.181937190855,South,South,Isolated,Explicit,f,,,,,,6,3
25820,35089,633.609891649436,Far,182.81627875426,South,South,Isolated,Explicit,f,,,,,,6,3
25820,30892,528.686701165753,Far,166.354922270787,South,South,Isolated,Explicit,f,,,,,,6,3
25820,30047,866.584079862609,Far,144.709057038348,Southeast,Southeast,Isolated,Explicit,f,,,,,,6,3
25820,30126,866.584079862609,Far,144.709057038348,Southeast,Southeast,Isolated,Explicit,f,,,,,,6,3
25826,35569,888.047385655385,Far,59.8579553105048,Northeast,Northeast,Isolated,Explicit,f,,,,,,46,3
25826,28603,872.279294156052,Far,58.5809286435814,Northeast,Northeast,Isolated,Explicit,f,,,,,,46,3
25826,28420,862.392418272047,Far,57.9956255942198,Northeast,Northeast,Isolated,Explicit,f,,,,,,46,3
25826,29820,935.684314193566,Far,58.3517615045805,Northeast,Northeast,Isolated,Explicit,f,,,,,,46,3
25826,31521,909.644201290856,Far,78.1184071917995,East,East,Isolated,Explicit,f,,,,,,46,3
25826,31251,935.360858644372,Far,78.5412643289379,East,East,Isolated,Explicit,f,,,,,,46,3
25826,32913,642.745657720041,Far,159.679156150797,South,South,Isolated,Explicit,f,,,,,,46,3
25826,30997,485.002104218596,Medium,95.4529529166944,East,East,Isolated,Explicit,f,,,,,,46,3
25826,30995,502.462974216627,Far,96.9693957923121,East,East,Isolated,Explicit,f,,,,,,46,3
25826,30921,535.284872224077,Far,94.692735275804,East,East,Isolated,Explicit,f,,,,,,46,3
25826,30902,568.55971879737,Far,95.8006935912438,East,East,Isolated,Explicit,f,,,,,,46,3
25826,30854,566.532739003876,Far,97.3350155887751,East,East,Isolated,Explicit,f,,,,,,46,3
25826,30996,557.272986084453,Far,96.0324754301671,East,East,Isolated,Explicit,f,,,,,,46,3
25826,31389,555.134702968216,Far,99.0014672096732,East,East,Isolated,Explicit,f,,,,,,46,3
25826,30915,617.287728327559,Far,96.4110310012605,East,East,Isolated,Explicit,f,,,,,,46,3
25826,30994,614.540491020815,Far,95.2125981542057,East,East,Isolated,Explicit,f,,,,,,46,3
25826,33766,643.780439328836,Far,101.465661008604,East,East,Isolated,Explicit,f,,,,,,46,3
25826,33455,828.924205473881,Far,60.1510382757207,Northeast,Northeast,Isolated,Explicit,f,,,,,,46,3
25826,31353,864.246531871098,Far,56.5155880617858,Northeast,Northeast,Isolated,Explicit,f,,,,,,46,3
25826,31168,680.35891002698,Far,80.4482552540256,East,East,Isolated,Explicit,f,,,,,,46,3
25826,32864,502.56407249524,Far,68.2715001016516,East,East,Isolated,Explicit,f,,,,,,46,3
25826,25457,390.454621816367,Medium,74.552618175959,East,East,Isolated,Explicit,f,,,,,,46,3
25826,25089,411.419349732001,Medium,70.1961790302948,East,East,Isolated,Explicit,f,,,,,,46,3
25826,29881,420.750001411621,Medium,68.8658468281898,East,East,Isolated,Explicit,f,,,,,,46,3
25826,29929,427.251618499805,Medium,68.9162572973764,East,East,Isolated,Explicit,f,,,,,,46,3
25826,24778,280.536380508285,Medium,140.532698047045,Southeast,Southeast,Isolated,Explicit,f,,,,,,46,3
25826,31721,217.946214815384,Medium,138.260219732632,Southeast,Southeast,Isolated,Explicit,f,,,,,,46,3
25826,31668,175.766295019463,Close,123.168003981179,Southeast,Southeast,Isolated,Explicit,f,,,,,,46,3
25826,27347,212.028935138825,Medium,134.892768791254,Southeast,Southeast,Isolated,Explicit,t,,,,,,46,3
25826,28431,236.642372843928,Medium,148.352919395669,Southeast,Southeast,Isolated,Explicit,f,,,,,,46,3
25826,30610,191.691952722637,Close,137.05311719562,Southeast,Southeast,Isolated,Explicit,f,,,,,,46,3
25826,33236,124.827262742547,Close,51.4152057611658,Northeast,Northeast,Isolated,Explicit,f,,,,,,46,3
25826,27555,203.835204940521,Medium,168.825478456492,South,South,Isolated,Explicit,f,,,,,,46,3
25826,32703,677.225584256836,Far,339.314899056413,North,North,Isolated,Explicit,f,,,,,,46,3
25826,25421,826.639142357253,Far,353.598655621199,North,North,Isolated,Explicit,f,,,,,,46,3
25826,35135,725.883292996951,Far,322.968297769236,Northwest,Northwest,Isolated,Explicit,f,,,,,,46,3
25826,35097,585.280988871093,Far,307.848070994362,Northwest,Northwest,Isolated,Explicit,f,,,,,,46,3
25826,34990,952.518085414713,Far,275.199208917316,West,West,Isolated,Explicit,f,,,,,,46,3
25834,28591,990.375178275985,Far,102.164581206391,East,East,Isolated,Explicit,f,,,,,,15,3
25834,31418,999.498753614435,Far,88.0105095188319,East,East,Isolated,Explicit,t,,,,,,15,3
25834,33540,956.213408775,Far,102.327193498555,East,East,Isolated,Explicit,f,,,,,,15,3
25834,34064,914.673595267575,Far,245.893161716261,Southwest,Southwest,Isolated,Explicit,t,,,,,,15,3
25834,24724,912.330782903127,Far,245.13007232593,Southwest,Southwest,Isolated,Explicit,t,,,,,,15,3
25834,25805,887.867165941162,Far,243.253386566215,Southwest,Southwest,Isolated,Explicit,f,,,,,,15,3
25834,29535,894.288211209457,Far,243.293904484376,Southwest,Southwest,Isolated,Explicit,f,,,,,,15,3
25834,30874,965.122309776988,Far,223.201279023678,Southwest,Southwest,Isolated,Explicit,t,,,,,,15,3
25834,30853,972.863749509563,Far,223.609501240853,Southwest,Southwest,Isolated,Explicit,t,,,,,,15,3
25834,29958,914.953604699873,Far,229.104224345979,Southwest,Southwest,Isolated,Explicit,f,,,,,,15,3
25834,30718,950.549773318955,Far,226.311122919728,Southwest,Southwest,Isolated,Explicit,f,,,,,,15,3
25834,30733,32.1935834965228,VeryClose,142.121657121342,Southeast,Southeast,Isolated,Explicit,f,,,,,,15,3
25834,31279,503.380441237732,Far,195.217839347223,South,South,Isolated,Explicit,f,,,,,,15,3
25834,33624,407.734230075976,Medium,97.503425420711,East,East,Isolated,Explicit,f,,,,,,15,3
25842,25812,152.667848719179,Close,194.060414926186,South,South,Isolated,Explicit,f,,,,,,4,3
25842,31199,286.692552852661,Medium,191.867936332286,South,South,Isolated,Explicit,f,,,,,,4,3
25842,24457,382.767657592006,Medium,197.88879512098,South,South,Isolated,Explicit,f,,,,,,4,3
26203,32035,59.4581655865821,Close,15.1251173799646,North,North,Isolated,Explicit,f,,,,,,11,3
26203,37154,758.521558667405,Far,268.707960949794,West,West,Isolated,Explicit,t,,,,,,11,3
26203,38784,977.982980107337,Far,281.790695655668,West,West,Isolated,Explicit,f,,,,,,11,3
26203,39116,994.633068339834,Far,250.132805268573,West,West,Isolated,Explicit,f,,,,,,11,3
26203,39180,880.125716410028,Far,278.070722393515,West,West,Isolated,Explicit,f,,,,,,11,3
26203,38707,919.361710438846,Far,263.295277436924,West,West,Isolated,Explicit,f,,,,,,11,3
26203,38787,888.83019765158,Far,288.526229190328,West,West,Isolated,Explicit,f,,,,,,11,3
26203,38791,888.83019765158,Far,288.526229190328,West,West,Isolated,Explicit,f,,,,,,11,3
26203,38690,888.86279136637,Far,288.653585557609,West,West,Isolated,Explicit,f,,,,,,11,3
26203,38795,838.431959358858,Far,286.912288531744,West,West,Isolated,Explicit,f,,,,,,11,3
26228,25067,254.725200254834,Medium,299.168786720563,Northwest,Northwest,Isolated,Explicit,f,,,,,,2,3
26228,25357,353.295622352327,Medium,304.031212494872,Northwest,Northwest,Isolated,Explicit,f,,,,,,2,3
26248,29524,625.017603566773,Far,348.244590701524,North,North,Isolated,Explicit,f,,,,,,24,3
26248,30780,634.370127776004,Far,184.659512894427,South,South,Isolated,Explicit,f,,,,,,24,3
26248,31013,345.114877293246,Medium,355.581377586212,North,North,Isolated,Explicit,f,,,,,,24,3
26248,35565,618.744281158341,Far,169.155080540359,South,South,Isolated,Explicit,f,,,,,,24,3
26248,32370,950.703179255093,Far,51.1464781913371,Northeast,Northeast,Isolated,Explicit,f,,,,,,24,3
26248,29599,861.486202785288,Far,42.4054809194721,Northeast,Northeast,Isolated,Explicit,f,,,,,,24,3
26248,31023,471.258720232537,Medium,153.523801757294,Southeast,Southeast,Isolated,Explicit,f,,,,,,24,3
26248,33940,506.65568130278,Far,32.8210961951739,Northeast,Northeast,Isolated,Explicit,f,,,,,,24,3
26248,33625,547.576104049878,Far,33.251081594249,Northeast,Northeast,Isolated,Explicit,f,,,,,,24,3
26273,31623,978.939674015074,Far,72.8335569894491,East,East,Isolated,Explicit,f,,,,,,2,3
26281,31239,487.360387476677,Medium,290.11706805547,West,West,Isolated,Explicit,t,,,,,,17,3
26281,31841,889.818024811487,Far,207.70513488857,Southwest,Southwest,Isolated,Explicit,f,,,,,,17,3
26281,33943,972.644617336126,Far,198.114218278871,South,South,Isolated,Explicit,f,,,,,,17,3
26281,31543,765.495455988486,Far,200.824338080364,South,South,Isolated,Explicit,t,,,,,,17,3
26281,30445,285.719227235279,Medium,251.211914257103,West,West,Isolated,Explicit,f,,,,,,17,3
26281,31708,854.917333191657,Far,183.023243881023,South,South,Isolated,Explicit,f,,,,,,17,3
26281,34346,781.82172186119,Far,177.209055290085,South,South,Isolated,Explicit,f,,,,,,17,3
26281,31087,956.483926703286,Far,241.651224381507,Southwest,Southwest,Isolated,Explicit,f,,,,,,17,3
26281,34886,935.230822115734,Far,226.138926155486,Southwest,Southwest,Isolated,Explicit,f,,,,,,17,3
26281,28447,927.144870305179,Far,226.598472094657,Southwest,Southwest,Isolated,Explicit,f,,,,,,17,3
26302,34502,734.846211568823,Far,77.8033136785732,East,East,Isolated,Explicit,f,,,,,,25,3
26302,25179,743.555396004786,Far,77.2212083288214,East,East,Isolated,Explicit,f,,,,,,25,3
26302,30341,766.670597341744,Far,75.8050679761302,East,East,Isolated,Explicit,f,,,,,,25,3
26302,30654,761.828388240466,Far,75.8768599100861,East,East,Isolated,Explicit,f,,,,,,25,3
26302,29922,772.781549519878,Far,85.2484136222715,East,East,Isolated,Explicit,f,,,,,,25,3
26302,32578,811.163518932258,Far,73.9948804400634,East,East,Isolated,Explicit,f,,,,,,25,3
26302,27130,606.59640588686,Far,87.6909340668624,East,East,Isolated,Explicit,t,,,,,,25,3
26302,26509,611.268022929754,Far,87.8329411942029,East,East,Isolated,Explicit,t,,,,,,25,3
26302,28450,619.017500094217,Far,90.0878047803787,East,East,Isolated,Explicit,f,,,,,,25,3
26302,26499,655.573920479438,Far,82.1634527348355,East,East,Isolated,Explicit,f,,,,,,25,3
26302,26316,673.458344448346,Far,83.1319901587912,East,East,Isolated,Explicit,f,,,,,,25,3
26302,26624,676.169665707466,Far,80.7292478096072,East,East,Isolated,Explicit,f,,,,,,25,3
26302,34527,682.7527721004,Far,78.7380010789333,East,East,Isolated,Explicit,f,,,,,,25,3
26302,28621,693.671612716146,Far,78.2716148176706,East,East,Isolated,Explicit,f,,,,,,25,3
26302,26593,709.957400698408,Far,79.6001818550996,East,East,Isolated,Explicit,f,,,,,,25,3
26302,25111,717.355899403715,Far,77.5119919396444,East,East,Isolated,Explicit,f,,,,,,25,3
26302,33049,785.620357263124,Far,59.7373267671364,Northeast,Northeast,Isolated,Explicit,f,,,,,,25,3
26302,30013,433.284049140198,Medium,97.8956867073683,East,East,Isolated,Explicit,f,,,,,,25,3
26302,33040,564.221056156612,Far,120.32381994143,Southeast,Southeast,Isolated,Explicit,f,,,,,,25,3
26336,29944,703.234815241587,Far,166.876024193695,South,South,Isolated,Explicit,f,,,,,,4,3
26336,32069,244.529853087733,Medium,209.684445750651,Southwest,Southwest,Isolated,Explicit,f,,,,,,4,3
26337,27039,962.567774242715,Far,27.3790029782703,Northeast,Northeast,Isolated,Explicit,f,,,,,,6,3
26337,35668,990.214425839533,Far,24.3897244788731,Northeast,Northeast,Isolated,Explicit,f,,,,,,6,3
26337,24392,314.85158625836,Medium,212.643410839388,Southwest,Southwest,Isolated,Explicit,f,,,,,,6,3
26566,25836,41.0497847420478,VeryClose,347.099870374777,North,North,Isolated,Explicit,f,,,,,,3,3
26566,28626,548.267724867387,Far,226.602140782751,Southwest,Southwest,Isolated,Explicit,f,,,,,,3,3
26591,25357,36.3812399888973,VeryClose,306.448421729779,Northwest,Northwest,Isolated,Explicit,f,,,,,,2,3
26592,30347,295.743719140727,Medium,141.332243556824,Southeast,Southeast,Isolated,Explicit,f,,,,,,12,3
26592,32426,805.541970792333,Far,164.315737800834,South,South,Isolated,Explicit,f,,,,,,12,3
26592,32272,594.895718618209,Far,153.829301562433,Southeast,Southeast,Isolated,Explicit,f,,,,,,12,3
26592,28700,563.981054111369,Far,153.241332931081,Southeast,Southeast,Isolated,Explicit,f,,,,,,12,3
26592,27036,236.710473436554,Medium,65.4847689501378,Northeast,Northeast,Isolated,Explicit,t,,,,,,12,3
26592,24749,261.717463841996,Medium,161.4249786365,South,South,Isolated,Explicit,f,,,,,,12,3
26592,26661,240.681993183678,Medium,173.032352248857,South,South,Isolated,Explicit,f,,,,,,12,3
26592,35611,264.893602776742,Medium,180.827841272827,South,South,Isolated,Explicit,f,,,,,,12,3
26592,32654,544.421994996001,Far,147.275567634058,Southeast,Southeast,Isolated,Explicit,f,,,,,,12,3
26592,32022,540.246031107895,Far,145.161520285786,Southeast,Southeast,Isolated,Explicit,f,,,,,,12,3
26592,35187,626.834539438874,Far,144.742743591713,Southeast,Southeast,Isolated,Explicit,f,,,,,,12,3
26592,29733,613.813925209655,Far,141.422666333788,Southeast,Southeast,Isolated,Explicit,f,,,,,,12,3
26615,31115,43.0395780524447,VeryClose,4.08551711277734,North,North,Isolated,Explicit,f,,,,,,5,3
26615,25081,404.919270281391,Medium,220.238413126968,Southwest,Southwest,Isolated,Explicit,f,,,,,,5,3
26615,24721,799.937004167516,Far,225.740158754129,Southwest,Southwest,Isolated,Explicit,f,,,,,,5,3
26615,31321,959.033643364294,Far,220.68536289705,Southwest,Southwest,Isolated,Explicit,f,,,,,,5,3
26621,32644,910.036535100606,Far,262.431753702633,West,West,Isolated,Explicit,f,,,,,,28,3
26621,34322,937.906697393606,Far,122.510003433917,Southeast,Southeast,Isolated,Explicit,f,,,,,,28,3
26621,33861,759.274599071628,Far,171.06565644804,South,South,Isolated,Explicit,f,,,,,,28,3
26621,35132,651.773486266788,Far,165.386995542458,South,South,Isolated,Explicit,f,,,,,,28,3
26621,34966,516.880642753965,Far,159.843531737248,South,South,Isolated,Explicit,f,,,,,,28,3
26621,34847,823.895464763782,Far,168.768987340562,South,South,Isolated,Explicit,f,,,,,,28,3
26621,28417,903.14449708431,Far,159.837976120157,South,South,Isolated,Explicit,f,,,,,,28,3
26621,35101,817.506920593132,Far,145.298388587613,Southeast,Southeast,Isolated,Explicit,f,,,,,,28,3
26621,30079,736.06786586984,Far,206.914238313771,Southwest,Southwest,Isolated,Explicit,f,,,,,,28,3
26621,29883,604.914034425195,Far,174.82394273113,South,South,Isolated,Explicit,f,,,,,,28,3
26621,33674,930.684542961114,Far,210.819809210407,Southwest,Southwest,Isolated,Explicit,f,,,,,,28,3
26621,34126,937.712571053977,Far,225.345897329952,Southwest,Southwest,Isolated,Explicit,f,,,,,,28,3
26621,34718,988.153597213631,Far,97.6664188679664,East,East,Isolated,Explicit,f,,,,,,28,3
26621,32617,866.128032572729,Far,47.6972877102459,Northeast,Northeast,Isolated,Explicit,f,,,,,,28,3
26621,35164,878.763270015149,Far,55.8354150655332,Northeast,Northeast,Isolated,Explicit,f,,,,,,28,3
26621,24667,912.637988030513,Far,110.726905623679,East,East,Isolated,Explicit,t,,,,,,28,3
26621,25000,909.251588756977,Far,110.135950354571,East,East,Isolated,Explicit,t,,,,,,28,3
26621,25041,911.226972882202,Far,110.023595199431,East,East,Isolated,Explicit,t,,,,,,28,3
26621,24957,914.406192459664,Far,110.321301523283,East,East,Isolated,Explicit,t,,,,,,28,3
26621,24636,915.08131932912,Far,111.040771121464,East,East,Isolated,Explicit,t,,,,,,28,3
26621,24448,919.184785924953,Far,109.439123396672,East,East,Isolated,Explicit,f,,,,,,28,3
26621,35071,916.742752272847,Far,108.949505067526,East,East,Isolated,Explicit,f,,,,,,28,3
26621,34979,322.198628893263,Medium,89.6933262997625,East,East,Isolated,Explicit,t,,,,,,28,3
26621,25770,149.506558476058,Close,131.885489511709,Southeast,Southeast,Isolated,Explicit,f,,,,,,28,3
26621,31978,80.6413300780969,Close,266.721763997205,West,West,Isolated,Explicit,f,,,,,,28,3
26621,32874,77.7137874792886,Close,254.633516395357,West,West,Isolated,Explicit,f,,,,,,28,3
26621,29913,302.106715204581,Medium,218.662489882553,Southwest,Southwest,Isolated,Explicit,f,,,,,,28,3
26621,35021,506.208835102565,Far,247.551774533784,West,West,Isolated,Explicit,f,,,,,,28,3
26666,35461,694.230570342832,Far,74.6180547352169,East,East,Isolated,Explicit,f,,,,,,1,3
26667,24524,896.947531168942,Far,292.729938813702,Northwest,Northwest,Isolated,Explicit,f,,,,,,1,3
26673,35147,625.438989295537,Far,306.618941157406,Northwest,Northwest,Isolated,Explicit,f,,,,,,4,3
26673,29598,599.915703478384,Far,6.30874776734278,North,North,Isolated,Explicit,f,,,,,,4,3
26673,30943,554.991623004351,Far,15.1063455533274,North,North,Isolated,Explicit,f,,,,,,4,3
26673,32866,859.635312035073,Far,39.2893288052829,Northeast,Northeast,Isolated,Explicit,f,,,,,,4,3
26704,32577,510.227321050521,Far,23.3490759606323,Northeast,Northeast,Isolated,Explicit,f,,,,,,80,4
26704,32774,517.065201271847,Far,23.054883377808,Northeast,Northeast,Isolated,Explicit,f,,,,,,80,4
26704,32981,436.014440567988,Medium,23.8246546510457,Northeast,Northeast,Isolated,Explicit,f,,,,,,80,4
26704,24958,245.412225790962,Medium,42.2375105058901,Northeast,Northeast,Isolated,Explicit,f,,,,,,80,4
26704,24412,240.110892601256,Medium,41.469377294378,Northeast,Northeast,Isolated,Explicit,f,,,,,,80,4
26704,35509,251.455935535616,Medium,47.7221338446992,Northeast,Northeast,Isolated,Explicit,f,,,,,,80,4
26704,32536,266.507986271514,Medium,53.8575559371211,Northeast,Northeast,Isolated,Explicit,f,,,,,,80,4
26704,27116,304.265570549797,Medium,135.763484594677,Southeast,Southeast,Isolated,Explicit,f,,,,,,80,4
26704,30138,378.012174286816,Medium,159.592314056192,South,South,Isolated,Explicit,f,,,,,,80,4
26704,31972,369.296958912134,Medium,161.485982082105,South,South,Isolated,Explicit,f,,,,,,80,4
26704,33590,290.757086582915,Medium,159.657123531396,South,South,Isolated,Explicit,f,,,,,,80,4
26704,35163,40.0532311595252,VeryClose,221.805610400988,Southwest,Southwest,Isolated,Explicit,f,,,,,,80,4
26704,30595,511.179774584697,Far,177.729495701386,South,South,Isolated,Explicit,t,,,,,,80,4
26704,33676,539.606537544808,Far,177.737650036561,South,South,Isolated,Explicit,t,,,,,,80,4
26704,27895,644.095080051284,Far,179.350493203878,South,South,Isolated,Explicit,t,,,,,,80,4
26704,24673,630.234186706336,Far,178.304215248353,South,South,Isolated,Explicit,t,,,,,,80,4
26704,27094,465.124977493109,Medium,176.32746011698,South,South,Isolated,Explicit,f,,,,,,80,4
26704,25025,529.669946348136,Far,176.060669721458,South,South,Isolated,Explicit,f,,,,,,80,4
26704,28318,483.707565916264,Medium,174.22702580435,South,South,Isolated,Explicit,f,,,,,,80,4
26704,27163,504.618302702319,Far,175.112435211408,South,South,Isolated,Explicit,f,,,,,,80,4
26704,26578,476.856066178163,Medium,173.895278960015,South,South,Isolated,Explicit,f,,,,,,80,4
26704,27428,457.627417968533,Medium,173.429024363492,South,South,Isolated,Explicit,f,,,,,,80,4
26704,30400,341.946551327455,Medium,168.80377714625,South,South,Isolated,Explicit,f,,,,,,80,4
26704,34767,279.19157604277,Medium,166.53891050352,South,South,Isolated,Explicit,f,,,,,,80,4
26704,32574,278.745849603242,Medium,162.207624106355,South,South,Isolated,Explicit,f,,,,,,80,4
26704,32036,596.705518345481,Far,204.182637734695,Southwest,Southwest,Isolated,Explicit,f,,,,,,80,4
26704,35655,627.30883282917,Far,211.179259414163,Southwest,Southwest,Isolated,Explicit,f,,,,,,80,4
26704,29765,625.230009362294,Far,208.756479842081,Southwest,Southwest,Isolated,Explicit,f,,,,,,80,4
26704,35157,432.67133796056,Medium,256.600133427827,West,West,Isolated,Explicit,f,,,,,,80,4
26704,35348,640.496877329151,Far,73.2057374033475,East,East,Isolated,Explicit,f,,,,,,80,4
26704,32428,951.275471106,Far,41.7285610732907,Northeast,Northeast,Isolated,Explicit,f,,,,,,80,4
26704,32367,956.836339777389,Far,39.3095592161914,Northeast,Northeast,Isolated,Explicit,f,,,,,,80,4
26704,32434,963.98942639013,Far,38.5104248240773,Northeast,Northeast,Isolated,Explicit,f,,,,,,80,4
26704,29435,877.968366574659,Far,38.5870210939976,Northeast,Northeast,Isolated,Explicit,f,,,,,,80,4
26704,28401,877.670565419663,Far,38.7943894385406,Northeast,Northeast,Isolated,Explicit,f,,,,,,80,4
26704,34066,895.803752638532,Far,36.5340868194751,Northeast,Northeast,Isolated,Explicit,f,,,,,,80,4
26704,27128,786.863157835481,Far,40.5701026855606,Northeast,Northeast,Isolated,Explicit,f,,,,,,80,4
26704,34058,981.476117582275,Far,30.302753879495,Northeast,Northeast,Isolated,Explicit,f,,,,,,80,4
26704,32117,557.96984813012,Far,68.5055695344818,East,East,Isolated,Explicit,f,,,,,,80,4
26704,25314,729.126869567836,Far,37.7384943708141,Northeast,Northeast,Isolated,Explicit,f,,,,,,80,4
26704,32687,698.789834797371,Far,41.4610464218957,Northeast,Northeast,Isolated,Explicit,f,,,,,,80,4
26704,35105,907.214860557982,Far,26.6181679912681,Northeast,Northeast,Isolated,Explicit,f,,,,,,80,4
26704,24379,541.851856773807,Far,48.2729939929361,Northeast,Northeast,Isolated,Explicit,f,,,,,,80,4
26704,24605,534.859064174872,Far,47.8267659630365,Northeast,Northeast,Isolated,Explicit,f,,,,,,80,4
26704,34909,730.31144392577,Far,30.0642136588358,Northeast,Northeast,Isolated,Explicit,f,,,,,,80,4
26704,35718,529.071071873271,Far,35.6612053733583,Northeast,Northeast,Isolated,Explicit,f,,,,,,80,4
26704,26575,398.810331544453,Medium,51.5920504812604,Northeast,Northeast,Isolated,Explicit,f,,,,,,80,4
26704,32284,411.036581749047,Medium,47.3053897113115,Northeast,Northeast,Isolated,Explicit,f,,,,,,80,4
26704,30491,519.944157763908,Far,33.1784416968552,Northeast,Northeast,Isolated,Explicit,f,,,,,,80,4
26704,25530,421.524820354348,Medium,49.7026717436778,Northeast,Northeast,Isolated,Explicit,f,,,,,,80,4
26704,30218,536.850046038745,Far,36.2647970531345,Northeast,Northeast,Isolated,Explicit,f,,,,,,80,4
26704,30458,301.043906531911,Medium,54.2093955568115,Northeast,Northeast,Isolated,Explicit,f,,,,,,80,4
26704,24720,308.542956881221,Medium,57.4837685220298,Northeast,Northeast,Isolated,Explicit,f,,,,,,80,4
26704,26420,329.509518903815,Medium,57.1977131645464,Northeast,Northeast,Isolated,Explicit,f,,,,,,80,4
26704,27169,303.87194796251,Medium,61.9989676648854,Northeast,Northeast,Isolated,Explicit,f,,,,,,80,4
26704,27143,306.525579262244,Medium,61.0841957966211,Northeast,Northeast,Isolated,Explicit,f,,,,,,80,4
26704,25771,358.983383709555,Medium,48.9232376118468,Northeast,Northeast,Isolated,Explicit,f,,,,,,80,4
26704,29041,357.955927076109,Medium,49.5076210261022,Northeast,Northeast,Isolated,Explicit,f,,,,,,80,4
26934,35220,839.133796243235,Far,302.899731577189,Northwest,Northwest,Isolated,Explicit,f,,,,,,6,3
26934,32514,579.947443815467,Far,83.9981144568448,East,East,Isolated,Explicit,f,,,,,,6,3
26934,32154,568.726144838347,Far,81.5869112267041,East,East,Isolated,Explicit,f,,,,,,6,3
26934,30548,520.981147561949,Far,85.415058820233,East,East,Isolated,Explicit,f,,,,,,6,3
26934,29056,506.296594529268,Far,88.5837224367588,East,East,Isolated,Explicit,t,,,,,,6,3
26949,35220,913.234777427899,Far,300.765776329505,Northwest,Northwest,Isolated,Explicit,f,,,,,,6,3
26949,32514,501.804101919145,Far,81.7512936922788,East,East,Isolated,Explicit,f,,,,,,6,3
26949,32154,491.630605477748,Medium,78.9102077044058,East,East,Isolated,Explicit,f,,,,,,6,3
26949,30548,442.34483917409,Medium,83.1185650101116,East,East,Isolated,Explicit,f,,,,,,6,3
26949,29056,426.654361455052,Medium,86.793112035877,East,East,Isolated,Explicit,f,,,,,,6,3
27051,27470,41.0909864770613,VeryClose,320.521185125679,Northwest,Northwest,Isolated,Explicit,f,,,,,,11,3
27051,33691,219.630286402275,Medium,131.144353030003,Southeast,Southeast,Isolated,Explicit,f,,,,,,11,3
27051,28119,235.842937713402,Medium,313.772860760087,Northwest,Northwest,Isolated,Explicit,t,,,,,,11,3
27051,30468,647.467455943235,Far,310.741598552685,Northwest,Northwest,Isolated,Explicit,f,,,,,,11,3
27051,26857,489.748728924362,Medium,297.741723441534,Northwest,Northwest,Isolated,Explicit,f,,,,,,11,3
27051,32029,830.614593972414,Far,296.882274374878,Northwest,Northwest,Isolated,Explicit,f,,,,,,11,3
27051,30199,757.970201324783,Far,297.024272106595,Northwest,Northwest,Isolated,Explicit,f,,,,,,11,3
27051,30474,762.932297766157,Far,297.181383784168,Northwest,Northwest,Isolated,Explicit,f,,,,,,11,3
27051,30490,765.351007977081,Far,296.782212794937,Northwest,Northwest,Isolated,Explicit,f,,,,,,11,3
27154,32582,528.072418398427,Far,149.507419351649,Southeast,Southeast,Isolated,Explicit,f,,,,,,29,3
27154,34688,610.830729846279,Far,147.065521058241,Southeast,Southeast,Isolated,Explicit,f,,,,,,29,3
27154,35155,503.890990833129,Far,140.105444085422,Southeast,Southeast,Isolated,Explicit,f,,,,,,29,3
27154,26544,240.184467737874,Medium,132.629642031433,Southeast,Southeast,Isolated,Explicit,t,,,,,,29,3
27154,29895,576.203539289835,Far,107.15733065464,East,East,Isolated,Explicit,f,,,,,,29,3
27154,27132,616.475997121233,Far,127.869475156025,Southeast,Southeast,Isolated,Explicit,f,,,,,,29,3
27154,26072,703.680138773339,Far,138.641458757805,Southeast,Southeast,Isolated,Explicit,f,,,,,,29,3
27154,27131,606.374641719892,Far,127.945392685067,Southeast,Southeast,Isolated,Explicit,f,,,,,,29,3
27154,27076,497.164706191193,Medium,127.019716190844,Southeast,Southeast,Isolated,Explicit,f,,,,,,29,3
27154,24505,494.458243149508,Medium,130.066068315419,Southeast,Southeast,Isolated,Explicit,f,,,,,,29,3
27154,32019,455.092542450177,Medium,126.6293791027,Southeast,Southeast,Isolated,Explicit,f,,,,,,29,3
27154,28138,521.850820491265,Far,129.536388711384,Southeast,Southeast,Isolated,Explicit,f,,,,,,29,3
27154,30546,564.285263272719,Far,128.182158072248,Southeast,Southeast,Isolated,Explicit,f,,,,,,29,3
27154,26500,583.990265639745,Far,129.670245497886,Southeast,Southeast,Isolated,Explicit,f,,,,,,29,3
27154,30405,574.364209514693,Far,128.817596524088,Southeast,Southeast,Isolated,Explicit,f,,,,,,29,3
27154,30408,565.551551126477,Far,129.579809537025,Southeast,Southeast,Isolated,Explicit,f,,,,,,29,3
27154,24382,854.179851370924,Far,135.819164276037,Southeast,Southeast,Isolated,Explicit,f,,,,,,29,3
27154,31181,712.075889555441,Far,97.9079243704798,East,East,Isolated,Explicit,f,,,,,,29,3
27154,33027,893.563799780568,Far,119.366702231158,Southeast,Southeast,Isolated,Explicit,f,,,,,,29,3
27154,33678,824.606259847111,Far,111.502773117078,East,East,Isolated,Explicit,t,,,,,,29,3
27214,33861,964.442107981774,Far,89.2805490881063,East,East,Isolated,Explicit,t,,,,,,41,3
27214,30079,524.060350546806,Far,78.349260862153,East,East,Isolated,Explicit,f,,,,,,41,3
27214,29883,915.06975109992,Far,79.9475579778959,East,East,Isolated,Explicit,f,,,,,,41,3
27214,33674,371.477669812848,Medium,95.7292283198934,East,East,Isolated,Explicit,f,,,,,,41,3
27214,32644,644.72117153466,Far,355.047370417855,North,North,Isolated,Explicit,f,,,,,,41,3
27214,34682,719.464530701793,Far,217.756602797943,Southwest,Southwest,Isolated,Explicit,f,,,,,,41,3
27214,26516,485.40630953801,Medium,253.739214130492,West,West,Isolated,Explicit,f,,,,,,41,3
27214,35156,537.517505025793,Far,255.202168692218,West,West,Isolated,Explicit,f,,,,,,41,3
27214,34679,938.549528372898,Far,219.353534070159,Southwest,Southwest,Isolated,Explicit,f,,,,,,41,3
27214,28421,933.001935774312,Far,200.755192243587,South,South,Isolated,Explicit,t,,,,,,41,3
27214,35210,886.417859644434,Far,200.637978419578,South,South,Isolated,Explicit,t,,,,,,41,3
27214,33078,864.285954947657,Far,198.714265393612,South,South,Isolated,Explicit,f,,,,,,41,3
27214,35058,949.632129124512,Far,230.787616430491,Southwest,Southwest,Isolated,Explicit,f,,,,,,41,3
27214,34691,993.374494715395,Far,107.706638768631,East,East,Isolated,Explicit,f,,,,,,41,3
27214,35150,686.99481642366,Far,141.386743623432,Southeast,Southeast,Isolated,Explicit,f,,,,,,41,3
27214,34972,963.938948001186,Far,120.17306550139,Southeast,Southeast,Isolated,Explicit,f,,,,,,41,3
27214,34644,903.05529191573,Far,110.358568689235,East,East,Isolated,Explicit,t,,,,,,41,3
27214,29810,923.945565231364,Far,112.417117223395,East,East,Isolated,Explicit,t,,,,,,41,3
27214,34707,985.497016034435,Far,185.520406263242,South,South,Isolated,Explicit,f,,,,,,41,3
27214,34722,962.940709664707,Far,186.516321446352,South,South,Isolated,Explicit,f,,,,,,41,3
27214,28710,446.845496378093,Medium,191.922800112448,South,South,Isolated,Explicit,f,,,,,,41,3
27214,32893,591.628275998218,Far,179.107380417241,South,South,Isolated,Explicit,t,,,,,,41,3
27214,33428,950.925596283776,Far,179.327115963025,South,South,Isolated,Explicit,t,,,,,,41,3
27214,32876,594.632180261613,Far,178.571948417066,South,South,Isolated,Explicit,t,,,,,,41,3
27214,32915,571.773381212755,Far,178.543476884874,South,South,Isolated,Explicit,t,,,,,,41,3
27214,31999,481.085717681999,Medium,178.536818763451,South,South,Isolated,Explicit,t,,,,,,41,3
27214,26250,390.118999537988,Medium,174.811293872485,South,South,Isolated,Explicit,f,,,,,,41,3
27214,29913,842.349341333735,Far,51.3346235229897,Northeast,Northeast,Isolated,Explicit,f,,,,,,41,3
27214,35021,683.343029311782,Far,33.6444749239219,Northeast,Northeast,Isolated,Explicit,f,,,,,,41,3
27355,33028,805.608905014212,Far,336.521599372325,Northwest,Northwest,Isolated,Explicit,t,,,,,,15,3
27355,33069,994.755112987335,Far,339.048070114472,North,North,Isolated,Explicit,f,,,,,,15,3
27355,33244,696.565378949731,Far,328.813543038901,Northwest,Northwest,Isolated,Explicit,f,,,,,,15,3
27355,32380,827.526505076919,Far,328.994182503314,Northwest,Northwest,Isolated,Explicit,f,,,,,,15,3
27355,32014,334.221763392528,Medium,138.750633791682,Southeast,Southeast,Isolated,Explicit,f,,,,,,15,3
27355,27265,529.743435993186,Far,24.9913811390813,Northeast,Northeast,Isolated,Explicit,f,,,,,,15,3
27355,28140,525.944367541013,Far,24.0798315966823,Northeast,Northeast,Isolated,Explicit,f,,,,,,15,3
27355,30553,502.248668732351,Far,14.6554349342159,North,North,Isolated,Explicit,f,,,,,,15,3
27355,35464,776.651930596171,Far,195.217706626867,South,South,Isolated,Explicit,f,,,,,,15,3
27355,24389,997.04160359421,Far,53.7692456056544,Northeast,Northeast,Isolated,Explicit,f,,,,,,15,3
27377,31067,251.229325303343,Medium,41.0829883899931,Northeast,Northeast,Isolated,Explicit,f,,,,,,2,3
27474,31067,992.626549200438,Far,184.348385276685,South,South,Isolated,Explicit,f,,,,,,1,3
27585,26628,513.257036035493,Far,261.863822172333,West,West,Isolated,Explicit,f,,,,,,8,3
27585,24765,470.731484752046,Medium,255.104800737213,West,West,Isolated,Explicit,f,,,,,,8,3
27585,32513,468.693312434593,Medium,255.360516193577,West,West,Isolated,Explicit,f,,,,,,8,3
27585,24825,901.670642257428,Far,259.446096190191,West,West,Isolated,Explicit,f,,,,,,8,3
27585,35666,990.986582215258,Far,286.356071805691,West,West,Isolated,Explicit,f,,,,,,8,3
27585,29132,87.8517565265149,Close,102.389564717571,East,East,Isolated,Explicit,f,,,,,,8,3
27656,25200,764.486752424787,Far,56.5715606314411,Northeast,Northeast,Isolated,Explicit,f,,,,,,25,3
27656,29918,896.508865786448,Far,77.6629281197832,East,East,Isolated,Explicit,f,,,,,,25,3
27656,25105,788.907050436056,Far,273.083300556035,West,West,Isolated,Explicit,f,,,,,,25,3
27656,33828,821.243106214151,Far,273.449470888209,West,West,Isolated,Explicit,f,,,,,,25,3
27656,34243,821.243106214151,Far,273.449470888209,West,West,Isolated,Explicit,f,,,,,,25,3
27656,25106,922.718086731707,Far,269.814235179655,West,West,Isolated,Explicit,t,,,,,,25,3
27656,31124,956.655211393662,Far,279.869854605076,West,West,Isolated,Explicit,f,,,,,,25,3
27656,25291,879.842425994868,Far,269.965130743031,West,West,Isolated,Explicit,t,,,,,,25,3
27656,25107,984.20178618571,Far,269.598452775816,West,West,Isolated,Explicit,t,,,,,,25,3
27656,27596,948.39876811355,Far,272.58787820203,West,West,Isolated,Explicit,f,,,,,,25,3
27656,29938,977.662427396422,Far,280.011636544883,West,West,Isolated,Explicit,f,,,,,,25,3
27656,29561,281.303078085218,Medium,58.3841338648409,Northeast,Northeast,Isolated,Explicit,f,,,,,,25,3
27656,33751,242.093018003458,Medium,65.6081538484178,Northeast,Northeast,Isolated,Explicit,t,,,,,,25,3
27656,25284,242.639439305296,Medium,60.8240893007398,Northeast,Northeast,Isolated,Explicit,f,,,,,,25,3
27656,34221,355.448331575414,Medium,68.7313530916636,East,East,Isolated,Explicit,f,,,,,,25,3
27656,33513,330.359916010756,Medium,71.1888933290452,East,East,Isolated,Explicit,f,,,,,,25,3
27656,29907,331.88817638545,Medium,71.0966323706194,East,East,Isolated,Explicit,f,,,,,,25,3
27656,35641,435.021086240562,Medium,122.851125949798,Southeast,Southeast,Isolated,Explicit,f,,,,,,25,3
27656,24727,378.603322480713,Medium,69.6601538246645,East,East,Isolated,Explicit,f,,,,,,25,3
27656,28609,357.499572042907,Medium,74.8684257353796,East,East,Isolated,Explicit,f,,,,,,25,3
28182,34704,551.861858071844,Far,238.257840088708,Southwest,Southwest,Isolated,Explicit,f,,,,,,10,3
28182,30073,858.340129043867,Far,122.909673161486,Southeast,Southeast,Isolated,Explicit,f,,,,,,10,3
28182,33283,504.114605963721,Far,171.981596440224,South,South,Isolated,Explicit,f,,,,,,10,3
28182,35010,444.586279986777,Medium,178.855569543945,South,South,Isolated,Explicit,t,,,,,,10,3
28182,33106,629.95171364472,Far,180.633678251153,South,South,Isolated,Explicit,f,,,,,,10,3
28182,35106,626.164521130518,Far,188.972236486191,South,South,Isolated,Explicit,f,,,,,,10,3
28182,33275,498.774266837624,Medium,195.231753357061,South,South,Isolated,Explicit,f,,,,,,10,3
28182,32560,524.19503925341,Far,193.984325401898,South,South,Isolated,Explicit,f,,,,,,10,3
28182,34689,544.319399030942,Far,197.818691373247,South,South,Isolated,Explicit,f,,,,,,10,3
28182,31743,719.58469353114,Far,193.713465970297,South,South,Isolated,Explicit,f,,,,,,10,3
28580,28608,40.7968643029323,VeryClose,276.036234001448,West,West,Isolated,Explicit,f,,,,,,3,3
28580,33499,68.3237716693118,Close,221.188372723504,Southwest,Southwest,Isolated,Explicit,f,,,,,,3,3
28580,35638,165.721882398827,Close,206.10873683863,Southwest,Southwest,Isolated,Explicit,f,,,,,,3,3
28581,25835,927.582651911201,Far,200.418009459847,South,South,Isolated,Explicit,t,,,,,,16,3
28581,33833,797.194197834485,Far,198.46761757689,South,South,Isolated,Explicit,f,,,,,,16,3
28581,33731,33.5855279522683,VeryClose,328.166052466151,Northwest,Northwest,Isolated,Explicit,f,,,,,,16,3
28581,33890,357.316599306946,Medium,24.479911465119,Northeast,Northeast,Isolated,Explicit,f,,,,,,16,3
28581,34266,371.428731681759,Medium,29.7791833882486,Northeast,Northeast,Isolated,Explicit,f,,,,,,16,3
28581,29604,418.62719992828,Medium,26.1270492301337,Northeast,Northeast,Isolated,Explicit,f,,,,,,16,3
28581,29553,523.083540670477,Far,29.9329582089478,Northeast,Northeast,Isolated,Explicit,f,,,,,,16,3
28581,35628,911.47830354789,Far,21.115593648329,North,North,Isolated,Explicit,t,,,,,,16,3
28581,29892,935.857009943738,Far,17.7146106496902,North,North,Isolated,Explicit,f,,,,,,16,3
28581,35622,846.799247584735,Far,25.8887614696725,Northeast,Northeast,Isolated,Explicit,f,,,,,,16,3
28581,28599,877.915770321192,Far,22.3633258127476,North,North,Isolated,Explicit,t,,,,,,16,3
28581,31222,909.565776937427,Far,22.2517855568099,North,North,Isolated,Explicit,t,,,,,,16,3
28581,29517,922.94261626907,Far,22.135709664256,North,North,Isolated,Explicit,t,,,,,,16,3
28581,33614,890.407450214352,Far,23.5411371169628,Northeast,Northeast,Isolated,Explicit,f,,,,,,16,3
28581,34253,879.626308433451,Far,24.1832899721201,Northeast,Northeast,Isolated,Explicit,f,,,,,,16,3
28585,35618,62.1400107185246,Close,139.788583617194,Southeast,Southeast,Isolated,Explicit,f,,,,,,2,3
28595,35608,501.231560498884,Far,289.808631464143,West,West,Isolated,Explicit,f,,,,,,2,3
28623,32640,212.231408907166,Medium,221.019243709091,Southwest,Southwest,Isolated,Explicit,f,,,,,,63,4
28623,32819,211.62374309133,Medium,210.695162594686,Southwest,Southwest,Isolated,Explicit,f,,,,,,63,4
28623,24771,665.009916956969,Far,355.277264313381,North,North,Isolated,Explicit,f,,,,,,63,4
28623,33148,552.174002509561,Far,354.701337790448,North,North,Isolated,Explicit,f,,,,,,63,4
28623,34244,634.191868728002,Far,357.062456234527,North,North,Isolated,Explicit,f,,,,,,63,4
28623,30919,816.783072283569,Far,352.648805408183,North,North,Isolated,Explicit,f,,,,,,63,4
28623,33435,691.580303405003,Far,348.458694923105,North,North,Isolated,Explicit,f,,,,,,63,4
28623,33313,930.999743087834,Far,347.33298569626,North,North,Isolated,Explicit,f,,,,,,63,4
28623,29587,826.786475253203,Far,348.338818847663,North,North,Isolated,Explicit,f,,,,,,63,4
28623,32884,257.49415458561,Medium,219.945555567901,Southwest,Southwest,Isolated,Explicit,f,,,,,,63,4
28623,32917,283.01637557539,Medium,222.112089067775,Southwest,Southwest,Isolated,Explicit,f,,,,,,63,4
28623,32919,279.982216288338,Medium,222.203930170776,Southwest,Southwest,Isolated,Explicit,f,,,,,,63,4
28623,32777,291.697139343699,Medium,224.805687115995,Southwest,Southwest,Isolated,Explicit,t,,,,,,63,4
28623,32899,286.542429367012,Medium,221.865861800246,Southwest,Southwest,Isolated,Explicit,f,,,,,,63,4
28623,29666,920.311590033717,Far,342.15610818505,North,North,Isolated,Explicit,f,,,,,,63,4
28623,28454,790.159597299366,Far,341.941866187559,North,North,Isolated,Explicit,f,,,,,,63,4
28623,28439,807.804942630896,Far,338.407491923707,North,North,Isolated,Explicit,f,,,,,,63,4
28623,32665,910.423735367396,Far,339.714489084633,North,North,Isolated,Explicit,f,,,,,,63,4
28623,32445,907.543847811525,Far,340.006557074112,North,North,Isolated,Explicit,f,,,,,,63,4
28623,32602,922.01128327516,Far,340.402602496989,North,North,Isolated,Explicit,f,,,,,,63,4
28623,29993,401.97132683544,Medium,276.134674133418,West,West,Isolated,Explicit,f,,,,,,63,4
28623,26618,383.216905382092,Medium,270.352068271895,West,West,Isolated,Explicit,f,,,,,,63,4
28623,29894,357.798325055569,Medium,261.517375356108,West,West,Isolated,Explicit,f,,,,,,63,4
28623,33662,952.642657554388,Far,206.120497884429,Southwest,Southwest,Isolated,Explicit,f,,,,,,63,4
28623,33237,966.712612717716,Far,207.144962592079,Southwest,Southwest,Isolated,Explicit,f,,,,,,63,4
28623,33014,950.261574466677,Far,208.126208025304,Southwest,Southwest,Isolated,Explicit,f,,,,,,63,4
28623,32752,445.727098641449,Medium,276.433000759064,West,West,Isolated,Explicit,f,,,,,,63,4
28623,32747,445.775069367367,Medium,276.288824300489,West,West,Isolated,Explicit,f,,,,,,63,4
28623,32085,453.978687107808,Medium,276.498614298702,West,West,Isolated,Explicit,f,,,,,,63,4
28623,33850,656.565833173202,Far,280.189603661819,West,West,Isolated,Explicit,f,,,,,,63,4
28623,34316,708.757098743879,Far,290.899098730124,West,West,Isolated,Explicit,t,,,,,,63,4
28623,34208,766.400221158361,Far,283.792195828062,West,West,Isolated,Explicit,f,,,,,,63,4
28623,28578,841.187653521267,Far,295.304799462467,Northwest,Northwest,Isolated,Explicit,f,,,,,,63,4
28623,33463,749.425762172585,Far,288.004192146906,West,West,Isolated,Explicit,f,,,,,,63,4
28623,35654,920.018710944172,Far,220.625662030605,Southwest,Southwest,Isolated,Explicit,f,,,,,,63,4
28623,28596,882.885852565673,Far,294.260711097758,Northwest,Northwest,Isolated,Explicit,f,,,,,,63,4
28623,34368,563.180840300282,Far,357.610563317084,North,North,Isolated,Explicit,t,,,,,,63,4
28623,32856,557.175267607371,Far,356.910986721962,North,North,Isolated,Explicit,f,,,,,,63,4
28623,31121,557.506789011843,Far,2.32932418386719,North,North,Isolated,Explicit,f,,,,,,63,4
28623,34480,34.7706571514756,VeryClose,198.608052147302,South,South,Isolated,Explicit,f,,,,,,63,4
28623,29979,452.264258903444,Medium,6.65220298255064,North,North,Isolated,Explicit,f,,,,,,63,4
28623,30803,359.573678709103,Medium,13.9699477557822,North,North,Isolated,Explicit,f,,,,,,63,4
29469,30087,950.151784377857,Far,182.473560700292,South,South,Isolated,Explicit,f,,,,,,22,3
29469,29895,744.637913043738,Far,240.444141221862,Southwest,Southwest,Isolated,Explicit,f,,,,,,22,3
29469,27132,915.396251259506,Far,231.025268526685,Southwest,Southwest,Isolated,Explicit,f,,,,,,22,3
29469,27131,918.52853665466,Far,231.627468307734,Southwest,Southwest,Isolated,Explicit,f,,,,,,22,3
29469,27076,942.786647208298,Far,238.209883084417,Southwest,Southwest,Isolated,Explicit,f,,,,,,22,3
29469,24505,968.538827028398,Far,237.835807995205,Southwest,Southwest,Isolated,Explicit,f,,,,,,22,3
29469,32019,955.95960207266,Far,240.629473957309,Southwest,Southwest,Isolated,Explicit,f,,,,,,22,3
29469,28138,955.907913875326,Far,236.361627361091,Southwest,Southwest,Isolated,Explicit,f,,,,,,22,3
29469,30546,931.625031115859,Far,234.109691924572,Southwest,Southwest,Isolated,Explicit,f,,,,,,22,3
29469,26500,941.134248149256,Far,232.714139882992,Southwest,Southwest,Isolated,Explicit,f,,,,,,22,3
29469,30405,935.063725754251,Far,233.410770852932,Southwest,Southwest,Isolated,Explicit,f,,,,,,22,3
29469,30408,944.601019852184,Far,233.816031752339,Southwest,Southwest,Isolated,Explicit,f,,,,,,22,3
29469,31181,574.673761537397,Far,239.07900404545,Southwest,Southwest,Isolated,Explicit,f,,,,,,22,3
29469,33027,761.534522500122,Far,213.431869599549,Southwest,Southwest,Isolated,Explicit,f,,,,,,22,3
29469,33678,659.868173230852,Far,220.790662679958,Southwest,Southwest,Isolated,Explicit,f,,,,,,22,3
29485,31078,865.715517439663,Far,227.244942623177,Southwest,Southwest,Isolated,Explicit,f,,,,,,23,3
29485,30835,889.631340777265,Far,227.678736592911,Southwest,Southwest,Isolated,Explicit,f,,,,,,23,3
29485,31296,743.781100387724,Far,247.983819700789,West,West,Isolated,Explicit,f,,,,,,23,3
29485,30837,924.046903263927,Far,227.438651876719,Southwest,Southwest,Isolated,Explicit,f,,,,,,23,3
29485,30719,923.112411313189,Far,229.919449878454,Southwest,Southwest,Isolated,Explicit,f,,,,,,23,3
29485,29608,930.698177508626,Far,230.459143827061,Southwest,Southwest,Isolated,Explicit,f,,,,,,23,3
29485,30735,950.977104332298,Far,230.207463355955,Southwest,Southwest,Isolated,Explicit,f,,,,,,23,3
29485,30859,953.014537620686,Far,230.498684776032,Southwest,Southwest,Isolated,Explicit,f,,,,,,23,3
29485,30788,997.815651520054,Far,232.671382976737,Southwest,Southwest,Isolated,Explicit,f,,,,,,23,3
29485,30760,961.479302459368,Far,230.902153750722,Southwest,Southwest,Isolated,Explicit,f,,,,,,23,3
29485,30781,990.326902036093,Far,113.162773486416,Southeast,Southeast,Isolated,Explicit,f,,,,,,23,3
29485,30832,965.569035267157,Far,112.428605668973,East,East,Isolated,Explicit,t,,,,,,23,3
29485,24817,907.48462169859,Far,104.456504801816,East,East,Isolated,Explicit,f,,,,,,23,3
29485,30883,918.691504209251,Far,106.804144669282,East,East,Isolated,Explicit,f,,,,,,23,3
29485,30906,813.400305311897,Far,112.407179973031,East,East,Isolated,Explicit,t,,,,,,23,3
29485,31042,919.986092887042,Far,132.648569742737,Southeast,Southeast,Isolated,Explicit,t,,,,,,23,3
29485,30715,834.259377822623,Far,125.814480267856,Southeast,Southeast,Isolated,Explicit,f,,,,,,23,3
29485,30767,804.211352584168,Far,120.738081084606,Southeast,Southeast,Isolated,Explicit,f,,,,,,23,3
29485,24758,820.558273454954,Far,122.518107823144,Southeast,Southeast,Isolated,Explicit,f,,,,,,23,3
29485,30713,874.141167815051,Far,124.813756979522,Southeast,Southeast,Isolated,Explicit,f,,,,,,23,3
29485,30908,835.509958353914,Far,120.748586359613,Southeast,Southeast,Isolated,Explicit,f,,,,,,23,3
29485,31051,834.5110016354,Far,120.656535918061,Southeast,Southeast,Isolated,Explicit,f,,,,,,23,3
29485,29936,799.81091687882,Far,118.145945380506,Southeast,Southeast,Isolated,Explicit,f,,,,,,23,3
29499,30794,999.791373987646,Far,183.838426929271,South,South,Isolated,Explicit,f,,,,,,27,3
29499,26244,832.007060215193,Far,158.569708590303,South,South,Isolated,Explicit,f,,,,,,27,3
29499,25206,812.129147659295,Far,157.334375269249,Southeast,Southeast,Isolated,Explicit,t,,,,,,27,3
29499,25227,766.867217956463,Far,42.329309464033,Northeast,Northeast,Isolated,Explicit,f,,,,,,27,3
29499,35192,665.272756734943,Far,196.302425723664,South,South,Isolated,Explicit,f,,,,,,27,3
29499,32075,477.314885076799,Medium,209.882756002432,Southwest,Southwest,Isolated,Explicit,f,,,,,,27,3
29499,32756,489.339477456641,Medium,211.286205668152,Southwest,Southwest,Isolated,Explicit,f,,,,,,27,3
29499,33251,715.506326787035,Far,203.87488962279,Southwest,Southwest,Isolated,Explicit,f,,,,,,27,3
29499,32122,750.821648841769,Far,201.826780640053,South,South,Isolated,Explicit,t,,,,,,27,3
29499,31090,536.363685664267,Far,213.717111831829,Southwest,Southwest,Isolated,Explicit,f,,,,,,27,3
29499,27567,764.117070645457,Far,209.196189895121,Southwest,Southwest,Isolated,Explicit,f,,,,,,27,3
29499,29507,552.506553153285,Far,219.453380814204,Southwest,Southwest,Isolated,Explicit,f,,,,,,27,3
29499,30855,515.689644621651,Far,230.617567668664,Southwest,Southwest,Isolated,Explicit,f,,,,,,27,3
29499,25802,581.363896888002,Far,221.356986534393,Southwest,Southwest,Isolated,Explicit,f,,,,,,27,3
29499,34358,759.535658824743,Far,209.638446742818,Southwest,Southwest,Isolated,Explicit,f,,,,,,27,3
29499,25256,692.133180555262,Far,217.921487381803,Southwest,Southwest,Isolated,Explicit,f,,,,,,27,3
29499,24786,599.298201993688,Far,223.238082075408,Southwest,Southwest,Isolated,Explicit,t,,,,,,27,3
29499,25079,460.554888439188,Medium,245.580361955772,Southwest,Southwest,Isolated,Explicit,t,,,,,,27,3
29499,35518,455.029424027026,Medium,267.902577689308,West,West,Isolated,Explicit,t,,,,,,27,3
29499,33527,962.488700350823,Far,293.913362480635,Northwest,Northwest,Isolated,Explicit,f,,,,,,27,3
29499,25830,975.828531601999,Far,293.637839480078,Northwest,Northwest,Isolated,Explicit,f,,,,,,27,3
29499,35448,776.604839753626,Far,46.0613049739482,Northeast,Northeast,Isolated,Explicit,f,,,,,,27,3
29499,29817,607.738913870485,Far,89.8310883603762,East,East,Isolated,Explicit,t,,,,,,27,3
29504,32577,811.98671052103,Far,348.269607985517,North,North,Isolated,Explicit,f,,,,,,71,4
29504,32774,819.104645413712,Far,348.392244592316,North,North,Isolated,Explicit,f,,,,,,71,4
29504,32981,750.21302529779,Far,345.236349421817,North,North,Isolated,Explicit,f,,,,,,71,4
29504,24958,547.07159485977,Far,338.293644441164,North,North,Isolated,Explicit,f,,,,,,71,4
29504,24412,547.660326482732,Far,337.64542727293,North,North,Isolated,Explicit,f,,,,,,71,4
29504,32590,404.107450751823,Medium,330.528733708797,Northwest,Northwest,Isolated,Explicit,f,,,,,,71,4
29504,34744,390.272882319655,Medium,331.867028259358,Northwest,Northwest,Isolated,Explicit,f,,,,,,71,4
29504,24612,336.469372315916,Medium,328.943604291429,Northwest,Northwest,Isolated,Explicit,f,,,,,,71,4
29504,35509,527.841344622398,Far,339.916877551115,North,North,Isolated,Explicit,f,,,,,,71,4
29504,32536,507.111947857287,Far,342.548460480685,North,North,Isolated,Explicit,f,,,,,,71,4
29504,30542,465.957738404087,Medium,341.138532840284,North,North,Isolated,Explicit,f,,,,,,71,4
29504,24669,448.938881104584,Medium,340.41307386677,North,North,Isolated,Explicit,f,,,,,,71,4
29504,30466,349.313103819042,Medium,331.965922711145,Northwest,Northwest,Isolated,Explicit,f,,,,,,71,4
29504,28130,368.317456566318,Medium,334.93435810403,Northwest,Northwest,Isolated,Explicit,f,,,,,,71,4
29504,27116,189.285017391419,Close,305.007260313228,Northwest,Northwest,Isolated,Explicit,f,,,,,,71,4
29504,35163,493.239518255815,Medium,306.984001204608,Northwest,Northwest,Isolated,Explicit,f,,,,,,71,4
29504,30062,505.275046443508,Far,312.309995542566,Northwest,Northwest,Isolated,Explicit,f,,,,,,71,4
29504,30595,392.90076958913,Medium,242.043318332456,Southwest,Southwest,Isolated,Explicit,f,,,,,,71,4
29504,33676,406.098035105382,Medium,238.431262756756,Southwest,Southwest,Isolated,Explicit,f,,,,,,71,4
29504,27895,479.986096423164,Medium,228.592338648949,Southwest,Southwest,Isolated,Explicit,f,,,,,,71,4
29504,24673,462.161297593819,Medium,228.972393664324,Southwest,Southwest,Isolated,Explicit,f,,,,,,71,4
29504,27094,364.474475377237,Medium,247.821827018042,West,West,Isolated,Explicit,f,,,,,,71,4
29504,25025,387.608575863536,Medium,238.619797897067,Southwest,Southwest,Isolated,Explicit,f,,,,,,71,4
29504,28318,354.201265429372,Medium,244.108356213057,Southwest,Southwest,Isolated,Explicit,f,,,,,,71,4
29504,27163,369.081973300409,Medium,241.484513415272,Southwest,Southwest,Isolated,Explicit,f,,,,,,71,4
29504,26578,349.292456337676,Medium,245.009143594105,Southwest,Southwest,Isolated,Explicit,t,,,,,,71,4
29504,27428,339.965390209667,Medium,247.875820414147,West,West,Isolated,Explicit,f,,,,,,71,4
29504,26843,997.101031197484,Far,220.893421097764,Southwest,Southwest,Isolated,Explicit,f,,,,,,71,4
29504,32036,649.341022428463,Far,250.406211293735,West,West,Isolated,Explicit,f,,,,,,71,4
29504,35655,723.26186519533,Far,253.111898027935,West,West,Isolated,Explicit,f,,,,,,71,4
29504,29765,703.865021616519,Far,251.654681435345,West,West,Isolated,Explicit,f,,,,,,71,4
29504,35157,820.041948493702,Far,286.02043749886,West,West,Isolated,Explicit,f,,,,,,71,4
29504,35348,567.660764815586,Far,25.6670358288865,Northeast,Northeast,Isolated,Explicit,f,,,,,,71,4
29504,27128,935.515149520655,Far,8.88281407085237,North,North,Isolated,Explicit,f,,,,,,71,4
29504,32117,552.31924566377,Far,15.9593458478042,North,North,Isolated,Explicit,f,,,,,,71,4
29504,25314,906.633181110543,Far,4.99671637618113,North,North,Isolated,Explicit,f,,,,,,71,4
29504,32687,855.594764551853,Far,6.40015038208908,North,North,Isolated,Explicit,f,,,,,,71,4
29504,24379,688.232456231973,Far,3.08972724159516,North,North,Isolated,Explicit,f,,,,,,71,4
29504,24605,686.292649085769,Far,2.42950765410398,North,North,Isolated,Explicit,f,,,,,,71,4
29504,34909,958.644753368483,Far,359.914087914609,North,North,Isolated,Explicit,t,,,,,,71,4
29504,35718,758.730278250606,Far,355.550849848314,North,North,Isolated,Explicit,f,,,,,,71,4
29504,26575,576.956099849327,Far,354.550649515918,North,North,Isolated,Explicit,f,,,,,,71,4
29504,32284,608.806295769592,Far,353.852245873688,North,North,Isolated,Explicit,f,,,,,,71,4
29504,30491,766.245654997719,Far,353.799311922781,North,North,Isolated,Explicit,f,,,,,,71,4
29504,25530,600.95621632433,Far,355.628624868449,North,North,Isolated,Explicit,f,,,,,,71,4
29504,30218,761.070357140097,Far,356.252341134697,North,North,Isolated,Explicit,f,,,,,,71,4
29504,25069,372.4145322806,Medium,336.579938319942,Northwest,Northwest,Isolated,Explicit,t,,,,,,71,4
29504,30415,409.523463314059,Medium,339.625497373989,North,North,Isolated,Explicit,f,,,,,,71,4
29504,27539,459.296221108033,Medium,344.822859988808,North,North,Isolated,Explicit,f,,,,,,71,4
29504,30458,517.499074314163,Far,346.2380497712,North,North,Isolated,Explicit,f,,,,,,71,4
29504,26925,440.587817266654,Medium,343.23352969502,North,North,Isolated,Explicit,f,,,,,,71,4
29504,24720,503.956329007576,Far,347.726967400726,North,North,Isolated,Explicit,f,,,,,,71,4
29504,26420,513.108503838646,Far,349.860069440131,North,North,Isolated,Explicit,f,,,,,,71,4
29504,27169,479.578988209218,Medium,348.086552886636,North,North,Isolated,Explicit,f,,,,,,71,4
29504,27143,485.006949582449,Medium,348.223127277389,North,North,Isolated,Explicit,f,,,,,,71,4
29504,25771,570.712234173238,Far,350.245975778273,North,North,Isolated,Explicit,f,,,,,,71,4
29504,29041,567.050541166357,Far,350.347454699866,North,North,Isolated,Explicit,f,,,,,,71,4
29512,29871,578.414492192697,Far,243.29762559422,Southwest,Southwest,Isolated,Explicit,f,,,,,,2,3
29512,32146,996.942886718105,Far,217.267551274788,Southwest,Southwest,Isolated,Explicit,f,,,,,,2,3
29513,25143,858.650768066681,Far,113.379703216903,Southeast,Southeast,Isolated,Explicit,f,,,,,,2,3
29513,31089,916.25891048018,Far,128.29288557023,Southeast,Southeast,Isolated,Explicit,f,,,,,,2,3
29516,35446,805.370563618075,Far,142.115132102951,Southeast,Southeast,Isolated,Explicit,f,,,,,,3,3
29516,31896,323.705363482342,Medium,146.876576932381,Southeast,Southeast,Isolated,Explicit,f,,,,,,3,3
29516,29917,291.880563651317,Medium,132.105175356337,Southeast,Southeast,Isolated,Explicit,f,,,,,,3,3
29518,29967,700.21349630941,Far,78.1122409209237,East,East,Isolated,Explicit,f,,,,,,18,3
29518,35302,816.679195313078,Far,111.472731423242,East,East,Isolated,Explicit,t,,,,,,18,3
29518,24938,692.566239256921,Far,121.267815241454,Southeast,Southeast,Isolated,Explicit,f,,,,,,18,3
29518,25027,692.871672533652,Far,121.091852188172,Southeast,Southeast,Isolated,Explicit,f,,,,,,18,3
29518,33860,167.433211411302,Close,146.535435237758,Southeast,Southeast,Isolated,Explicit,f,,,,,,18,3
29518,34256,167.433211411302,Close,146.535435237758,Southeast,Southeast,Isolated,Explicit,f,,,,,,18,3
29518,29806,171.18777151539,Close,142.747629385255,Southeast,Southeast,Isolated,Explicit,f,,,,,,18,3
29518,35146,837.682039027512,Far,290.545678841329,West,West,Isolated,Explicit,t,,,,,,18,3
29518,35560,975.473077149421,Far,276.959117581517,West,West,Isolated,Explicit,f,,,,,,18,3
29518,27152,946.997885844482,Far,275.860719690963,West,West,Isolated,Explicit,f,,,,,,18,3
29518,26807,963.21123659994,Far,282.639137054629,West,West,Isolated,Explicit,f,,,,,,18,3
29518,25542,941.276006171356,Far,276.207805890865,West,West,Isolated,Explicit,f,,,,,,18,3
29518,35422,933.277875800694,Far,262.327226386076,West,West,Isolated,Explicit,f,,,,,,18,3
29518,24539,906.432659467051,Far,265.713918895788,West,West,Isolated,Explicit,f,,,,,,18,3
29518,30273,903.008230429073,Far,263.454399042315,West,West,Isolated,Explicit,f,,,,,,18,3
29539,32626,633.732566764992,Far,137.801722832623,Southeast,Southeast,Isolated,Explicit,f,,,,,,2,3
29539,35214,837.867152658886,Far,116.372219117867,Southeast,Southeast,Isolated,Explicit,f,,,,,,2,3
29546,32399,892.495874096669,Far,13.0663530183548,North,North,Isolated,Explicit,f,,,,,,31,3
29546,32372,962.470790745529,Far,11.9837620479828,North,North,Isolated,Explicit,f,,,,,,31,3
29546,32371,891.462802035569,Far,13.9633545460139,North,North,Isolated,Explicit,f,,,,,,31,3
29546,32400,971.707239438879,Far,12.0256694827628,North,North,Isolated,Explicit,f,,,,,,31,3
29546,31944,972.24782583051,Far,13.0236664250885,North,North,Isolated,Explicit,f,,,,,,31,3
29546,32396,898.203467995605,Far,14.3303147989866,North,North,Isolated,Explicit,f,,,,,,31,3
29546,29792,872.000725670998,Far,7.21457575876555,North,North,Isolated,Explicit,f,,,,,,31,3
29546,34982,889.187778605387,Far,8.55771860345072,North,North,Isolated,Explicit,f,,,,,,31,3
29546,28197,870.037677586196,Far,3.04237081933885,North,North,Isolated,Explicit,f,,,,,,31,3
29546,29482,865.188148097749,Far,1.12475587719854,North,North,Isolated,Explicit,f,,,,,,31,3
29546,28666,864.330194474798,Far,1.20478922156544,North,North,Isolated,Explicit,f,,,,,,31,3
29546,29625,125.119769684283,Close,9.33315072692749,North,North,Isolated,Explicit,f,,,,,,31,3
29546,29497,925.449262441763,Far,177.900118537981,South,South,Isolated,Explicit,t,,,,,,31,3
29546,29547,830.871056011459,Far,19.1636510398257,North,North,Isolated,Explicit,f,,,,,,31,3
29546,24829,830.927514416134,Far,19.1746919600894,North,North,Isolated,Explicit,f,,,,,,31,3
29546,31925,885.907834506044,Far,17.611371494336,North,North,Isolated,Explicit,f,,,,,,31,3
29546,28524,787.574838129994,Far,354.594646531539,North,North,Isolated,Explicit,f,,,,,,31,3
29546,34538,776.166210412943,Far,354.025556901626,North,North,Isolated,Explicit,f,,,,,,31,3
29546,30230,826.808844996989,Far,356.321070900765,North,North,Isolated,Explicit,f,,,,,,31,3
29546,35113,862.350058180523,Far,357.761147560282,North,North,Isolated,Explicit,t,,,,,,31,3
29546,26565,842.288364113774,Far,353.587076792891,North,North,Isolated,Explicit,f,,,,,,31,3
29546,27327,893.22959920403,Far,352.187093263659,North,North,Isolated,Explicit,f,,,,,,31,3
29546,35539,900.030059168442,Far,346.549718809695,North,North,Isolated,Explicit,f,,,,,,31,3
29546,33044,628.880116983185,Far,341.395620437728,North,North,Isolated,Explicit,f,,,,,,31,3
29546,26297,945.55332945696,Far,343.664480263595,North,North,Isolated,Explicit,f,,,,,,31,3
29546,33986,997.883730590474,Far,344.728618037824,North,North,Isolated,Explicit,f,,,,,,31,3
29546,34490,912.279028765063,Far,344.951355697683,North,North,Isolated,Explicit,f,,,,,,31,3
29546,26850,883.072320449822,Far,345.658968324799,North,North,Isolated,Explicit,f,,,,,,31,3
29560,35442,482.192123360458,Medium,60.3989244390877,Northeast,Northeast,Isolated,Explicit,f,,,,,,9,3
29560,35233,522.959117888651,Far,227.433576130769,Southwest,Southwest,Isolated,Explicit,f,,,,,,9,3
29560,35234,528.430616230112,Far,229.695505607522,Southwest,Southwest,Isolated,Explicit,f,,,,,,9,3
29560,30841,855.627932936466,Far,44.6144820634881,Northeast,Northeast,Isolated,Explicit,t,,,,,,9,3
29578,32132,939.533083873956,Far,299.28656418195,Northwest,Northwest,Isolated,Explicit,f,,,,,,3,3
29578,33992,34.9468216302892,VeryClose,129.227724106061,Southeast,Southeast,Isolated,Explicit,f,,,,,,3,3
29578,24797,32.7498141924675,VeryClose,164.222826446881,South,South,Isolated,Explicit,f,,,,,,3,3
29582,34093,922.472241934231,Far,104.172567368865,East,East,Isolated,Explicit,f,,,,,,4,3
29582,26325,895.527658178822,Far,103.840045881451,East,East,Isolated,Explicit,f,,,,,,4,3
29582,30805,965.039004747827,Far,143.003578468245,Southeast,Southeast,Isolated,Explicit,f,,,,,,4,3
29582,25992,961.998031715828,Far,143.455232070229,Southeast,Southeast,Isolated,Explicit,f,,,,,,4,3
29589,32537,961.253017696618,Far,258.927900578846,West,West,Isolated,Explicit,f,,,,,,1,3
29591,30823,891.452026956277,Far,289.739032195409,West,West,Isolated,Explicit,f,,,,,,14,3
29591,29579,846.671681875507,Far,328.865131037354,Northwest,Northwest,Isolated,Explicit,f,,,,,,14,3
29591,28584,730.750348631473,Far,339.290490682101,North,North,Isolated,Explicit,f,,,,,,14,3
29591,35724,723.781360411536,Far,338.077260771283,North,North,Isolated,Explicit,f,,,,,,14,3
29591,30142,715.320106975239,Far,336.868005251553,Northwest,Northwest,Isolated,Explicit,t,,,,,,14,3
29591,32040,716.231617434458,Far,336.854489838907,Northwest,Northwest,Isolated,Explicit,t,,,,,,14,3
29591,29875,841.672739530868,Far,341.277473544023,North,North,Isolated,Explicit,f,,,,,,14,3
29591,28434,691.920918210572,Far,12.8079545953637,North,North,Isolated,Explicit,f,,,,,,14,3
29591,29257,759.118639211095,Far,343.683671570863,North,North,Isolated,Explicit,f,,,,,,14,3
29591,24773,696.530765635083,Far,345.417321956656,North,North,Isolated,Explicit,f,,,,,,14,3
29591,28606,827.70323307985,Far,31.3997460479928,Northeast,Northeast,Isolated,Explicit,f,,,,,,14,3
29591,31425,803.420180517214,Far,31.0124155804335,Northeast,Northeast,Isolated,Explicit,f,,,,,,14,3
29591,33770,843.204579504154,Far,34.9265166956115,Northeast,Northeast,Isolated,Explicit,f,,,,,,14,3
29591,29607,803.679370391851,Far,51.0529155457381,Northeast,Northeast,Isolated,Explicit,f,,,,,,14,3
29609,30442,873.714575834481,Far,94.8025293793414,East,East,Isolated,Explicit,f,,,,,,25,3
29609,26557,737.622762355463,Far,114.462684614217,Southeast,Southeast,Isolated,Explicit,f,,,,,,25,3
29609,32505,755.567611913494,Far,118.095113207499,Southeast,Southeast,Isolated,Explicit,f,,,,,,25,3
29609,25704,786.104538103192,Far,114.322220879182,Southeast,Southeast,Isolated,Explicit,f,,,,,,25,3
29609,26199,817.279314446767,Far,113.017341333055,Southeast,Southeast,Isolated,Explicit,f,,,,,,25,3
29609,30600,806.245405822707,Far,113.393582232361,Southeast,Southeast,Isolated,Explicit,f,,,,,,25,3
29609,35385,860.299205845925,Far,114.158181438441,Southeast,Southeast,Isolated,Explicit,f,,,,,,25,3
29609,33658,616.130011130549,Far,117.621805636595,Southeast,Southeast,Isolated,Explicit,f,,,,,,25,3
29609,24712,681.393271325452,Far,117.700620216509,Southeast,Southeast,Isolated,Explicit,f,,,,,,25,3
29609,30462,413.631053153407,Medium,110.014760139909,East,East,Isolated,Explicit,t,,,,,,25,3
29609,35014,604.880620673813,Far,139.027668408689,Southeast,Southeast,Isolated,Explicit,f,,,,,,25,3
29609,33684,711.914954050272,Far,148.796871347244,Southeast,Southeast,Isolated,Explicit,f,,,,,,25,3
29609,35051,220.935151408082,Medium,120.547826656635,Southeast,Southeast,Isolated,Explicit,f,,,,,,25,3
29609,26808,263.688895232718,Medium,120.026941554578,Southeast,Southeast,Isolated,Explicit,f,,,,,,25,3
29609,33630,552.116501908961,Far,298.514675584086,Northwest,Northwest,Isolated,Explicit,f,,,,,,25,3
29609,34730,991.670321779829,Far,300.878505577665,Northwest,Northwest,Isolated,Explicit,f,,,,,,25,3
29609,32216,447.507508550845,Medium,296.788503280707,Northwest,Northwest,Isolated,Explicit,f,,,,,,25,3
29609,35642,575.450857883416,Far,240.401685272583,Southwest,Southwest,Isolated,Explicit,f,,,,,,25,3
29609,32079,592.120363800676,Far,243.365567765738,Southwest,Southwest,Isolated,Explicit,f,,,,,,25,3
29609,30431,601.060993585516,Far,242.237498034921,Southwest,Southwest,Isolated,Explicit,f,,,,,,25,3
29622,30704,828.807901628438,Far,183.962149425671,South,South,Isolated,Explicit,f,,,,,,6,3
29622,34559,909.082512163279,Far,160.129584044393,South,South,Isolated,Explicit,f,,,,,,6,3
29622,32137,813.559896491093,Far,174.599908979768,South,South,Isolated,Explicit,f,,,,,,6,3
29622,30805,806.908435043835,Far,71.3846433604463,East,East,Isolated,Explicit,f,,,,,,6,3
29622,25992,798.743947117069,Far,71.3471319686344,East,East,Isolated,Explicit,f,,,,,,6,3
29640,34225,920.398232195974,Far,252.632332277977,West,West,Isolated,Explicit,f,,,,,,7,3
29640,28376,921.452530365415,Far,253.136390182731,West,West,Isolated,Explicit,f,,,,,,7,3
29640,30754,911.410752197282,Far,252.550718288098,West,West,Isolated,Explicit,f,,,,,,7,3
29640,24392,466.040045282415,Medium,14.760035156392,North,North,Isolated,Explicit,f,,,,,,7,3
29654,29566,867.581395868725,Far,230.021657125017,Southwest,Southwest,Isolated,Explicit,f,,,,,,7,3
29654,35640,897.175700364834,Far,62.7223217363096,Northeast,Northeast,Isolated,Explicit,f,,,,,,7,3
29654,31179,874.111508694413,Far,56.852716328429,Northeast,Northeast,Isolated,Explicit,f,,,,,,7,3
29654,35623,864.627729267658,Far,57.099793933129,Northeast,Northeast,Isolated,Explicit,f,,,,,,7,3
29654,24388,919.667519949458,Far,42.8259313800612,Northeast,Northeast,Isolated,Explicit,t,,,,,,7,3
29756,29670,83.5610278204981,Close,135.99767278829,Southeast,Southeast,Isolated,Explicit,f,,,,,,6,3
29756,26665,981.800387080527,Far,341.090277632555,North,North,Isolated,Explicit,f,,,,,,6,3
29756,31997,731.685023154354,Far,331.770106057584,Northwest,Northwest,Isolated,Explicit,f,,,,,,6,3
29756,26238,589.686058179342,Far,307.717217714169,Northwest,Northwest,Isolated,Explicit,f,,,,,,6,3
29756,29588,846.449322106573,Far,226.441909351347,Southwest,Southwest,Isolated,Explicit,f,,,,,,6,3
29756,39740,724.91639443251,Far,109.62791616515,East,East,Isolated,Explicit,f,,,,,,6,3
29768,32796,205.612270245992,Medium,273.590460054325,West,West,Isolated,Explicit,f,,,,,,2,3
29768,33865,996.405720503558,Far,214.689004997846,Southwest,Southwest,Isolated,Explicit,f,,,,,,2,3
29889,26644,93.9498255913834,Close,43.6366411484376,Northeast,Northeast,Isolated,Explicit,t,,,,,,18,3
29889,27606,89.2168431910832,Close,180.385206838824,South,South,Isolated,Explicit,f,,,,,,18,3
29889,30450,187.53230946796,Close,69.0241248824559,East,East,Isolated,Explicit,f,,,,,,18,3
29889,35026,316.408905483698,Medium,141.862723479596,Southeast,Southeast,Isolated,Explicit,f,,,,,,18,3
29889,32006,536.84716107908,Far,139.319314039779,Southeast,Southeast,Isolated,Explicit,f,,,,,,18,3
29889,28687,511.37115006776,Far,137.55661531707,Southeast,Southeast,Isolated,Explicit,f,,,,,,18,3
29889,35520,475.71702424995,Medium,49.0657197028163,Northeast,Northeast,Isolated,Explicit,f,,,,,,18,3
29889,32599,320.869378300669,Medium,311.540963942075,Northwest,Northwest,Isolated,Explicit,f,,,,,,18,3
29889,33210,529.726074687837,Far,65.5498096771007,Northeast,Northeast,Isolated,Explicit,t,,,,,,18,3
29889,33241,655.39809596878,Far,107.11005094161,East,East,Isolated,Explicit,f,,,,,,18,3
29889,34754,973.553133536205,Far,66.3223714837693,Northeast,Northeast,Isolated,Explicit,t,,,,,,18,3
29889,28661,832.350266354258,Far,86.9117287459099,East,East,Isolated,Explicit,f,,,,,,18,3
29891,30334,995.105959611058,Far,258.598600727241,West,West,Isolated,Explicit,f,,,,,,18,3
29891,35143,986.744626787605,Far,271.754180470755,West,West,Isolated,Explicit,f,,,,,,18,3
29891,34631,790.385055411995,Far,272.370408461581,West,West,Isolated,Explicit,f,,,,,,18,3
29891,34866,894.397995885102,Far,271.986545776843,West,West,Isolated,Explicit,f,,,,,,18,3
29891,27486,725.805629985288,Far,269.287852309726,West,West,Isolated,Explicit,t,,,,,,18,3
29891,25598,694.165954298097,Far,269.356576566748,West,West,Isolated,Explicit,t,,,,,,18,3
29891,32156,692.070040528784,Far,261.552305930301,West,West,Isolated,Explicit,f,,,,,,18,3
29891,27473,674.453486085293,Far,267.234856722217,West,West,Isolated,Explicit,f,,,,,,18,3
29891,30609,670.69460996721,Far,268.357785467868,West,West,Isolated,Explicit,t,,,,,,18,3
29891,30440,588.475146336689,Far,267.091296722217,West,West,Isolated,Explicit,f,,,,,,18,3
29891,26276,610.046857421406,Far,267.183538961731,West,West,Isolated,Explicit,f,,,,,,18,3
29891,35189,733.072421099246,Far,58.632679989904,Northeast,Northeast,Isolated,Explicit,f,,,,,,18,3
29891,30146,637.150117279013,Far,30.985791448335,Northeast,Northeast,Isolated,Explicit,f,,,,,,18,3
29891,35392,458.852926408278,Medium,32.0810384630052,Northeast,Northeast,Isolated,Explicit,f,,,,,,18,3
29896,29556,601.335423255614,Far,338.637869914016,North,North,Isolated,Explicit,f,,,,,,3,3
29896,30834,289.091299724408,Medium,322.066835363167,Northwest,Northwest,Isolated,Explicit,f,,,,,,3,3
29896,29563,395.532452016671,Medium,336.245595768046,Northwest,Northwest,Isolated,Explicit,t,,,,,,3,3
